RPI,Team,Record,SOS,NC_Rec,NC_RPI,NC_SOS,H,R,N,Q1,Q2,Q3,Q4
1,Purdue,29-4,2,11-0,1,1,16-0,7-3,6-1,11-4,6-0,8-0,4-0
2,Houston,30-4,7,13-0,6,85,17-0,7-3,6-1,9-4,8-0,6-0,7-0
3,Connecticut,31-3,81,10-1,27,217,16-0,8-3,7-0,7-2,9-1,5-0,10-0
4,Dayton,24-7,19,10-2,5,10,15-0,6-5,3-2,2-6,5-1,11-0,6-0
5,San Diego State,22-10,3,9-2,2,7,12-1,5-8,5-1,7-9,4-1,5-0,6-0
6,Tennessee,24-8,4,10-3,10,8,14-2,8-3,2-3,9-6,5-2,5-0,5-0
7,North Carolina,27-7,14,8-3,41,42,14-1,8-2,5-4,6-3,9-4,5-0,7-0
8,Drake,27-6,49,8-2,18,39,15-0,6-5,6-1,5-2,3-2,10-2,9-0
9,Iowa State,27-7,30,11-2,111,307,18-0,5-5,4-2,7-4,7-3,2-0,11-0
10,Auburn,26-7,27,11-2,25,98,15-1,5-5,6-1,4-6,8-1,8-0,6-0
11,Arizona,25-8,18,9-2,4,2,15-1,7-4,3-3,6-4,3-2,11-2,5-0
12,Utah State,25-6,62,10-1,7,70,12-1,8-4,5-1,5-6,4-0,7-0,9-0
13,Alabama,21-11,1,8-5,34,3,14-2,5-5,2-4,6-9,5-2,6-0,4-0
14,Illinois,25-8,25,9-2,29,69,15-3,6-5,4-0,4-6,7-0,7-2,7-0
15,Marquette,25-9,22,9-2,11,22,14-2,7-5,4-2,4-6,7-2,5-1,9-0
16,Kansas,21-10,9,11-1,9,49,15-1,3-7,3-2,7-5,5-4,3-1,6-0
17,New Mexico,25-9,26,11-1,12,94,12-3,5-6,8-0,8-6,1-2,6-0,10-1
18,Baylor,22-10,8,10-2,30,84,14-2,4-5,4-3,5-7,8-3,4-0,5-0
19,Colorado State,22-10,12,10-1,8,30,13-2,4-7,5-1,6-8,3-1,5-1,8-0
20,Wisconsin,22-12,6,8-3,33,32,14-3,3-9,5-0,5-7,6-3,7-2,4-0
21,Florida Atlantic,25-8,67,10-3,22,26,13-1,5-5,7-2,1-4,8-1,6-2,10-1
22,Nevada,25-7,75,12-1,24,163,14-2,8-3,3-2,6-5,3-1,8-1,8-0
23,Princeton,22-4,153,10-1,15,122,10-0,11-3,1-1,1-2,3-1,7-1,11-0
24,Florida,24-10,38,10-3,42,91,14-1,3-7,7-2,4-7,5-2,7-1,8-0
25,Creighton,23-9,48,9-2,19,61,14-2,8-5,1-2,4-5,6-2,5-2,8-0
26,Grand Canyon,27-4,173,9-1,17,81,16-0,8-3,3-1,1-1,1-1,10-2,15-0
27,Colorado,24-10,45,9-2,28,88,16-1,4-7,4-2,2-5,6-2,7-3,9-0
28,Indiana State,27-6,134,8-2,90,320,12-1,9-4,6-1,2-4,4-0,8-1,13-1
29,Samford,27-5,181,9-2,43,201,16-0,8-5,3-0,0-2,3-0,13-3,11-0
30,Duquesne,22-11,21,9-3,23,17,12-4,5-6,5-1,3-5,5-3,7-3,7-0
31,Boise State,20-10,17,7-4,65,37,11-3,7-3,2-4,7-7,1-2,4-1,8-0
32,Yale,19-9,73,7-6,37,21,7-2,9-6,3-1,1-5,4-0,5-3,9-1
33,Vermont,26-6,142,8-5,66,80,14-1,10-4,2-1,0-1,5-1,9-3,12-1
34,Duke,24-8,80,9-2,62,151,15-3,7-4,2-1,3-3,6-5,7-0,8-0
35,Clemson,21-11,23,10-1,3,25,12-4,6-6,3-1,4-3,8-5,3-3,6-0
36,Texas Tech,23-10,43,11-2,71,266,15-2,4-6,4-2,5-5,3-5,7-0,8-0
37,Gonzaga,24-7,105,9-4,58,56,12-2,8-2,4-3,3-4,2-3,6-0,13-0
38,South Carolina,26-7,109,12-1,67,327,14-3,8-3,4-1,6-5,6-0,2-2,12-0
39,Saint Mary's (CA),25-7,89,8-6,113,31,13-4,9-0,3-3,4-2,3-2,5-3,13-0
40,Nebraska,23-10,68,10-1,60,224,18-1,3-8,2-1,4-6,6-2,5-2,8-0
41,Mississippi State,21-13,11,11-2,31,119,11-4,2-8,8-1,4-9,3-3,7-0,7-1
42,Kentucky,23-9,63,10-3,110,192,14-4,7-3,2-2,6-5,3-3,4-1,10-0
43,Bradley,21-11,40,7-3,20,6,12-3,6-6,3-2,2-7,1-1,8-2,10-1
44,Brigham Young,23-10,72,12-1,52,295,16-2,3-7,4-1,4-6,4-3,6-1,9-0
45,Syracuse,19-12,16,8-2,16,19,14-2,4-7,1-3,4-6,3-5,4-1,8-0
46,Washington State,24-9,96,9-2,72,203,15-2,6-4,3-3,5-3,2-2,7-4,10-0
47,McNeese State,26-3,288,7-2,14,54,12-0,11-3,3-0,2-0,0-2,7-0,17-1
48,Virginia,23-10,91,9-2,45,139,15-2,5-6,3-2,2-5,7-4,4-1,10-0
49,South Florida,24-7,131,7-4,158,174,15-2,7-4,2-1,2-1,4-3,5-1,13-2
50,Oregon,23-11,71,8-3,91,156,13-3,6-5,4-3,3-6,2-2,9-3,9-0
51,Loyola (IL),22-9,98,7-5,186,195,14-2,7-4,1-3,2-4,3-3,10-1,7-1
52,UAB,21-11,51,7-5,101,53,11-5,7-5,3-1,3-3,3-5,9-0,6-3
53,Cornell,20-7,164,9-3,54,223,8-1,10-5,2-1,1-5,1-1,6-0,12-1
54,Virginia Commonwealth,22-12,29,8-5,117,41,13-6,5-4,4-2,2-5,5-4,9-1,6-2
55,Appalachian State,25-6,228,8-3,48,117,13-0,8-4,4-2,2-0,2-0,7-5,14-1
56,Memphis,22-10,111,11-2,26,130,13-2,7-6,2-2,3-3,3-4,8-2,8-1
57,UC Irvine,23-9,170,6-5,83,123,12-0,8-8,3-1,0-4,1-1,9-3,13-1
58,Michigan State,19-14,10,8-3,46,18,14-4,3-7,2-3,3-10,1-2,11-2,4-0
59,Richmond,23-9,123,8-5,215,310,15-1,7-5,1-3,3-3,2-4,10-2,8-0
60,Northwestern,21-11,78,9-2,148,329,15-2,4-7,2-2,4-7,3-1,7-2,7-1
61,Texas,20-12,32,11-2,53,196,14-4,4-6,2-2,5-8,1-2,6-2,8-0
62,College of Charleston,26-7,174,8-4,100,160,12-2,10-2,4-3,0-3,3-1,11-3,12-0
63,Texas A&M,20-14,31,9-4,74,107,10-5,6-6,4-3,6-7,6-4,1-3,7-0
64,Nevada-Las Vegas,17-12,28,5-5,131,28,10-5,7-3,0-4,6-7,1-2,5-0,5-3
65,James Madison,30-3,325,12-0,59,334,13-1,12-2,5-0,1-1,3-1,6-1,20-0
66,Mississippi,20-12,58,13-0,13,172,14-4,4-7,2-1,2-7,4-5,7-0,7-0
67,Indiana,19-14,24,8-3,86,87,13-5,4-6,2-3,2-9,2-3,8-2,7-0
68,Pittsburgh,22-11,95,9-2,133,314,13-5,7-4,2-2,3-5,4-4,4-1,11-1
69,NC State,22-14,60,8-3,164,305,12-5,4-7,6-2,5-8,2-5,6-1,9-0
70,TCU,21-12,85,11-2,137,348,12-4,6-5,3-3,2-10,5-1,4-1,10-0
71,St. John's (NY),20-13,65,8-3,106,175,12-4,5-6,3-3,1-7,4-4,8-1,7-1
72,Akron,22-10,151,6-5,44,11,11-1,7-6,4-3,0-4,1-2,7-2,14-2
73,Oklahoma,20-12,64,12-1,51,262,14-4,3-6,3-2,2-8,4-4,6-0,8-0
74,Ohio State,20-13,59,10-1,32,147,13-4,2-8,5-1,3-7,3-3,7-3,7-0
75,Cincinnati,20-14,37,11-2,47,173,14-5,4-7,2-2,3-9,2-3,6-1,9-1
76,Providence,21-13,74,9-2,50,152,14-4,4-7,3-2,4-7,3-3,2-3,12-0
77,Utah,19-14,47,9-2,21,46,14-2,2-9,3-3,2-7,4-3,5-4,8-0
78,Wake Forest,20-13,77,8-3,128,238,16-1,2-9,2-3,1-5,8-5,4-3,7-0
79,Seton Hall,20-12,87,7-4,175,205,14-3,5-6,1-3,3-5,3-4,5-3,9-0
80,Oakland,23-11,155,5-6,76,27,10-3,9-7,4-1,0-5,2-0,6-4,15-2
81,George Mason,19-12,94,10-2,39,170,13-3,5-7,1-2,1-4,3-6,8-2,7-0
82,Saint Joseph's,21-13,104,10-3,97,251,14-3,3-9,4-1,2-7,4-3,5-2,10-1
83,St. Bonaventure,20-13,88,9-3,109,218,11-4,5-6,4-3,1-7,5-1,5-3,9-2
84,Iowa,18-14,50,8-3,78,179,12-4,4-8,2-2,3-8,3-2,6-3,6-1
85,Tarleton State,20-9,182,4-4,119,148,8-3,10-5,2-1,1-4,1-0,7-1,11-4
86,Morehead State,22-8,265,5-4,55,74,10-1,9-7,3-0,0-3,0-0,6-3,16-2
87,Louisiana Tech,19-10,152,7-5,49,55,11-2,8-7,0-1,0-3,1-1,4-5,14-1
88,Kansas State,19-14,46,10-3,127,252,15-3,2-8,2-3,3-8,4-3,4-3,8-0
89,Northern Iowa,18-14,84,5-5,105,62,10-3,6-8,2-3,1-7,4-2,6-3,7-2
90,Florida State,17-16,20,6-5,123,34,10-7,4-7,3-2,2-7,4-5,6-3,5-1
91,Massachusetts,20-11,115,9-3,114,222,13-3,4-6,3-2,2-2,2-3,6-5,10-1
92,Virginia Tech,18-14,61,8-3,38,45,14-2,2-9,2-3,3-7,3-4,5-2,7-1
93,Charlotte,18-12,110,5-6,165,64,12-2,5-7,1-3,1-4,2-2,5-6,10-0
94,Villanova,18-15,57,7-4,68,57,10-5,4-8,4-2,3-7,2-5,5-2,8-1
95,Belmont,19-13,120,6-4,73,111,11-2,6-9,2-2,1-6,1-1,5-6,12-0
96,UNC Wilmington,18-10,179,6-3,57,168,7-2,10-6,1-2,2-0,2-5,4-3,10-2
97,Hofstra,19-13,128,6-6,77,48,10-2,5-10,4-1,0-5,4-2,6-5,9-1
98,Boston College,19-15,76,9-2,36,110,10-6,6-6,3-3,1-7,4-6,5-2,9-0
99,Xavier,16-17,13,6-5,108,14,11-7,3-8,2-2,1-10,3-3,5-3,7-1
100,High Point,23-8,271,9-4,126,280,13-1,7-5,3-2,0-0,0-3,8-3,15-2
101,Western Carolina,19-10,191,8-2,40,214,9-3,10-6,0-1,0-2,2-2,8-6,9-0
102,Central Florida,17-15,39,9-3,124,211,11-7,3-7,3-1,3-8,3-4,3-3,8-0
103,Southern Methodist,19-12,124,8-4,139,215,13-3,5-7,1-2,0-6,3-2,5-3,11-1
104,Washington,17-15,56,8-3,35,20,11-6,5-6,1-3,1-7,2-3,8-4,6-1
105,San Francisco,22-10,201,10-4,130,281,13-2,6-5,3-3,0-6,0-3,5-1,17-0
106,Georgia,17-16,36,10-3,69,124,12-6,4-6,1-4,1-10,2-5,6-1,8-0
107,Toledo,20-12,148,6-7,125,33,12-3,8-5,0-4,0-4,2-2,6-5,12-1
108,Massachusetts-Lowell,19-10,231,6-4,150,316,9-3,10-7,0-0,0-2,2-2,5-3,12-3
109,Butler,17-14,90,8-2,61,176,11-5,4-7,2-2,3-7,1-6,5-1,8-0
110,UT Arlington,18-13,144,3-6,212,77,10-3,5-10,3-0,0-6,1-2,4-4,13-1
111,Colgate,24-9,276,5-7,81,15,12-3,10-5,2-1,1-5,0-0,2-1,21-3
112,UNC Asheville,19-12,175,5-7,155,68,9-2,5-7,5-3,0-2,1-2,6-7,12-1
113,Sam Houston,19-12,193,5-8,200,162,10-2,7-9,2-1,0-3,1-0,6-5,12-4
114,Montana,20-11,212,6-4,79,108,10-3,8-7,2-1,0-3,0-2,4-3,16-3
115,Eastern Washington,19-11,261,4-7,195,240,9-1,10-9,0-1,0-3,2-3,3-3,14-2
116,UNC Greensboro,19-11,199,7-4,115,264,9-3,7-7,3-1,0-3,3-1,7-5,9-2
117,Drexel,19-12,208,6-6,179,241,12-1,6-10,1-1,0-2,1-4,7-4,11-2
118,Santa Clara,19-13,133,8-6,142,144,10-4,5-6,4-3,3-5,1-4,4-1,11-3
119,North Texas,16-14,97,5-5,208,158,9-4,5-5,2-5,0-6,1-5,8-1,7-2
120,Bryant,18-13,183,6-7,144,187,9-3,8-10,1-0,1-3,0-6,5-2,12-2
121,Louisiana State,17-15,82,8-5,184,200,12-5,3-7,2-3,2-8,3-5,4-1,8-1
122,Southern California,15-18,35,6-5,92,29,9-6,3-9,3-3,1-8,3-4,5-5,6-1
123,Quinnipiac,23-9,289,7-3,136,303,12-3,10-5,1-1,0-1,1-2,4-4,18-2
124,Arkansas,16-17,34,9-4,80,59,12-6,2-7,2-4,1-9,2-6,7-1,6-1
125,UC San Diego,19-11,233,4-6,273,287,12-2,7-8,0-1,0-2,1-1,6-5,12-3
126,Towson,19-14,147,6-6,178,164,11-2,6-6,2-6,1-2,1-5,6-5,11-2
127,Rutgers,15-17,42,8-3,94,185,12-5,3-9,0-3,1-10,4-3,4-4,6-0
128,Arkansas State,18-16,136,5-8,203,138,10-3,5-11,3-2,0-3,2-5,6-6,10-2
129,Weber State,17-12,192,6-4,64,78,9-2,7-7,1-3,2-1,1-1,4-6,10-4
130,Georgia Tech,14-18,44,7-4,75,73,8-7,4-9,2-2,2-5,5-6,4-5,3-2
131,Chattanooga,19-12,209,6-5,209,300,10-4,8-7,1-1,0-3,2-1,8-6,9-2
132,Fairfield,21-12,252,5-5,168,216,9-4,10-6,2-2,1-0,1-2,4-5,15-5
133,Louisiana,17-14,156,6-5,70,60,9-3,5-9,3-2,0-3,1-3,6-5,10-3
134,Stony Brook,19-15,165,6-6,163,143,12-3,4-11,3-1,0-5,1-5,5-3,13-2
135,Youngstown State,18-10,275,4-3,116,232,10-3,8-7,0-0,0-1,0-2,4-5,14-2
136,Western Kentucky,19-11,270,8-3,96,265,9-2,6-7,4-2,0-0,1-1,3-6,15-4
137,Maryland,16-17,86,8-3,145,293,11-6,4-8,1-3,1-8,3-5,4-4,8-0
138,Stetson,19-12,264,5-7,141,132,11-2,6-10,2-0,0-3,1-1,4-0,14-8
139,Troy,17-12,206,4-6,206,82,12-2,5-9,0-1,0-2,2-1,3-9,12-0
140,Wyoming,13-17,79,5-6,176,140,7-5,3-10,3-2,2-10,1-2,3-3,7-2
141,Furman,15-15,129,4-6,221,186,10-2,4-10,1-3,1-4,0-4,7-6,7-1
142,Gardner-Webb,14-16,118,2-10,223,12,6-4,6-8,2-4,0-4,1-4,6-4,7-4
143,Minnesota,18-14,121,9-2,237,357,16-4,2-8,0-2,0-8,4-3,5-2,9-1
144,Arizona State,14-18,54,6-5,99,24,10-5,3-8,1-5,1-6,2-5,8-4,3-3
145,Penn State,16-17,83,6-5,247,220,13-4,2-8,1-5,3-5,3-6,4-5,6-1
146,Davidson,13-17,70,8-3,56,121,7-7,4-8,2-2,1-6,1-5,4-4,7-2
147,Southern Illinois,18-13,158,7-3,197,304,12-5,5-6,1-2,1-4,0-4,5-3,12-2
148,South Dakota State,19-12,235,4-8,222,95,8-3,6-5,5-4,0-0,0-4,4-2,15-6
149,Seattle,18-14,163,6-4,147,146,13-4,4-9,1-1,1-3,0-3,3-6,14-2
150,Long Beach State,19-14,226,6-4,160,315,6-5,9-7,4-2,0-2,2-2,8-5,9-5
151,Wofford,14-15,141,4-6,153,129,8-2,6-9,0-4,1-2,0-4,6-8,7-1
152,Missouri State,17-16,139,8-3,102,289,9-5,4-10,4-1,2-5,0-3,5-5,10-3
153,Tennessee-Martin,17-11,282,3-6,210,199,8-2,9-7,0-2,0-3,0-2,4-2,13-4
154,East Tennessee State,17-16,167,6-5,121,207,8-4,5-11,4-1,0-5,0-4,7-6,10-1
155,UC Davis,18-13,202,3-6,287,269,8-6,8-6,2-1,0-2,2-1,6-6,10-4
156,Saint Peter's,18-13,243,3-5,226,229,7-5,8-8,3-0,0-1,0-4,4-5,14-3
157,Monmouth,18-15,196,7-6,143,189,13-1,2-13,3-1,0-4,1-7,5-2,12-2
158,Saint Louis,12-20,33,6-6,146,71,7-8,3-9,2-3,0-10,1-5,7-4,4-1
159,Lipscomb,18-12,278,7-6,95,120,10-2,6-9,2-1,0-1,1-3,4-4,13-4
160,Texas State,15-18,126,5-6,82,51,7-4,5-11,3-3,0-5,3-3,4-6,8-4
161,Longwood,18-13,259,9-3,88,299,10-3,5-10,3-0,0-1,1-3,4-4,13-5
162,Cleveland State,19-14,242,6-4,87,127,13-3,6-10,0-1,1-2,1-3,4-5,13-4
163,Miami (FL),15-17,100,9-2,85,267,11-6,2-9,2-2,0-8,4-5,4-3,7-1
164,UCLA,15-17,108,4-6,285,204,9-7,5-6,1-4,1-7,2-4,6-3,6-3
165,New Hampshire,15-15,176,7-5,93,188,8-5,7-10,0-0,0-5,2-2,2-4,11-4
166,Nicholls State,17-14,268,2-8,229,100,7-2,8-9,2-3,0-4,1-3,2-3,14-4
167,Ohio,19-13,256,5-7,274,263,11-3,5-7,3-3,0-1,1-3,4-6,14-3
168,Liberty,15-14,162,8-4,63,65,9-3,2-8,4-3,1-3,1-3,7-1,6-7
169,Utah Valley,14-16,145,3-6,152,44,8-4,5-10,1-2,0-3,2-4,3-5,9-4
170,Northern Colorado,17-13,263,5-6,219,259,9-3,7-8,1-2,0-2,1-2,1-5,15-4
171,Wichita State,14-19,102,7-5,112,96,9-5,2-10,3-4,1-5,2-4,5-7,6-3
172,Harvard,13-13,166,8-4,104,208,8-5,5-8,0-0,0-6,2-3,0-1,11-3
173,Michigan,8-24,5,5-6,98,9,5-10,2-10,1-4,2-11,2-6,3-7,1-0
174,Northern Kentucky,16-15,223,3-6,216,116,10-3,6-11,0-1,0-2,0-4,5-6,11-3
175,Grambling,16-14,267,0-10,263,5,6-3,7-9,3-2,0-6,0-0,2-2,14-6
176,Brown,12-17,122,3-11,302,202,4-7,6-8,2-2,3-2,0-7,2-5,7-3
177,Kent State,15-17,143,5-6,122,43,7-6,4-9,4-2,0-3,0-5,4-5,11-4
178,Delaware,18-14,257,7-5,154,230,7-5,8-6,3-3,0-1,2-6,4-4,12-3
179,Milwaukee,18-15,239,3-6,225,106,10-4,6-9,2-2,0-1,0-4,6-7,12-3
180,Austin Peay,16-15,224,4-8,173,58,11-2,4-12,1-1,0-2,0-2,1-9,15-2
181,Merrimack,19-12,322,4-8,193,115,11-2,7-9,1-1,0-5,0-0,2-1,17-6
182,Wright State,16-14,200,3-6,207,66,7-7,7-6,2-1,0-2,1-2,5-7,10-3
183,Evansville,15-17,149,8-2,84,318,9-5,4-11,2-1,0-8,2-2,3-5,10-2
184,Central Michigan,17-14,269,5-7,232,255,9-3,7-9,1-2,1-5,0-1,2-5,14-3
185,Notre Dame,13-20,69,5-6,248,177,9-8,2-10,2-2,0-8,3-5,4-4,6-3
186,Stanford,14-18,107,5-5,244,194,10-6,3-8,1-4,1-5,0-6,8-5,5-2
187,Stephen F. Austin,16-15,203,5-4,174,221,8-5,5-8,3-2,1-3,0-2,3-6,12-4
188,Green Bay,16-14,255,3-6,233,193,8-5,8-8,0-1,0-2,1-1,4-4,11-7
189,California,13-19,92,4-7,281,169,10-6,3-8,0-5,1-6,3-4,5-4,4-5
190,Temple,15-19,135,6-6,217,228,4-9,5-7,6-3,1-4,2-7,2-3,10-5
191,Hawaii,18-14,218,6-4,241,257,11-6,4-6,3-2,0-2,0-4,6-6,12-2
192,San Diego,16-15,178,8-5,167,206,10-6,4-7,2-2,0-3,1-4,2-5,13-3
193,Rhode Island,11-20,55,5-7,188,38,8-8,3-8,0-4,0-5,1-7,6-5,4-3
194,Bowling Green State,18-13,279,7-4,196,312,10-4,5-7,3-2,0-1,0-3,5-4,13-5
195,Illinois State,14-17,137,5-5,224,191,9-6,4-8,1-3,1-4,0-3,6-6,7-4
196,Western Illinois,17-12,315,3-6,254,272,6-5,10-6,1-1,0-2,0-2,3-2,14-6
197,Texas A&M-Corpus Christi,17-11,335,3-6,262,275,9-2,8-7,0-2,0-4,0-1,1-3,16-3
198,Mercer,14-16,172,5-5,204,225,8-5,4-9,2-2,1-3,1-4,3-6,9-3
199,Purdue Fort Wayne,19-12,327,7-2,135,353,9-5,8-7,2-0,0-1,1-3,4-3,14-5
200,La Salle,15-17,154,8-4,227,347,10-6,3-10,2-1,0-5,0-4,5-7,10-1
201,Rider,14-17,205,2-8,267,131,8-4,6-12,0-1,0-3,0-3,5-7,9-4
202,Oklahoma State,12-20,66,8-5,242,286,10-8,1-9,1-3,1-10,1-5,3-4,7-1
203,Southern Mississippi,14-16,194,5-6,134,90,9-3,5-9,0-4,1-2,1-3,5-6,7-5
204,Tulane,13-17,117,8-3,138,243,10-6,2-8,1-3,0-7,1-3,4-6,8-1
205,Maine,14-17,221,7-7,172,258,7-4,5-13,2-0,1-1,0-6,2-3,11-7
206,UTEP,15-16,177,6-6,211,159,10-5,2-9,3-2,0-2,0-2,6-6,9-6
207,Marist,18-13,324,5-4,269,360,9-4,8-8,1-1,0-0,0-2,5-6,13-5
208,Norfolk State,18-11,357,6-7,187,235,9-0,6-8,3-3,1-1,0-2,2-2,15-6
209,Murray State,11-20,99,2-8,306,103,7-8,4-9,0-3,0-5,2-3,3-10,6-2
210,Southern,15-14,312,3-7,120,36,8-2,7-11,0-1,2-4,0-0,0-4,13-6
211,UC Riverside,14-18,184,3-7,255,145,8-5,4-12,2-1,0-3,1-2,4-9,9-4
212,Eastern Kentucky,14-14,246,2-9,279,67,10-4,4-10,0-0,0-2,0-2,2-6,12-4
213,Fordham,13-20,114,6-7,272,242,6-11,4-6,3-3,1-3,1-7,6-4,5-6
214,Portland State,14-15,274,6-4,140,317,8-2,5-11,1-2,0-1,0-3,4-5,10-6
215,Binghamton,13-15,234,6-5,161,273,8-4,5-11,0-0,0-3,0-5,1-4,12-3
216,Iona,16-17,219,5-6,171,92,9-5,5-8,2-4,0-2,1-3,4-8,11-4
217,St. Thomas,17-13,331,7-5,192,333,9-2,6-9,2-2,0-1,0-0,0-5,17-7
218,Winthrop,14-15,250,6-6,191,239,8-5,6-9,0-1,0-2,0-5,2-7,12-1
219,Oregon State,12-19,93,7-3,103,97,11-6,1-9,0-4,1-6,1-6,6-5,4-2
220,Fresno State,11-21,101,6-6,238,237,6-9,3-9,2-3,0-12,0-4,2-3,9-2
221,UC Santa Barbara,14-15,222,5-3,151,245,7-7,6-7,1-1,0-2,0-2,5-6,9-5
222,Montana State,15-16,232,3-7,295,234,8-6,4-10,3-0,0-0,0-4,5-7,10-5
223,West Virginia,9-23,15,5-8,251,76,9-9,0-9,0-5,1-8,2-10,4-4,2-1
224,Cal State Northridge,17-15,294,7-3,220,358,7-7,9-7,1-1,0-1,0-2,4-9,13-3
225,East Carolina,14-18,132,6-6,284,261,10-9,3-7,1-2,0-4,0-7,3-4,11-3
226,Texas Southern,15-15,296,1-9,239,13,6-4,6-10,3-1,0-6,0-0,1-2,14-7
227,Canisius,13-18,189,4-5,89,52,7-4,3-12,3-2,0-2,1-3,3-9,9-4
228,Cal State Fullerton,12-18,185,5-5,118,142,5-7,6-10,1-1,0-4,0-4,3-6,9-4
229,George Washington,14-17,150,10-2,129,338,11-6,1-9,2-2,1-4,0-5,6-4,7-4
230,Central Connecticut State,18-11,355,4-7,258,292,9-4,9-7,0-0,0-0,1-3,1-3,16-5
231,Abilene Christian,14-17,225,4-6,266,279,7-6,5-9,2-2,1-2,0-3,4-6,9-6
232,Little Rock,21-12,347,6-7,335,345,14-4,6-6,1-2,0-0,0-1,6-3,15-8
233,Miami (OH),13-17,227,4-7,260,247,7-6,6-10,0-1,0-1,2-3,2-8,9-5
234,Tulsa,15-15,229,8-3,218,350,13-4,2-9,0-2,0-2,2-4,3-4,10-5
235,Radford,14-17,258,8-5,107,233,6-5,4-11,4-1,0-4,0-3,4-4,10-6
236,Georgia State,12-17,215,4-6,180,161,7-5,5-11,0-1,0-3,1-4,3-4,8-6
237,Northeastern,12-20,171,5-8,189,153,7-5,4-13,1-2,0-2,0-7,5-8,7-3
238,Vanderbilt,9-23,41,5-8,301,212,8-10,1-9,0-4,1-12,2-3,1-7,5-1
239,Tennessee State,14-15,300,3-6,205,157,7-3,5-10,2-2,0-2,0-1,1-8,13-4
240,South Alabama,14-15,272,6-4,201,322,9-5,5-9,0-1,0-2,0-3,4-5,10-5
241,Queens (NC),12-19,187,4-9,182,35,9-3,2-16,1-0,0-3,0-2,4-7,8-7
242,Lamar,17-14,338,4-7,290,319,9-3,5-10,3-1,0-2,0-4,1-2,16-6
243,Marshall,12-20,140,4-8,198,47,7-7,3-9,2-4,0-5,0-5,4-3,8-7
244,Illinois-Chicago,11-21,127,6-4,157,213,5-9,3-10,3-2,1-6,0-3,3-7,7-5
245,North Dakota State,12-17,245,4-8,202,125,7-4,5-11,0-2,0-2,1-1,1-6,10-8
246,Rice,10-21,119,5-7,234,133,5-10,5-7,0-4,2-6,0-3,2-8,6-4
247,Albany (NY),12-19,213,7-7,183,276,7-5,5-13,0-1,0-3,0-7,1-6,11-3
248,Kansas City,13-16,280,3-9,292,226,7-3,6-9,0-4,0-3,0-0,1-6,12-7
249,Pennsylvania,9-18,116,6-7,166,86,7-6,2-10,0-2,0-7,0-3,3-4,6-4
250,Northern Arizona,14-19,262,7-7,162,248,7-5,6-12,1-2,0-2,0-4,3-8,11-5
251,Missouri,8-24,53,8-5,156,181,6-11,2-10,0-3,1-11,0-8,1-4,6-1
252,Alcorn State,13-18,299,0-12,303,23,6-3,7-14,0-1,0-6,0-4,1-2,12-6
253,California Baptist,14-17,238,5-4,246,297,9-7,4-9,1-1,0-3,0-2,5-6,9-6
254,North Alabama,13-17,285,4-8,250,198,8-4,5-13,0-0,0-3,0-2,3-6,10-6
255,Niagara,15-16,313,3-6,312,335,4-9,10-6,1-1,0-1,2-0,4-8,9-7
256,North Dakota,15-14,337,5-7,276,341,6-5,7-8,2-1,0-1,0-1,1-4,14-8
257,Middle Tennessee,12-19,157,4-9,277,141,9-6,1-10,2-3,0-1,1-3,2-11,9-4
258,Northern Illinois,9-20,161,4-7,132,50,3-9,5-11,1-0,0-4,2-2,2-7,5-7
259,Jackson State,15-17,341,4-9,181,155,6-2,7-13,2-2,0-4,1-0,0-4,14-9
260,Columbia,10-14,248,6-4,235,344,6-6,4-8,0-0,0-4,0-3,2-3,8-4
261,Portland,10-21,130,4-9,256,126,7-6,2-11,1-4,0-4,0-5,3-6,7-6
262,Loyola Marymount,11-19,159,6-7,230,150,7-8,3-7,1-4,1-4,0-6,0-5,10-4
263,SIU Edwardsville,14-16,319,4-6,228,231,9-2,2-13,3-1,0-2,0-2,2-6,12-6
264,San Jose State,8-23,103,6-6,231,253,5-9,1-12,2-2,0-12,1-3,1-4,6-4
265,Denver,13-17,297,5-6,190,256,6-4,4-11,3-2,0-2,0-1,2-5,11-9
266,Jacksonville,13-17,310,6-5,149,278,8-3,4-14,1-0,0-2,0-2,1-5,12-8
267,New Mexico State,9-19,138,2-9,282,75,8-3,1-13,0-3,0-4,0-2,1-9,8-4
268,Howard,16-16,339,4-11,293,249,7-4,6-9,3-3,0-1,0-5,1-2,15-8
269,Chicago State,9-18,247,9-18,259,244,3-5,5-12,1-1,1-3,0-1,2-7,6-7
270,North Florida,13-16,305,4-8,304,290,8-5,5-11,0-0,0-0,0-4,2-6,11-6
271,Wagner,14-15,351,4-6,253,326,5-5,9-10,0-0,0-0,1-3,3-3,10-9
272,Pepperdine,11-20,168,5-8,268,167,7-8,3-8,1-4,0-5,0-6,2-4,9-5
273,Bucknell,14-19,302,3-10,265,135,6-8,8-11,0-0,0-2,0-3,1-5,13-9
274,Southeastern Louisiana,12-17,304,2-8,245,83,6-4,6-10,0-3,0-3,1-3,1-3,10-8
275,Air Force,9-22,146,7-5,280,355,4-12,5-8,0-2,2-9,0-2,0-6,7-5
276,Utah Tech,10-20,198,3-7,261,227,6-7,4-13,0-0,0-4,0-4,0-8,10-4
277,Georgetown,9-23,113,7-4,243,308,7-12,2-10,0-1,0-7,0-10,1-5,8-1
278,North Carolina Central,14-13,360,4-7,249,291,7-2,6-9,1-2,0-2,0-1,0-3,14-7
279,Bethune-Cookman,15-16,346,3-8,307,285,9-2,5-11,1-3,0-1,0-1,1-5,14-9
280,Florida Gulf Coast,11-18,266,3-9,264,154,6-5,4-10,1-3,1-3,0-0,1-7,9-8
281,Louisiana-Monroe,9-19,190,3-6,213,112,6-6,3-12,0-1,0-3,0-4,4-6,5-6
282,Kennesaw State,12-16,316,6-5,159,294,6-5,4-11,2-0,0-1,0-2,2-4,10-9
283,Lehigh,12-18,321,1-8,286,113,4-7,8-11,0-0,0-1,0-5,1-3,11-9
284,Idaho State,12-20,283,3-8,338,346,6-5,4-13,2-2,0-1,1-2,3-8,8-9
285,Western Michigan,11-20,241,2-10,326,210,6-7,3-12,2-1,0-3,1-1,2-8,8-8
286,Cal State Bakersfield,11-19,254,3-6,311,323,8-4,2-13,1-2,0-2,0-4,4-8,7-5
287,Ball State,13-16,323,6-5,252,342,7-7,6-8,0-1,0-1,0-2,1-7,12-6
288,Louisville,8-24,106,5-6,334,330,7-11,1-10,0-3,0-6,0-12,3-4,5-2
289,Jacksonville State,11-18,284,5-7,270,325,5-7,5-10,1-1,0-1,1-2,3-6,7-9
290,South Carolina State,12-18,320,3-12,310,171,7-4,5-13,0-1,0-4,0-1,0-5,12-8
291,Charleston Southern,7-20,160,1-9,321,93,4-7,3-12,0-1,0-4,0-3,2-6,5-7
292,UTSA,10-21,207,5-7,319,343,6-9,4-11,0-1,0-3,2-3,0-9,8-6
293,Southern Utah,8-21,186,3-6,240,178,4-8,3-13,1-0,0-3,1-3,2-7,5-8
294,Boston University,15-17,350,4-8,271,277,8-7,7-10,0-0,0-0,0-2,1-4,14-11
295,Eastern Illinois,10-18,290,2-7,318,246,5-6,4-11,1-1,0-4,0-1,2-6,8-7
296,Oral Roberts,9-19,251,3-7,214,89,6-5,2-13,1-1,0-2,0-2,2-6,7-9
297,Mount St. Mary's,13-19,330,4-7,331,359,8-5,5-13,0-1,0-1,0-3,2-7,11-8
298,Sacred Heart,14-16,349,4-9,320,309,9-5,4-11,1-0,0-1,0-2,0-4,14-9
299,The Citadel,8-21,204,5-5,194,288,4-7,2-13,2-1,0-4,0-3,2-11,6-3
300,Valparaiso,6-25,112,3-7,299,182,5-11,1-13,0-1,0-6,0-5,1-9,5-5
301,Alabama State,10-19,307,2-8,177,16,4-5,3-13,3-1,0-5,0-2,1-5,9-7
302,Omaha,11-18,318,3-8,332,324,7-3,2-13,2-2,0-2,0-1,1-4,10-11
303,Le Moyne,12-17,356,2-9,346,337,7-3,5-14,0-0,0-0,0-2,2-6,10-9
304,South Carolina Upstate,7-20,244,2-8,289,250,3-7,4-12,0-1,0-1,1-1,2-10,4-8
305,Eastern Michigan,11-18,314,5-6,275,339,7-6,4-11,0-1,1-1,0-2,0-7,10-8
306,Delaware State,13-18,348,5-9,257,268,5-5,4-11,4-2,0-1,0-1,1-4,12-12
307,Elon,11-19,311,5-6,236,296,6-6,3-12,2-1,0-2,1-4,1-7,9-6
308,Campbell,11-18,301,3-7,355,352,8-6,3-11,0-1,0-1,0-5,3-4,8-8
309,DePaul,3-29,52,3-8,294,109,3-15,0-11,0-3,0-10,0-8,0-7,3-4
310,Texas A&M-Commerce,10-20,298,3-7,199,72,5-7,4-12,1-1,0-5,1-2,0-4,9-9
311,Fairleigh Dickinson,13-17,359,4-9,317,331,5-7,8-9,0-1,0-1,0-1,1-4,12-11
312,Maryland-Baltimore County,10-21,292,4-10,353,356,5-9,5-12,0-0,0-1,0-5,2-6,8-9
313,Sacramento State,8-24,211,2-9,297,166,4-8,2-13,2-3,0-1,0-3,4-10,4-10
314,Florida International,10-22,237,4-10,323,274,8-6,1-12,1-4,0-1,0-4,2-8,8-9
315,Manhattan,6-23,197,2-6,185,63,2-10,4-12,0-1,0-2,1-2,1-10,4-9
316,Presbyterian,11-18,334,5-7,339,362,5-7,5-9,1-2,0-0,0-3,3-7,8-8
317,Robert Morris,8-22,249,2-7,300,197,5-9,3-13,0-0,0-1,0-5,0-10,8-6
318,American,15-16,362,5-7,327,361,7-7,8-9,0-0,0-0,1-3,0-2,14-11
319,Lafayette,10-21,308,0-12,345,105,4-10,6-9,0-2,0-1,1-3,0-5,9-12
320,Georgia Southern,9-24,253,0-13,362,313,6-6,2-14,1-4,0-4,0-5,1-5,8-10
321,Idaho,9-21,281,4-7,298,301,4-10,4-10,1-1,0-1,0-3,2-8,7-9
322,Alabama A&M,11-22,317,1-12,322,79,7-5,3-14,1-3,0-2,0-3,1-8,10-9
323,NJIT,6-21,214,3-8,309,271,4-8,2-13,0-0,0-1,1-4,2-6,3-10
324,North Carolina A&T,7-25,220,2-11,278,118,4-7,2-14,1-4,0-4,0-6,0-6,7-9
325,Dartmouth,4-21,125,2-9,325,180,4-7,0-14,0-0,0-6,0-2,0-5,4-8
326,Old Dominion,6-25,169,3-9,291,149,4-10,1-12,1-3,0-3,0-7,2-6,4-9
327,Morgan State,8-20,306,1-12,336,128,5-5,3-12,0-3,0-3,0-3,0-2,8-12
328,Prairie View,8-21,329,3-8,169,102,3-6,4-15,1-0,0-3,0-1,3-5,5-12
329,Arkansas-Pine Bluff,9-18,353,1-8,288,137,4-6,5-12,0-0,0-4,0-0,2-2,7-12
330,Tennessee Tech,7-21,286,2-8,283,165,4-8,3-13,0-0,0-1,0-2,0-10,7-8
331,Coastal Carolina,7-22,230,1-8,351,219,5-12,1-9,1-1,0-3,0-4,1-6,6-9
332,Bellarmine,5-23,236,1-11,296,104,3-7,2-16,0-0,0-1,0-5,1-7,4-10
333,South Dakota,9-20,332,4-8,324,332,6-6,2-12,1-2,0-1,0-1,1-6,8-12
334,Navy,12-18,361,3-7,348,340,9-5,3-13,0-0,0-0,0-4,0-3,12-11
335,Florida A&M,5-22,260,1-8,170,4,3-7,2-14,0-1,0-5,0-3,0-2,5-12
336,William & Mary,8-23,303,3-8,354,351,5-7,2-13,1-3,0-2,0-3,1-9,7-9
337,Southern Indiana,5-24,273,0-10,344,99,2-10,3-13,0-1,0-3,1-0,0-8,4-13
338,Hampton,6-24,277,2-8,329,260,2-9,1-12,3-3,0-0,0-5,2-9,4-10
339,Texas-Rio Grande Valley,4-25,195,2-7,308,236,3-9,1-14,0-2,0-4,0-2,2-8,2-11
340,Buffalo,3-27,188,1-11,313,101,1-13,2-11,0-3,0-3,0-4,1-7,2-13
341,Siena,4-28,216,1-10,337,136,2-12,2-13,0-3,0-1,0-5,0-12,4-10
342,Holy Cross,9-23,354,2-10,347,321,4-8,4-14,1-1,0-1,0-3,0-5,9-14
343,Northwestern State,7-23,328,0-11,359,254,4-7,3-13,0-3,0-3,0-2,0-4,7-14
344,Central Arkansas,7-23,333,2-12,358,336,3-10,4-13,0-0,0-1,0-1,1-7,6-14
345,Pacific,4-26,217,4-9,328,298,3-12,1-13,0-1,0-3,0-4,1-7,3-12
346,New Orleans,6-23,326,1-8,314,209,3-6,2-15,1-2,0-3,0-2,0-5,6-13
347,Southeast Missouri State,5-22,291,1-8,341,183,4-7,1-14,0-1,0-1,0-3,0-8,5-10
348,Army,8-22,352,2-9,340,270,4-11,4-11,0-0,0-1,0-1,0-5,8-15
349,Lindenwood,6-22,340,3-7,315,328,1-10,3-12,2-0,0-2,0-1,0-6,6-13
350,Long Island University,7-22,342,1-11,356,311,5-5,1-17,1-0,0-0,0-2,1-6,6-14
351,Loyola (MD),6-25,345,1-11,350,282,1-11,5-13,0-1,0-1,0-3,1-2,5-19
352,Cal Poly,3-28,240,3-8,330,306,2-11,0-16,1-1,0-1,0-3,0-13,3-11
353,VMI,1-28,180,0-10,361,284,1-10,0-15,0-3,0-4,0-3,0-13,1-8
354,Saint Francis (PA),6-22,343,3-8,305,283,4-8,2-14,0-0,0-0,0-2,0-6,6-14
355,IUPUI,3-26,295,1-7,357,349,1-10,2-14,0-2,0-1,0-2,1-10,2-13
356,Houston Christian,4-23,309,0-9,352,184,3-8,1-15,0-0,0-5,0-2,0-3,4-13
357,Detroit Mercy,1-31,210,0-11,349,134,1-11,0-20,0-0,0-4,0-3,0-11,1-13
358,Incarnate Word,6-23,358,3-8,342,354,3-8,3-14,0-1,0-2,0-1,0-3,6-17
359,Maryland-Eastern Shore,5-20,336,1-9,343,190,5-4,0-15,0-1,0-2,0-0,0-7,5-11
360,Stonehill,3-27,287,1-13,333,114,3-8,0-19,0-0,0-2,0-4,0-7,3-14
361,Mississippi Valley State,1-30,293,0-13,316,40,1-8,0-22,0-0,0-5,0-4,0-6,1-15
362,Coppin State,2-27,344,1-13,360,302,2-8,0-17,0-2,0-1,0-1,0-6,2-19
