,Rk,School,G,W,L,W_L_Pct,SRS,SOS,W_Conf,L_Conf,W_Home,L_Home,W_Away,L_Away,Pts_Tm,Pts_Opp,Opp_Pace,Opp_ORtg,Opp_FTr,Opp_3PAr,Opp_TS_Pct,Opp_TRB_Pct,Opp_AST_Pct,Opp_STL_Pct,Opp_BLK_Pct,Opp_eFG_Pct,Opp_TOV_Pct,Opp_ORB_Pct,Opp_FTperFGA
0,1,Abilene Christian,15,8,7,0.533,-1.12,-1.54,4.0,2.0,6,3,2,3,1073,999,70.3,92.4,0.217,0.402,0.499,45.0,53.1,12.0,13.4,0.474,19.2,28.1,0.153
1,2,Air Force,19,9,10,0.474,-3.4,3.54,2.0,4.0,7,3,2,5,1178,1281,70.9,94.4,0.331,0.276,0.533,54.2,46.6,11.1,9.9,0.498,23.5,34.2,0.238
2,3,Akron,15,6,9,0.4,-7.71,-6.91,1.0,4.0,3,2,2,6,964,976,69.0,90.5,0.275,0.333,0.476,49.0,57.6,12.2,9.1,0.455,19.0,32.5,0.166
3,4,Alabama,20,15,5,0.75,21.13,2.53,2.0,3.0,10,3,3,1,1484,1112,70.5,78.8,0.257,0.268,0.437,47.5,50.1,10.2,10.4,0.4,23.3,33.1,0.181
4,5,Alabama A&M,17,8,9,0.471,-11.09,-8.53,3.0,2.0,5,2,2,6,1045,1056,70.3,87.8,0.368,0.254,0.492,48.2,50.7,12.6,7.5,0.443,21.8,30.2,0.269
5,6,Alabama State,16,1,15,0.063,-31.49,3.39,1.0,4.0,0,4,1,11,761,1319,74.9,110.1,0.399,0.273,0.546,58.7,59.6,19.3,12.2,0.51,16.5,42.3,0.277
6,7,Albany (NY),17,15,2,0.882,0.82,-12.06,4.0,0.0,8,0,7,2,1155,858,64.8,77.9,0.231,0.321,0.44,44.1,48.1,10.8,9.0,0.404,22.8,28.2,0.169
7,8,Alcorn State,14,3,11,0.214,-19.71,3.21,1.0,2.0,2,1,1,10,680,945,71.2,94.9,0.47,0.388,0.496,52.5,60.3,15.1,7.0,0.445,18.8,33.6,0.324
8,9,American,16,6,10,0.375,-12.47,-8.03,4.0,1.0,3,6,3,4,1003,1074,71.6,92.3,0.319,0.339,0.506,52.7,51.4,13.1,7.4,0.47,21.6,33.3,0.227
9,10,Appalachian State,17,9,8,0.529,-1.93,-3.93,3.0,3.0,6,1,1,7,1217,1183,77.3,89.4,0.35,0.271,0.497,50.3,46.1,10.4,9.5,0.452,21.5,31.8,0.256
10,11,Arizona,17,10,7,0.588,19.71,10.53,2.0,3.0,6,2,2,3,1243,1087,72.3,86.6,0.324,0.338,0.492,51.4,52.7,10.5,5.9,0.459,24.4,35.2,0.217
11,12,Arizona State,17,8,9,0.471,5.37,9.67,0.0,5.0,5,5,0,3,1085,1158,70.0,97.3,0.336,0.321,0.505,53.5,58.9,7.9,7.8,0.469,19.3,37.2,0.234
12,13,Arkansas,19,14,5,0.737,17.77,7.98,2.0,2.0,8,3,3,1,1380,1194,75.5,83.2,0.193,0.302,0.439,50.5,50.4,8.8,9.3,0.41,17.7,28.2,0.14
13,14,Arkansas State,16,9,7,0.563,0.52,-2.28,3.0,3.0,8,3,1,4,1111,989,68.3,89.7,0.246,0.39,0.494,48.5,56.6,7.5,6.9,0.461,21.2,29.1,0.182
14,15,Arkansas-Pine Bluff,16,7,9,0.438,-2.83,1.95,2.0,1.0,4,1,3,5,1241,1173,79.8,91.2,0.38,0.295,0.501,49.4,63.5,10.0,7.8,0.457,21.1,31.0,0.269
15,16,Army,15,5,10,0.333,-21.16,-8.7,2.0,3.0,3,6,2,4,860,962,69.1,92.8,0.294,0.286,0.515,50.8,57.1,12.0,10.2,0.482,20.7,31.3,0.21
16,17,Auburn,18,12,6,0.667,16.05,5.38,1.0,4.0,9,2,3,4,1193,1001,72.6,76.6,0.329,0.245,0.453,49.4,43.9,9.8,6.0,0.407,25.8,29.0,0.234
17,18,Austin Peay,18,9,9,0.5,-3.65,-4.45,2.0,2.0,6,4,1,5,1166,1129,68.3,89.9,0.329,0.303,0.484,48.8,52.2,10.9,6.9,0.443,19.8,30.3,0.234
18,19,Ball State,17,15,2,0.882,8.45,-0.42,5.0,0.0,5,1,8,1,1261,1082,73.2,86.4,0.278,0.321,0.515,51.1,58.9,9.0,7.6,0.49,24.6,26.9,0.185
19,20,Baylor,16,14,2,0.875,30.42,6.74,3.0,2.0,9,0,2,2,1303,924,74.3,77.7,0.265,0.288,0.454,43.9,45.1,9.7,8.0,0.425,23.5,23.9,0.174
20,21,Bellarmine,16,5,11,0.313,-17.73,-1.16,0.0,4.0,3,4,2,7,1064,1220,77.0,98.2,0.338,0.35,0.513,52.8,46.7,11.3,7.2,0.473,19.1,34.8,0.245
21,22,Belmont,16,12,4,0.75,14.67,4.98,5.0,0.0,7,1,4,2,1112,957,70.1,85.3,0.223,0.323,0.451,49.2,47.8,9.1,6.6,0.423,17.9,29.0,0.15
22,23,Bethune-Cookman,16,10,6,0.625,-8.49,-6.49,1.0,2.0,6,2,2,3,1116,955,74.4,79.6,0.327,0.32,0.463,47.9,55.5,10.1,6.1,0.417,25.3,31.0,0.236
23,24,Binghamton,17,5,12,0.294,-13.97,-10.57,0.0,4.0,4,6,1,4,1060,1084,67.1,95.1,0.301,0.238,0.496,52.6,39.9,9.5,4.7,0.474,18.3,33.0,0.186
24,25,Boise State,18,12,6,0.667,1.2,-2.3,3.0,2.0,8,1,3,4,1138,1019,68.5,82.6,0.208,0.337,0.433,45.1,52.7,10.9,9.5,0.408,17.6,25.9,0.136
25,26,Boston College,19,11,8,0.579,12.09,4.41,3.0,3.0,10,1,1,5,1425,1279,74.4,89.9,0.29,0.297,0.526,50.0,56.4,10.0,6.9,0.493,26.0,35.3,0.211
26,27,Boston University,16,11,5,0.688,-6.78,-7.44,3.0,2.0,8,1,3,4,1021,978,67.8,88.1,0.222,0.33,0.462,49.9,56.6,13.8,8.8,0.432,19.0,33.0,0.157
27,28,Bowling Green State,15,10,5,0.667,-0.43,3.37,4.0,1.0,5,1,3,4,993,1050,70.4,99.4,0.255,0.339,0.517,50.6,57.0,9.0,10.1,0.483,17.4,31.2,0.193
28,29,Bradley,16,5,11,0.313,-16.3,-3.3,1.0,4.0,4,3,0,7,981,1170,70.8,102.5,0.254,0.286,0.508,53.1,59.5,13.0,8.4,0.483,14.2,32.7,0.172
29,30,Brigham Young,19,11,8,0.579,7.57,4.79,1.0,5.0,7,2,1,6,1309,1256,70.9,92.6,0.27,0.332,0.48,44.8,52.3,11.6,7.8,0.443,15.2,24.9,0.197
30,31,Brown,16,11,5,0.688,-1.04,-2.44,2.0,1.0,3,3,8,2,1004,928,70.4,82.4,0.24,0.285,0.458,51.7,56.0,11.8,10.5,0.427,22.6,33.2,0.165
31,32,Bryant,17,9,8,0.529,-14.02,-9.42,2.0,2.0,6,2,3,5,1086,1052,68.7,89.5,0.249,0.299,0.494,48.8,54.5,12.2,6.4,0.462,20.7,28.8,0.179
32,33,Bucknell,16,4,12,0.25,-13.22,-1.09,1.0,4.0,4,3,0,9,829,1023,66.8,95.8,0.228,0.304,0.477,54.2,57.3,15.9,11.4,0.452,16.1,35.0,0.153
33,34,Buffalo,15,9,6,0.6,-6.13,-7.06,3.0,2.0,7,2,2,4,1001,948,69.3,91.2,0.298,0.384,0.469,51.1,58.7,10.5,8.6,0.432,18.3,34.0,0.205
34,35,Butler,17,8,9,0.471,2.19,4.87,0.0,6.0,6,4,1,5,1056,1045,65.7,93.6,0.196,0.315,0.497,50.2,57.6,10.9,9.1,0.48,17.8,29.4,0.128
35,36,Cal Poly,16,8,8,0.5,0.46,1.84,4.0,2.0,2,2,6,6,962,984,68.0,89.7,0.352,0.375,0.498,46.8,55.9,12.5,11.2,0.457,21.5,28.9,0.249
36,37,Cal State Bakersfield,15,4,11,0.267,-15.95,-3.45,1.0,5.0,3,3,1,7,866,1033,69.4,98.4,0.323,0.374,0.524,56.2,52.0,8.9,7.6,0.492,19.6,34.5,0.226
37,38,Cal State Fullerton,16,6,10,0.375,-7.62,-0.44,2.0,4.0,2,4,3,5,933,1048,70.4,93.1,0.224,0.346,0.493,53.3,57.3,13.6,9.3,0.464,19.8,33.0,0.164
38,39,Cal State Northridge,16,2,14,0.125,-20.63,-0.96,0.0,6.0,2,7,0,7,861,1160,73.0,98.6,0.28,0.408,0.51,56.7,64.6,14.2,8.5,0.483,19.2,37.8,0.19
39,40,California,17,12,5,0.706,17.84,11.14,2.0,3.0,10,3,2,2,1190,1076,69.1,90.3,0.246,0.289,0.476,48.6,52.7,9.4,8.3,0.445,18.9,32.1,0.174
40,41,California Baptist,15,13,2,0.867,1.68,-6.78,5.0,1.0,6,0,7,2,1163,1036,78.2,86.9,0.266,0.405,0.471,49.7,57.1,9.6,9.5,0.438,19.1,26.7,0.186
41,42,Campbell,15,8,7,0.533,-6.45,-6.6,1.0,3.0,5,1,1,6,928,784,67.5,77.5,0.234,0.299,0.412,46.2,46.3,10.8,8.1,0.379,18.0,26.6,0.158
42,43,Canisius,16,10,6,0.625,-10.78,-11.05,5.0,2.0,4,2,6,4,1001,989,66.1,92.8,0.262,0.333,0.495,48.6,53.4,10.0,10.7,0.459,17.9,28.4,0.195
43,44,Central Arkansas,17,11,6,0.647,-0.97,-3.44,3.0,1.0,6,0,5,5,1143,1009,69.7,84.0,0.308,0.319,0.445,46.3,47.7,10.2,7.6,0.402,18.4,27.0,0.215
44,45,Central Connecticut State,16,4,12,0.25,-17.66,-5.72,2.0,1.0,4,2,0,10,913,1104,69.5,99.2,0.29,0.3,0.515,56.8,49.9,11.1,8.5,0.481,19.6,38.6,0.209
45,46,Central Florida,15,9,6,0.6,10.25,5.04,0.0,5.0,6,4,0,2,980,884,70.8,83.2,0.273,0.304,0.453,44.4,45.5,12.2,8.3,0.42,19.9,28.7,0.184
46,47,Central Michigan,14,2,12,0.143,-16.24,-2.47,1.0,4.0,1,4,1,8,884,1040,74.7,99.5,0.292,0.362,0.504,47.9,55.6,13.2,8.3,0.466,16.2,32.7,0.216
47,48,Charleston Southern,17,5,12,0.294,-17.26,-5.57,2.0,2.0,4,4,1,8,1020,1194,74.1,94.8,0.295,0.303,0.497,49.4,51.5,13.5,6.5,0.459,18.6,33.2,0.216
48,49,Charlotte,18,12,6,0.667,6.11,1.22,5.0,1.0,7,1,4,3,1187,1099,72.6,82.4,0.293,0.346,0.46,46.9,58.6,11.4,7.5,0.424,21.6,27.4,0.2
49,50,Chattanooga,17,14,3,0.824,4.71,-2.89,2.0,0.0,8,1,4,0,1106,923,65.7,82.6,0.329,0.276,0.46,47.9,40.7,8.9,12.1,0.423,20.1,24.4,0.217
50,51,Chicago State,23,1,22,0.043,-31.44,-1.94,,,1,7,0,11,1327,1908,76.6,106.6,0.352,0.31,0.527,55.1,56.8,14.5,5.0,0.493,16.4,39.5,0.243
51,52,Cincinnati,16,9,7,0.563,8.41,7.41,1.0,4.0,6,2,2,3,1022,1006,70.5,89.1,0.295,0.366,0.474,45.8,53.4,9.5,7.6,0.437,18.7,30.7,0.209
52,53,Clemson,18,8,10,0.444,10.71,8.04,1.0,5.0,7,3,0,5,1326,1278,73.0,97.3,0.207,0.363,0.511,49.1,57.6,12.0,6.7,0.493,17.8,31.5,0.138
53,54,Cleveland State,19,16,3,0.842,9.26,-4.47,7.0,1.0,10,0,4,2,1440,1179,72.6,85.4,0.26,0.375,0.472,47.5,62.8,9.3,8.9,0.436,21.7,29.9,0.189
54,55,Coastal Carolina,19,7,12,0.368,-8.66,-0.05,1.0,5.0,3,4,3,7,1270,1401,75.9,96.5,0.328,0.379,0.508,49.0,51.7,12.8,8.2,0.474,20.0,36.9,0.225
55,56,Colgate,16,11,5,0.688,-6.59,-10.72,4.0,1.0,7,2,4,2,992,855,65.0,81.6,0.235,0.216,0.446,46.5,47.4,12.4,3.2,0.421,20.9,28.1,0.151
56,57,College of Charleston,15,11,4,0.733,-5.12,-9.66,3.0,1.0,7,1,4,3,1140,922,76.6,79.6,0.259,0.359,0.445,50.0,59.3,7.9,8.7,0.413,24.4,34.2,0.175
57,58,Colorado,16,15,1,0.938,28.96,11.33,5.0,0.0,8,0,4,0,1303,1021,73.5,86.7,0.297,0.333,0.505,45.7,47.5,8.3,7.6,0.463,23.0,25.3,0.227
58,59,Colorado State,16,12,4,0.75,9.62,-0.98,3.0,2.0,7,2,4,2,1182,987,70.0,87.5,0.217,0.344,0.439,55.2,50.4,7.0,4.4,0.409,15.4,29.0,0.151
59,60,Columbia,16,12,4,0.75,15.5,2.31,3.0,0.0,10,1,2,1,1237,1026,73.0,87.8,0.286,0.297,0.484,45.6,61.5,9.4,8.9,0.444,20.6,30.4,0.211
60,61,Connecticut,18,15,3,0.833,39.94,18.12,7.0,0.0,7,0,6,2,1514,1066,72.7,81.4,0.243,0.359,0.451,46.4,55.3,7.8,4.5,0.418,21.1,28.9,0.171
61,62,Coppin State,16,5,11,0.313,-10.53,1.14,1.0,0.0,1,5,3,6,857,1019,68.2,93.4,0.226,0.307,0.493,55.8,54.2,10.3,9.1,0.465,19.8,36.8,0.161
62,63,Cornell,15,6,9,0.4,-10.05,0.49,0.0,3.0,2,3,4,6,850,1008,69.5,96.6,0.297,0.333,0.505,51.3,61.4,12.8,7.9,0.469,18.9,35.2,0.215
63,64,Creighton,16,13,3,0.813,23.66,13.03,4.0,2.0,6,2,4,1,1195,1025,69.7,92.0,0.308,0.283,0.487,49.9,58.4,8.3,5.5,0.45,17.0,26.8,0.216
64,65,Dartmouth,15,6,9,0.4,-17.3,-8.07,0.0,3.0,3,6,3,3,758,812,63.3,85.6,0.125,0.34,0.456,49.7,58.0,12.2,5.8,0.442,19.6,31.2,0.081
65,66,Davidson,17,13,4,0.765,12.32,-1.91,3.0,3.0,8,2,5,2,1173,931,66.2,82.8,0.292,0.259,0.454,47.0,38.5,10.0,6.4,0.412,21.6,31.1,0.209
66,67,Dayton,17,8,9,0.471,-6.7,-2.07,2.0,4.0,5,3,1,6,1133,1188,71.8,97.3,0.346,0.279,0.527,43.5,52.2,10.6,8.2,0.499,18.0,26.3,0.228
67,68,Delaware,15,6,9,0.4,-3.89,-3.42,2.0,1.0,2,4,3,2,1041,1048,74.8,93.4,0.289,0.328,0.495,48.1,58.8,10.7,8.9,0.461,18.9,30.1,0.205
68,69,Delaware State,15,5,10,0.333,-26.8,-0.1,2.0,0.0,3,2,3,7,886,1141,72.4,103.4,0.238,0.37,0.552,55.1,61.6,12.0,8.7,0.536,20.4,37.1,0.157
69,70,Denver,17,4,13,0.235,-9.8,-2.8,1.0,3.0,3,6,1,7,1038,1128,67.7,97.9,0.27,0.273,0.502,52.1,48.8,9.2,9.5,0.462,15.9,30.6,0.209
70,71,DePaul,19,10,9,0.526,9.69,1.75,2.0,4.0,8,3,1,4,1432,1281,75.7,89.1,0.237,0.341,0.506,48.0,57.3,8.7,7.1,0.484,22.2,26.6,0.158
71,72,Detroit Mercy,19,11,8,0.579,-9.13,-6.87,4.0,4.0,5,1,5,7,1205,1248,71.5,91.2,0.312,0.303,0.475,46.7,49.4,13.8,6.8,0.436,16.9,29.3,0.219
72,73,Drake,16,12,4,0.75,15.88,3.76,5.0,0.0,7,2,5,2,1311,1117,76.3,90.2,0.213,0.36,0.493,44.4,51.2,12.3,9.5,0.462,18.7,25.8,0.161
73,74,Drexel,15,8,7,0.533,-3.25,-5.32,3.0,1.0,5,3,3,3,870,817,62.4,87.4,0.241,0.282,0.485,48.4,53.5,9.8,6.2,0.456,20.8,27.9,0.168
74,75,Duke,17,12,5,0.706,26.11,13.28,4.0,2.0,9,2,3,3,1219,1001,70.6,82.2,0.304,0.286,0.452,46.8,47.7,11.2,6.2,0.413,22.5,33.1,0.209
75,76,Duquesne,17,9,8,0.529,-2.18,-2.06,4.0,2.0,5,2,4,4,1175,1177,70.9,95.6,0.3,0.335,0.497,51.3,56.0,8.1,10.1,0.457,17.1,30.3,0.222
76,77,East Carolina,16,9,7,0.563,9.16,3.04,2.0,3.0,7,3,2,2,1049,951,74.0,80.3,0.305,0.33,0.47,51.8,62.4,11.4,5.8,0.439,28.4,39.6,0.197
77,78,East Tennessee State,17,13,4,0.765,-3.08,-7.08,2.0,0.0,9,1,3,3,1017,910,64.8,82.7,0.265,0.357,0.447,47.0,45.0,9.5,6.5,0.423,20.1,27.3,0.159
78,79,Eastern Illinois,18,6,12,0.333,-10.64,-5.75,3.0,2.0,3,2,3,8,1151,1239,71.0,96.3,0.238,0.337,0.504,49.5,59.9,13.1,7.1,0.481,17.5,30.6,0.16
79,80,Eastern Kentucky,18,13,5,0.722,-3.66,-4.72,2.0,2.0,7,0,5,4,1307,1109,75.8,81.2,0.292,0.298,0.485,48.3,53.7,9.5,7.5,0.444,25.1,26.9,0.215
80,81,Eastern Michigan,15,5,10,0.333,-16.1,-6.17,2.0,3.0,3,3,2,7,877,991,72.1,90.8,0.276,0.34,0.489,51.8,54.8,13.1,8.2,0.459,20.6,33.3,0.189
81,82,Eastern Washington,17,14,3,0.824,8.92,-5.01,4.0,0.0,5,1,7,2,1229,946,69.6,80.0,0.284,0.281,0.452,47.7,47.9,9.6,5.5,0.408,22.5,26.7,0.209
82,83,Elon,17,5,12,0.294,-14.52,-1.86,1.0,3.0,1,6,4,5,913,1096,70.2,91.8,0.273,0.341,0.478,52.5,54.6,12.3,7.6,0.44,19.4,34.6,0.2
83,84,Evansville,16,2,14,0.125,-21.32,-2.07,0.0,5.0,1,7,1,7,1034,1342,78.4,104.4,0.304,0.273,0.548,53.3,48.2,13.5,11.8,0.517,16.6,31.8,0.221
84,85,Fairfield,15,14,1,0.933,7.74,-7.76,6.0,0.0,7,0,7,1,1133,829,71.4,76.8,0.347,0.322,0.431,46.3,52.8,10.5,6.6,0.384,22.7,30.2,0.236
85,86,Fairleigh Dickinson,17,4,13,0.235,-18.55,-6.3,2.0,2.0,4,4,0,9,914,1062,65.6,95.2,0.267,0.302,0.493,50.1,56.8,11.5,10.2,0.452,17.9,32.2,0.207
86,87,Florida,16,10,6,0.625,17.88,7.01,1.0,3.0,5,2,2,4,1239,1065,75.7,87.9,0.351,0.327,0.476,49.0,47.9,9.2,5.7,0.431,20.7,32.9,0.248
87,88,Florida A&M,14,2,12,0.143,-15.07,1.0,1.0,2.0,2,3,0,9,841,1066,72.6,101.2,0.438,0.34,0.538,55.4,54.3,12.1,7.7,0.497,21.4,40.7,0.306
88,89,Florida Atlantic,16,5,11,0.313,-8.39,-1.32,0.0,5.0,3,5,2,5,953,1041,67.5,95.6,0.212,0.301,0.471,49.3,55.9,11.1,11.3,0.443,15.2,33.8,0.149
89,90,Florida Gulf Coast,18,14,4,0.778,13.12,1.81,4.0,0.0,8,0,4,3,1328,1006,69.0,81.1,0.288,0.302,0.493,45.8,41.8,8.4,12.1,0.462,25.7,24.3,0.197
90,91,Florida International,18,13,5,0.722,-1.68,-7.32,4.0,0.0,9,4,4,1,1287,1108,74.9,82.1,0.381,0.282,0.465,45.0,45.3,12.0,7.2,0.429,22.8,28.6,0.24
91,92,Florida State,19,14,5,0.737,22.35,9.46,5.0,2.0,10,1,3,2,1583,1338,77.5,90.3,0.193,0.307,0.453,50.3,53.4,6.3,7.1,0.426,15.8,32.4,0.136
92,93,Fordham,18,6,12,0.333,-5.71,0.35,1.0,6.0,6,4,0,8,1100,1129,69.7,89.5,0.228,0.376,0.507,49.7,60.4,11.0,5.4,0.487,23.1,29.9,0.15
93,94,Fresno State,18,10,8,0.556,-3.75,-5.93,3.0,2.0,8,3,1,4,1234,1118,69.7,89.1,0.269,0.295,0.509,48.3,44.8,8.9,8.6,0.481,22.7,27.7,0.187
94,95,Furman,18,11,7,0.611,-13.26,-11.46,1.0,1.0,7,1,3,5,1303,1163,73.3,88.1,0.213,0.304,0.481,42.2,49.5,11.9,8.4,0.459,19.5,26.0,0.141
95,96,Gardner-Webb,17,2,15,0.118,-26.13,-2.77,1.0,3.0,1,6,1,9,1016,1413,75.8,109.6,0.35,0.341,0.543,55.8,52.6,12.2,9.5,0.509,15.4,38.7,0.249
96,97,George Mason,16,13,3,0.813,14.45,-1.22,4.0,1.0,7,0,6,3,1236,950,74.3,79.9,0.312,0.368,0.457,45.9,52.5,8.4,6.3,0.421,23.1,27.8,0.208
97,98,George Washington,17,8,9,0.471,-4.43,-4.12,1.0,4.0,6,2,2,4,1008,952,68.1,82.2,0.331,0.291,0.46,46.2,47.8,12.6,11.0,0.418,21.3,24.8,0.228
98,99,Georgetown,17,13,4,0.765,7.92,1.21,3.0,3.0,4,3,9,1,1015,901,64.9,81.1,0.245,0.307,0.438,46.6,57.9,12.8,7.5,0.403,20.2,29.3,0.173
99,100,Georgia,18,10,8,0.556,10.82,8.93,1.0,4.0,6,3,1,4,1188,1154,72.5,87.9,0.249,0.402,0.457,47.8,62.0,10.7,4.1,0.429,18.6,31.6,0.165
100,101,Georgia Southern,18,13,5,0.722,-0.01,-7.51,3.0,3.0,8,2,4,3,1394,1172,82.7,78.8,0.343,0.275,0.44,45.6,49.9,11.6,5.9,0.395,23.3,31.3,0.232
101,102,Georgia State,16,9,7,0.563,-4.05,-3.83,3.0,3.0,6,4,3,3,1163,1087,74.8,90.1,0.304,0.337,0.485,51.6,60.9,9.6,7.0,0.45,21.4,34.3,0.21
102,103,Georgia Tech,18,12,6,0.667,13.91,6.63,3.0,3.0,8,2,3,3,1278,1147,72.6,87.8,0.221,0.3,0.461,47.8,54.7,9.1,8.9,0.435,17.2,26.8,0.15
103,104,Gonzaga,19,17,2,0.895,25.92,10.13,4.0,0.0,8,0,6,1,1534,1234,68.3,93.8,0.249,0.35,0.507,44.8,51.2,9.1,4.9,0.477,18.9,28.8,0.181
104,105,Grambling,15,9,6,0.6,-8.55,-0.8,3.0,1.0,6,1,3,5,1188,1027,82.2,81.3,0.374,0.341,0.481,46.7,65.2,10.5,5.8,0.437,26.4,32.7,0.259
105,106,Grand Canyon,18,15,3,0.833,8.26,-2.62,7.0,0.0,8,2,7,1,1251,992,68.0,80.5,0.283,0.353,0.457,48.1,54.0,10.5,6.4,0.421,22.4,28.2,0.195
106,107,Green Bay,18,15,3,0.833,19.56,1.91,8.0,0.0,8,0,5,2,1358,1019,67.5,83.8,0.228,0.396,0.464,46.8,64.1,8.1,3.9,0.428,19.9,25.0,0.173
107,108,Hampton,13,0,13,0.0,-20.26,-2.72,0.0,3.0,0,3,0,8,654,882,72.6,93.5,0.323,0.383,0.519,54.4,63.5,13.0,9.0,0.482,22.4,34.4,0.233
108,109,Harvard,16,9,7,0.563,8.94,3.94,2.0,1.0,2,2,5,5,1129,1049,70.5,93.0,0.291,0.289,0.489,49.6,56.8,10.1,7.6,0.451,19.1,33.4,0.211
109,110,Hawaii,14,7,7,0.5,2.55,2.55,5.0,1.0,6,3,2,4,772,785,65.7,85.3,0.209,0.344,0.436,53.0,50.3,13.9,9.8,0.403,17.4,33.0,0.153
110,111,High Point,17,8,9,0.471,-12.09,-1.03,3.0,1.0,6,3,2,3,1055,1158,71.4,94.8,0.316,0.313,0.498,56.3,50.0,10.1,11.8,0.46,19.0,33.7,0.226
111,112,Hofstra,14,7,7,0.5,-13.4,-13.02,1.0,2.0,5,4,2,3,849,765,68.3,79.4,0.3,0.353,0.442,45.8,54.1,11.0,8.1,0.405,22.0,27.9,0.201
112,113,Holy Cross,16,11,5,0.688,0.66,-8.48,5.0,0.0,8,0,3,5,1008,830,67.3,77.1,0.242,0.331,0.409,44.1,51.6,8.9,6.7,0.38,17.2,23.1,0.154
113,114,Houston,17,11,6,0.647,10.75,5.75,2.0,4.0,9,2,2,4,1238,1153,76.6,87.9,0.33,0.286,0.513,51.8,53.2,10.1,6.5,0.47,26.3,35.6,0.248
114,115,Houston Christian,16,5,11,0.313,-20.03,2.72,0.0,5.0,4,2,1,9,884,1039,69.7,93.1,0.289,0.286,0.47,54.4,56.5,11.3,10.4,0.443,17.9,36.3,0.184
115,116,Howard,15,3,12,0.2,-9.69,-3.56,0.0,1.0,2,3,1,6,830,922,70.1,87.0,0.348,0.397,0.464,51.7,63.7,9.6,10.1,0.411,20.5,32.6,0.258
116,117,Idaho,16,9,7,0.563,-2.05,-6.98,2.0,2.0,2,6,6,1,1019,889,66.9,82.4,0.245,0.278,0.446,46.8,34.9,9.9,13.5,0.414,18.9,24.4,0.168
117,118,Idaho State,16,7,9,0.438,-3.09,0.98,3.0,2.0,5,1,1,7,954,976,69.4,87.2,0.411,0.419,0.485,49.1,61.9,12.2,5.9,0.438,21.7,29.9,0.285
118,119,Illinois,16,8,8,0.5,17.26,5.57,2.0,4.0,6,3,1,3,1195,1008,69.9,90.1,0.254,0.355,0.49,47.6,55.1,8.0,6.0,0.454,19.4,27.4,0.191
119,120,Illinois State,15,10,5,0.667,7.48,0.55,3.0,2.0,7,1,2,4,1153,1018,73.3,92.5,0.217,0.365,0.475,45.9,58.0,9.8,8.0,0.447,15.2,26.7,0.153
120,121,Illinois-Chicago,15,8,7,0.533,2.44,-1.68,1.0,3.0,3,1,4,5,1072,1006,75.4,88.2,0.252,0.286,0.499,47.5,59.2,10.9,9.3,0.461,22.3,30.4,0.194
121,122,Incarnate Word,16,9,7,0.563,-5.87,-2.04,2.0,3.0,5,3,4,4,975,900,66.7,84.3,0.289,0.327,0.466,47.3,56.9,9.4,8.8,0.431,21.7,30.1,0.198
122,123,Indiana,17,15,2,0.882,29.92,11.03,6.0,1.0,10,0,3,2,1355,1034,71.9,84.6,0.217,0.313,0.457,47.9,44.3,7.2,6.3,0.43,18.6,25.7,0.149
123,124,Indiana State,15,5,10,0.333,-8.4,-2.76,1.0,4.0,1,4,3,5,974,1055,74.3,93.9,0.386,0.365,0.502,48.1,55.2,12.3,6.2,0.459,19.5,31.3,0.27
124,125,Iona,15,7,8,0.467,-13.68,-9.68,2.0,4.0,4,2,3,6,892,952,67.0,93.9,0.218,0.303,0.475,52.4,61.0,12.0,9.6,0.452,16.3,32.7,0.144
125,126,Iowa,19,18,1,0.947,37.66,12.3,7.0,0.0,8,1,5,0,1726,1244,76.3,85.8,0.21,0.383,0.467,42.9,50.0,9.7,7.6,0.437,18.1,23.2,0.155
126,127,Iowa State,17,12,5,0.706,20.31,10.02,5.0,1.0,9,1,3,2,1292,1117,71.8,91.6,0.196,0.43,0.465,41.3,57.5,12.5,6.9,0.434,12.5,21.4,0.147
127,128,IUPUI,16,4,12,0.25,-14.33,-2.89,2.0,5.0,3,5,1,6,1052,1235,76.1,99.8,0.277,0.296,0.51,52.0,53.1,10.9,10.7,0.471,16.4,34.2,0.212
128,129,Jackson State,14,8,6,0.571,5.58,8.95,3.0,0.0,3,0,3,5,965,823,71.7,82.0,0.312,0.29,0.447,45.6,56.0,10.7,6.6,0.403,22.0,33.0,0.222
129,130,Jacksonville,17,5,12,0.294,-12.96,1.04,1.0,3.0,4,3,1,9,1088,1262,77.8,95.5,0.367,0.327,0.525,53.4,54.3,15.7,8.4,0.484,22.3,37.9,0.264
130,131,Jacksonville State,15,6,9,0.4,-11.22,-4.07,1.0,2.0,5,2,1,7,946,973,71.4,90.0,0.268,0.283,0.483,49.5,49.4,11.2,7.0,0.447,17.8,25.9,0.194
131,132,James Madison,18,13,5,0.722,6.37,2.72,5.0,1.0,8,1,4,3,1299,1164,73.3,87.6,0.266,0.349,0.453,42.2,49.0,9.0,7.2,0.412,13.8,21.4,0.196
132,133,Kansas,17,9,8,0.529,18.6,14.72,2.0,4.0,7,1,1,5,1174,1108,70.1,92.9,0.259,0.321,0.499,51.1,50.0,7.5,9.0,0.463,19.2,30.0,0.194
133,134,Kansas City,19,9,10,0.474,-8.24,-5.06,0.0,4.0,7,2,1,6,1259,1179,73.3,84.7,0.42,0.261,0.465,47.4,50.3,11.3,4.2,0.413,21.3,30.3,0.29
134,135,Kansas State,18,17,1,0.944,32.35,7.85,5.0,0.0,10,0,4,0,1370,929,71.3,72.4,0.254,0.298,0.394,43.9,47.3,10.0,6.0,0.35,20.0,25.0,0.183
135,136,Kennesaw State,17,8,9,0.471,-8.3,0.64,4.0,0.0,6,3,1,5,938,998,69.0,85.2,0.319,0.298,0.473,46.2,55.8,11.9,7.9,0.442,22.0,30.4,0.205
136,137,Kent State,15,10,5,0.667,5.36,0.36,4.0,1.0,5,1,4,3,1112,905,71.6,82.9,0.312,0.344,0.461,46.1,46.8,9.7,6.5,0.414,21.1,26.9,0.23
137,138,Kentucky,18,8,10,0.444,2.7,10.54,1.0,3.0,8,3,0,4,1175,1316,73.0,100.2,0.249,0.33,0.546,52.2,60.2,10.0,9.3,0.519,19.2,32.0,0.181
138,139,La Salle,17,6,11,0.353,-11.66,-0.07,3.0,3.0,3,5,3,6,1028,1225,73.9,97.5,0.268,0.334,0.501,54.6,64.1,11.3,7.9,0.47,18.3,36.9,0.189
139,140,Lafayette,16,6,10,0.375,-16.7,-8.26,1.0,4.0,1,5,5,5,883,1018,65.9,95.9,0.27,0.341,0.491,53.6,58.7,12.1,7.0,0.459,18.2,34.1,0.189
140,141,Lamar,15,10,5,0.667,1.83,0.22,4.0,1.0,5,1,4,3,988,869,66.3,87.3,0.296,0.341,0.485,47.2,55.4,9.5,5.2,0.443,21.5,29.5,0.22
141,142,Le Moyne,16,5,11,0.313,-12.85,3.09,3.0,0.0,1,2,4,9,847,1102,66.6,102.6,0.236,0.395,0.529,55.5,67.0,12.8,9.0,0.509,19.7,39.9,0.158
142,143,Lehigh,16,10,6,0.625,-6.91,-10.98,2.0,3.0,5,3,4,2,1168,1071,74.3,89.4,0.268,0.225,0.461,49.4,48.5,10.0,6.5,0.419,16.3,29.0,0.201
143,144,Liberty,19,6,13,0.316,-1.66,9.16,1.0,3.0,5,4,1,6,1190,1332,70.2,98.5,0.301,0.364,0.495,49.1,59.2,13.6,5.0,0.454,16.0,33.3,0.222
144,145,Lindenwood,15,3,12,0.2,-18.93,-7.08,1.0,4.0,3,3,0,9,1026,1147,74.2,103.1,0.408,0.262,0.568,56.5,52.7,8.5,4.9,0.529,21.4,37.0,0.299
145,146,Lipscomb,17,10,7,0.588,-2.06,-2.13,3.0,1.0,5,2,5,5,1175,1099,71.1,90.2,0.235,0.355,0.482,48.7,49.6,8.0,9.0,0.45,18.6,27.8,0.172
146,147,Little Rock,17,5,12,0.294,-5.73,3.15,4.0,2.0,2,5,2,7,941,1092,66.8,95.5,0.41,0.319,0.536,56.8,49.5,8.1,6.9,0.495,23.0,34.3,0.291
147,148,Long Beach State,16,6,10,0.375,-3.24,1.76,1.0,6.0,4,6,2,5,1069,1116,79.5,87.7,0.32,0.35,0.462,50.1,52.3,14.4,8.8,0.417,20.6,35.8,0.23
148,149,Long Island University,15,3,12,0.2,-25.65,-12.25,1.0,2.0,2,5,1,7,842,1043,71.5,97.2,0.28,0.341,0.513,52.8,69.4,12.0,10.3,0.486,20.1,35.2,0.192
149,150,Longwood,17,4,13,0.235,-22.52,-5.08,2.0,3.0,2,4,2,9,1041,1291,76.6,99.1,0.247,0.372,0.519,55.3,59.3,11.2,6.4,0.496,20.5,39.0,0.167
150,151,Louisiana,15,6,9,0.4,-5.21,4.48,2.0,4.0,3,5,3,4,883,961,68.2,92.4,0.34,0.334,0.506,56.3,54.2,8.7,7.1,0.47,21.5,33.6,0.235
151,152,Louisiana State,19,17,2,0.895,31.14,0.98,4.0,1.0,11,0,4,1,1734,1161,79.2,77.1,0.268,0.345,0.451,40.1,45.7,10.0,5.8,0.419,25.2,28.0,0.178
152,153,Louisiana Tech,18,7,11,0.389,-1.16,5.47,1.0,2.0,5,3,2,6,1133,1147,68.6,92.2,0.284,0.321,0.492,51.0,54.9,11.3,8.0,0.463,18.8,30.7,0.191
153,154,Louisiana-Monroe,17,12,5,0.706,2.63,-3.1,4.0,2.0,6,1,4,4,1272,1069,74.4,84.5,0.331,0.344,0.448,49.3,48.2,8.5,6.3,0.404,20.5,32.8,0.229
154,155,Louisville,18,16,2,0.889,26.09,8.92,5.0,0.0,9,0,5,1,1360,1051,71.7,81.4,0.276,0.366,0.495,43.5,53.1,9.0,5.8,0.467,26.3,25.6,0.187
155,156,Loyola (IL),17,9,8,0.529,-3.85,-2.26,3.0,3.0,5,4,4,4,1102,1129,70.3,93.8,0.306,0.317,0.528,53.0,65.5,10.9,8.6,0.496,23.2,34.6,0.216
156,157,Loyola (MD),16,7,9,0.438,-14.89,-9.27,2.0,3.0,3,4,4,5,876,966,65.1,92.8,0.295,0.336,0.512,50.7,59.4,10.0,7.1,0.489,20.2,29.2,0.191
157,158,Loyola Marymount,17,7,10,0.412,-3.39,2.08,2.0,3.0,3,5,4,5,1040,1080,67.5,93.4,0.28,0.373,0.498,47.3,55.9,10.6,9.4,0.466,19.0,31.5,0.196
158,159,Maine,18,11,7,0.611,4.1,-0.4,4.0,0.0,5,2,4,4,1164,1083,66.6,90.4,0.244,0.293,0.486,46.3,58.1,9.9,8.6,0.461,17.7,25.6,0.162
159,160,Manhattan,15,11,4,0.733,-5.49,-10.36,4.0,2.0,6,1,5,3,854,781,64.9,80.2,0.228,0.313,0.437,47.7,60.8,11.4,5.6,0.409,21.2,30.3,0.151
160,161,Marist,16,5,11,0.313,-17.07,-10.38,3.0,3.0,3,3,2,6,898,1005,68.3,90.6,0.202,0.344,0.457,52.5,51.4,14.0,7.3,0.425,15.5,31.2,0.15
161,162,Marquette,18,15,3,0.833,22.33,5.16,4.0,3.0,10,0,3,3,1388,1079,71.6,83.7,0.237,0.31,0.47,43.8,51.5,9.4,8.1,0.439,21.0,24.3,0.168
162,163,Marshall,17,12,5,0.706,5.78,-1.82,6.0,0.0,6,0,6,5,1433,1194,80.8,87.0,0.337,0.251,0.504,51.0,51.0,10.6,8.4,0.474,25.7,36.7,0.221
163,164,Maryland,17,11,6,0.647,24.22,15.57,3.0,3.0,8,1,1,4,1366,1219,78.3,91.5,0.229,0.372,0.48,48.3,61.3,9.3,7.7,0.446,18.7,32.4,0.172
164,165,Maryland-Baltimore County,17,6,11,0.353,-16.82,-9.09,2.0,3.0,3,5,3,6,1033,1105,68.9,91.6,0.268,0.269,0.486,51.6,51.2,12.1,6.6,0.459,19.4,33.4,0.178
165,166,Maryland-Eastern Shore,16,7,9,0.438,-8.19,-3.99,0.0,2.0,6,2,1,7,1004,985,71.3,86.3,0.293,0.358,0.484,48.4,55.6,11.5,6.9,0.452,22.5,32.1,0.198
166,167,Massachusetts,18,3,15,0.167,-12.27,1.78,1.0,5.0,3,4,0,8,1086,1339,72.6,102.4,0.367,0.36,0.568,55.0,66.7,13.0,6.1,0.529,21.6,34.4,0.277
167,168,Massachusetts-Lowell,17,3,14,0.176,-17.1,-5.22,3.0,2.0,1,6,2,8,884,1086,68.0,93.2,0.235,0.241,0.495,53.5,55.0,12.9,9.1,0.464,18.6,32.1,0.173
168,169,McNeese State,18,4,14,0.222,-31.03,0.61,0.0,5.0,4,8,0,6,1236,1499,80.2,103.1,0.309,0.278,0.53,53.4,60.4,12.8,8.1,0.505,18.0,36.0,0.205
169,170,Memphis,17,5,12,0.294,2.52,6.64,1.0,5.0,3,4,1,6,1148,1218,76.3,91.9,0.429,0.234,0.515,51.4,51.8,10.3,9.2,0.467,23.0,36.0,0.305
170,171,Mercer,19,7,12,0.368,-5.25,-2.14,1.0,2.0,5,3,1,8,1214,1273,70.0,93.8,0.359,0.254,0.505,49.5,46.3,12.3,5.5,0.468,19.4,32.1,0.247
171,172,Merrimack,17,4,13,0.235,-17.59,-8.18,1.0,3.0,3,5,1,8,923,1083,68.7,91.4,0.325,0.384,0.484,49.8,58.8,13.2,10.7,0.449,20.0,33.7,0.219
172,173,Miami (FL),17,12,5,0.706,18.21,6.45,2.0,4.0,11,1,1,3,1185,985,69.9,83.0,0.215,0.348,0.456,47.1,59.7,11.5,7.0,0.422,23.1,33.8,0.161
173,174,Miami (OH),15,3,12,0.2,-15.35,-0.82,1.0,4.0,1,4,2,8,781,999,66.5,98.5,0.293,0.437,0.513,53.7,63.6,16.1,11.6,0.485,20.0,38.5,0.199
174,175,Michigan,18,12,6,0.667,19.0,7.0,3.0,3.0,8,1,2,3,1265,1049,69.0,84.5,0.286,0.354,0.491,44.8,50.8,8.1,7.3,0.455,23.6,26.9,0.204
175,176,Michigan State,17,13,4,0.765,28.31,6.42,3.0,3.0,8,1,2,2,1505,1133,76.2,87.4,0.281,0.301,0.501,47.9,52.2,6.8,7.9,0.466,22.0,24.9,0.204
176,177,Middle Tennessee,17,13,4,0.765,14.05,2.1,3.0,0.0,5,1,5,2,1194,991,67.2,86.2,0.216,0.376,0.461,47.3,53.3,9.9,8.2,0.43,19.6,29.0,0.157
177,178,Milwaukee,20,11,9,0.55,-4.53,-6.58,5.0,4.0,5,5,5,3,1356,1236,69.7,88.6,0.295,0.333,0.483,47.3,59.3,12.1,8.6,0.441,20.1,30.2,0.218
178,179,Minnesota,17,13,4,0.765,22.74,6.62,3.0,3.0,11,2,2,2,1303,1029,71.4,83.6,0.196,0.36,0.475,45.8,63.2,10.5,7.0,0.45,21.6,25.0,0.138
179,180,Mississippi,17,12,5,0.706,15.79,4.79,2.0,2.0,6,3,3,2,1128,941,69.6,79.5,0.28,0.255,0.435,44.8,54.3,9.1,6.4,0.393,21.5,30.5,0.201
180,181,Mississippi State,20,15,5,0.75,21.71,5.66,2.0,3.0,8,3,4,2,1525,1204,71.0,84.8,0.198,0.344,0.446,43.9,54.9,8.1,7.6,0.423,17.6,27.4,0.129
181,182,Mississippi Valley State,16,1,15,0.063,-26.7,5.87,0.0,3.0,0,3,1,10,827,1348,76.7,109.9,0.406,0.355,0.55,60.3,61.6,12.3,13.9,0.512,18.2,43.9,0.288
182,183,Missouri,18,11,7,0.611,15.48,8.98,2.0,3.0,8,2,2,3,1351,1234,73.6,92.5,0.235,0.362,0.481,48.5,54.5,10.9,8.5,0.45,16.3,27.4,0.17
183,184,Missouri State,14,10,4,0.714,0.77,-0.3,4.0,1.0,8,0,2,4,918,903,69.1,93.3,0.393,0.324,0.546,46.9,48.9,9.9,3.5,0.504,23.2,25.1,0.288
184,185,Monmouth,14,9,5,0.643,-1.63,-6.4,2.0,1.0,5,3,4,2,893,791,69.7,81.0,0.241,0.265,0.425,44.0,47.0,11.6,7.7,0.397,17.3,27.4,0.153
185,186,Montana,15,11,4,0.733,6.6,2.03,3.0,1.0,5,3,5,1,1115,1000,68.5,97.4,0.213,0.32,0.517,45.6,54.0,10.8,10.0,0.489,16.8,26.1,0.162
186,187,Montana State,17,8,9,0.471,3.71,2.29,2.0,2.0,6,1,1,7,1042,1018,69.0,86.7,0.305,0.373,0.472,51.1,51.7,12.6,9.4,0.433,21.4,33.2,0.215
187,188,Morehead State,17,10,7,0.588,-5.8,-2.37,5.0,1.0,7,2,3,5,1140,1077,72.7,87.1,0.285,0.329,0.476,46.0,49.2,9.5,7.2,0.434,21.3,31.1,0.213
188,189,Morgan State,17,6,11,0.353,-16.56,-2.87,1.0,2.0,4,4,1,7,932,1104,69.2,92.5,0.31,0.297,0.532,52.1,57.8,11.2,6.1,0.501,24.7,34.2,0.218
189,190,Mount St. Mary's,15,4,11,0.267,-19.32,-7.72,1.0,5.0,2,4,2,7,739,913,67.4,89.6,0.275,0.37,0.474,57.1,55.9,10.7,7.0,0.436,19.2,32.8,0.2
190,191,Murray State,14,12,2,0.857,10.07,-5.62,5.0,0.0,7,0,5,2,1292,1030,81.7,90.0,0.242,0.305,0.514,46.5,49.1,7.3,7.0,0.491,21.7,25.7,0.165
191,192,Navy,16,5,11,0.313,-21.91,-7.62,1.0,4.0,5,4,0,7,999,1103,73.2,93.5,0.318,0.33,0.527,51.4,57.2,10.8,6.5,0.494,21.2,27.4,0.224
192,193,NC State,17,15,2,0.882,30.92,12.33,3.0,2.0,9,0,3,2,1330,1014,73.5,80.5,0.161,0.355,0.421,43.9,49.6,8.3,9.1,0.391,16.6,24.8,0.123
193,194,Nebraska,18,13,5,0.722,22.81,8.7,5.0,2.0,9,2,3,2,1344,1090,69.7,86.9,0.258,0.379,0.47,42.8,53.0,8.5,8.2,0.435,18.4,24.6,0.185
194,195,Nevada,18,9,9,0.5,-3.52,-3.4,3.0,2.0,4,4,3,3,1171,1138,72.0,86.5,0.335,0.298,0.501,52.2,49.6,9.2,11.0,0.462,25.1,33.2,0.239
195,196,Nevada-Las Vegas,16,15,1,0.938,18.87,-1.07,5.0,0.0,6,0,8,1,1309,990,72.7,85.1,0.204,0.318,0.469,44.7,51.2,6.4,8.0,0.437,18.7,23.2,0.156
196,197,New Hampshire,18,7,11,0.389,-13.18,-7.77,1.0,4.0,5,4,1,7,990,1048,67.1,86.8,0.313,0.424,0.504,49.3,59.5,12.6,8.2,0.466,24.9,30.5,0.227
197,198,New Mexico,18,12,6,0.667,-3.0,-5.29,3.0,2.0,10,2,2,2,1154,1091,71.1,84.6,0.163,0.36,0.459,48.0,57.1,8.6,9.6,0.437,18.3,24.3,0.114
198,199,New Mexico State,16,7,9,0.438,-1.39,-3.52,1.0,2.0,3,3,2,5,991,924,69.4,82.6,0.336,0.333,0.474,49.2,48.1,11.4,9.4,0.449,23.7,31.6,0.202
199,200,New Orleans,16,6,10,0.375,-11.55,-2.36,3.0,2.0,3,3,3,7,934,1081,74.7,90.4,0.242,0.36,0.494,53.6,59.5,12.0,11.4,0.461,21.3,33.3,0.179
200,201,Niagara,17,6,11,0.353,-13.52,-1.17,3.0,4.0,4,3,2,6,1071,1281,80.0,94.3,0.421,0.285,0.566,55.3,63.8,14.0,9.0,0.524,27.1,39.1,0.309
201,202,Nicholls State,17,8,9,0.471,-6.79,-5.39,2.0,3.0,3,4,4,5,1058,1030,71.1,84.6,0.31,0.376,0.477,51.4,56.8,11.8,5.1,0.436,22.6,28.0,0.223
202,203,NJIT,17,8,9,0.471,-15.16,-12.4,0.0,4.0,6,3,2,6,1005,1052,68.7,89.4,0.291,0.254,0.464,49.0,52.7,14.3,9.7,0.426,19.1,34.4,0.204
203,204,Norfolk State,16,12,4,0.75,-0.62,-9.43,2.0,0.0,2,0,9,3,1042,901,69.4,80.5,0.337,0.415,0.481,47.1,64.9,8.3,6.3,0.438,26.5,29.1,0.24
204,205,North Alabama,17,6,11,0.353,-11.14,-2.07,2.0,2.0,4,5,2,6,1222,1280,75.3,98.5,0.284,0.284,0.526,52.4,50.1,11.7,8.1,0.495,18.9,32.1,0.204
205,206,North Carolina,18,13,5,0.722,22.32,10.1,5.0,1.0,9,1,2,1,1274,1054,71.6,81.8,0.267,0.354,0.452,47.2,55.1,7.6,6.3,0.413,20.9,27.1,0.192
206,207,North Carolina A&T,15,9,6,0.6,-3.64,-2.02,3.0,1.0,4,2,4,3,971,859,72.6,78.2,0.31,0.348,0.422,46.7,61.5,12.9,6.3,0.383,21.3,31.0,0.203
207,208,North Carolina Central,17,7,10,0.412,-21.71,-6.49,1.0,1.0,5,1,2,9,1167,1169,80.4,85.0,0.284,0.303,0.472,52.3,57.6,10.0,7.7,0.445,23.5,34.1,0.18
208,209,North Dakota,18,6,12,0.333,-9.54,0.39,2.0,3.0,5,6,1,5,1189,1283,76.6,93.0,0.317,0.359,0.488,50.5,53.0,12.1,6.5,0.451,18.4,31.4,0.221
209,210,North Dakota State,17,10,7,0.588,2.28,2.61,4.0,0.0,7,0,3,4,1245,1174,72.5,95.2,0.361,0.261,0.535,47.0,45.0,10.5,8.7,0.495,20.9,28.1,0.263
210,211,North Florida,18,7,11,0.389,-9.23,-0.43,1.0,3.0,5,3,2,7,1186,1190,70.0,93.1,0.288,0.286,0.491,50.3,53.2,10.5,11.0,0.466,19.5,34.0,0.185
211,212,North Texas,17,14,3,0.824,9.35,-2.4,4.0,1.0,7,0,5,3,1286,1023,75.7,79.5,0.279,0.342,0.43,45.6,49.3,12.9,7.3,0.402,20.8,29.8,0.17
212,213,Northeastern,14,6,8,0.429,-10.57,-7.78,2.0,2.0,4,2,2,6,877,916,68.5,94.7,0.257,0.374,0.493,51.9,56.8,12.0,6.9,0.463,19.4,36.8,0.181
213,214,Northern Arizona,17,11,6,0.647,1.84,1.72,3.0,1.0,4,3,5,3,1331,1275,75.5,97.9,0.347,0.306,0.532,50.6,55.6,8.7,6.9,0.495,19.1,29.1,0.25
214,215,Northern Colorado,15,8,7,0.533,-2.6,-2.21,3.0,1.0,5,2,3,5,1034,950,70.5,89.1,0.235,0.317,0.487,46.0,54.0,11.8,7.9,0.455,19.4,27.2,0.172
215,216,Northern Illinois,16,8,8,0.5,-12.78,-8.78,2.0,3.0,5,2,1,6,1051,1045,71.9,90.8,0.222,0.335,0.471,49.7,55.0,11.4,9.4,0.44,16.5,29.1,0.161
216,217,Northern Iowa,13,4,9,0.308,0.04,8.04,3.0,1.0,3,2,1,5,864,976,72.2,104.1,0.267,0.358,0.543,54.1,59.0,8.7,12.4,0.517,16.7,30.3,0.191
217,218,Northern Kentucky,16,3,13,0.188,-12.39,0.08,1.0,6.0,3,4,0,7,1045,1228,73.0,104.2,0.315,0.354,0.532,53.2,55.8,12.8,9.3,0.499,15.8,32.2,0.226
218,219,Northwestern,18,7,11,0.389,-3.66,10.07,2.0,5.0,5,4,2,5,1217,1464,72.9,110.8,0.264,0.348,0.542,51.0,68.5,13.3,7.3,0.509,13.9,35.8,0.202
219,220,Northwestern State,16,6,10,0.375,-8.18,-1.24,2.0,3.0,5,2,1,8,947,1010,69.9,90.3,0.317,0.328,0.475,51.7,51.1,11.6,9.4,0.433,19.2,33.0,0.227
220,221,Notre Dame,16,13,3,0.813,31.87,7.12,4.0,2.0,7,1,5,1,1360,964,77.7,77.6,0.221,0.294,0.447,43.4,50.9,10.5,7.9,0.418,23.9,27.6,0.153
221,222,Oakland,16,7,9,0.438,-10.1,-3.25,3.0,5.0,5,4,2,5,1170,1123,75.9,90.3,0.328,0.312,0.529,50.6,55.0,8.8,6.8,0.498,25.4,33.6,0.228
222,223,Ohio,15,4,11,0.267,-13.71,-2.84,1.0,4.0,4,3,0,8,925,1088,77.2,94.0,0.33,0.373,0.51,58.2,59.1,12.8,7.0,0.476,23.7,41.6,0.228
223,224,Ohio State,17,14,3,0.824,31.72,12.35,5.0,1.0,9,1,3,1,1386,1052,75.0,81.9,0.295,0.315,0.481,49.6,48.7,8.2,5.2,0.441,24.9,30.0,0.214
224,225,Oklahoma,16,10,6,0.625,17.22,7.84,4.0,1.0,7,2,3,1,1237,1087,80.0,84.9,0.272,0.291,0.453,46.6,42.6,10.2,7.4,0.418,19.8,30.4,0.188
225,226,Oklahoma State,17,11,6,0.647,18.32,9.14,4.0,2.0,8,1,3,2,1259,1103,72.2,89.8,0.285,0.362,0.5,49.2,52.0,9.4,7.1,0.465,20.1,26.5,0.206
226,227,Old Dominion,16,12,4,0.75,2.16,-1.58,4.0,2.0,7,2,5,2,979,901,71.7,78.6,0.368,0.336,0.46,48.7,53.3,12.2,11.0,0.412,25.5,29.2,0.255
227,228,Omaha,18,4,14,0.222,-17.0,-0.94,0.0,5.0,3,6,1,8,1315,1520,75.8,109.9,0.29,0.385,0.584,56.1,56.7,8.7,8.1,0.563,18.8,34.8,0.205
228,229,Oral Roberts,18,13,5,0.722,1.03,3.39,4.0,1.0,9,0,4,5,1446,1313,79.5,91.1,0.274,0.336,0.508,49.9,56.9,7.9,9.1,0.479,21.8,30.9,0.19
229,230,Oregon,18,11,7,0.611,9.85,8.63,2.0,3.0,8,1,2,6,1155,1133,68.9,91.4,0.138,0.348,0.448,47.3,64.1,10.6,7.3,0.431,13.6,29.2,0.091
230,231,Oregon State,16,14,2,0.875,25.53,6.66,3.0,2.0,12,0,0,2,1219,917,69.3,81.4,0.182,0.273,0.404,40.9,42.1,10.7,8.2,0.371,11.5,22.6,0.137
231,232,Pacific,18,11,7,0.611,2.12,1.18,3.0,2.0,7,3,3,4,1317,1238,75.8,90.8,0.269,0.316,0.488,47.8,59.1,10.4,6.3,0.456,18.5,28.7,0.19
232,233,Penn State,17,12,5,0.706,24.92,6.27,3.0,3.0,9,1,2,3,1482,1165,78.9,86.2,0.325,0.296,0.498,47.5,54.1,10.7,6.6,0.455,23.4,27.8,0.241
233,234,Pennsylvania,16,10,6,0.625,-3.29,-0.65,2.0,1.0,5,1,5,5,1083,1019,70.3,90.7,0.225,0.312,0.482,48.0,60.4,10.2,8.3,0.449,18.4,29.3,0.167
234,235,Pepperdine,17,5,12,0.294,-13.65,-0.19,1.0,3.0,3,6,2,6,963,1120,70.1,94.0,0.272,0.333,0.476,49.4,53.2,15.8,5.2,0.442,16.5,34.0,0.191
235,236,Pittsburgh,18,6,12,0.333,0.63,3.41,0.0,5.0,5,5,0,4,1175,1225,70.2,95.6,0.238,0.38,0.505,46.8,63.9,12.6,7.2,0.474,17.8,29.5,0.176
236,237,Portland,18,11,7,0.611,7.17,4.8,3.0,1.0,7,2,4,3,1240,1122,73.4,84.4,0.285,0.263,0.462,50.9,55.6,11.5,8.3,0.423,22.5,34.9,0.203
237,238,Portland State,17,5,12,0.294,-14.66,-2.13,0.0,5.0,3,6,2,6,987,1154,66.7,101.7,0.275,0.235,0.534,53.6,65.7,13.6,7.3,0.507,18.2,35.5,0.194
238,239,Prairie View,13,5,8,0.385,-22.97,-0.47,1.0,2.0,4,2,1,6,857,910,76.8,91.2,0.435,0.299,0.511,49.9,62.3,12.9,7.4,0.474,22.7,34.0,0.285
239,240,Presbyterian,20,11,9,0.55,-15.52,-8.23,2.0,3.0,6,3,5,4,1187,1212,68.7,88.1,0.234,0.331,0.465,48.1,53.9,14.8,8.3,0.437,18.4,30.3,0.159
240,241,Princeton,16,13,3,0.813,16.23,5.67,3.0,0.0,4,0,8,2,1092,923,66.5,85.4,0.29,0.297,0.482,46.7,49.2,8.9,5.7,0.448,22.8,30.0,0.201
241,242,Providence,19,8,11,0.421,4.38,6.96,2.0,4.0,6,4,2,5,1089,1138,67.8,88.4,0.229,0.374,0.448,45.7,52.1,15.3,10.7,0.421,16.8,31.1,0.15
242,243,Purdue,17,9,8,0.529,12.25,10.31,2.0,4.0,8,1,1,5,1168,1135,72.1,92.7,0.253,0.292,0.497,50.0,52.3,10.7,8.5,0.459,19.5,30.6,0.195
243,244,Purdue Fort Wayne,19,11,8,0.579,-0.92,-0.86,5.0,4.0,5,1,4,6,1343,1227,72.8,88.2,0.278,0.375,0.492,49.9,56.0,10.7,9.2,0.456,21.2,27.2,0.201
244,245,Queens (NC),17,6,11,0.353,-23.84,-9.55,0.0,4.0,5,4,1,7,1058,1127,73.9,89.7,0.407,0.366,0.506,51.7,57.9,10.4,6.0,0.459,23.1,33.2,0.288
245,246,Quinnipiac,15,7,8,0.467,-10.8,-6.0,4.0,2.0,5,1,2,6,895,967,68.3,94.4,0.265,0.364,0.499,52.3,62.3,10.8,6.1,0.465,17.7,30.4,0.194
246,247,Radford,18,8,10,0.444,-15.18,-6.65,4.0,0.0,4,3,4,5,1036,1157,69.5,92.4,0.242,0.361,0.498,49.2,53.3,13.4,10.4,0.468,20.2,31.6,0.176
247,248,Rhode Island,19,12,7,0.632,10.0,1.11,4.0,2.0,8,1,2,6,1214,1045,68.2,80.6,0.254,0.306,0.469,46.6,57.3,9.6,6.0,0.435,24.0,27.4,0.181
248,249,Rice,16,10,6,0.625,8.11,1.48,4.0,1.0,6,3,4,3,1105,999,71.5,86.6,0.335,0.303,0.48,49.6,56.3,9.9,8.9,0.435,22.7,33.0,0.242
249,250,Richmond,19,16,3,0.842,14.86,2.07,6.0,0.0,8,0,5,2,1408,1165,68.8,88.6,0.197,0.367,0.457,50.8,52.1,8.7,6.9,0.433,17.7,31.9,0.134
250,251,Rider,15,5,10,0.333,-16.98,-7.91,2.0,4.0,4,3,1,7,836,972,67.8,94.8,0.249,0.389,0.481,56.1,58.8,12.0,9.8,0.45,17.1,36.3,0.175
251,252,Robert Morris,18,6,12,0.333,-14.5,-3.81,2.0,7.0,5,3,1,9,1074,1184,71.3,90.9,0.376,0.325,0.492,51.5,54.9,10.4,6.0,0.45,20.5,32.0,0.262
252,253,Rutgers,20,6,14,0.3,2.64,6.39,0.0,7.0,6,6,0,6,1369,1444,72.0,100.2,0.315,0.337,0.512,47.7,64.3,11.5,9.3,0.477,16.8,34.0,0.223
253,254,Sacramento State,16,1,15,0.063,-19.02,-1.15,0.0,5.0,1,9,0,6,814,1100,67.5,101.9,0.274,0.388,0.535,52.8,59.1,15.8,6.8,0.503,19.2,35.8,0.205
254,255,Sacred Heart,18,9,9,0.5,-10.28,-7.66,3.0,1.0,4,2,4,5,1103,1082,67.5,87.9,0.287,0.319,0.489,50.5,51.0,9.3,10.8,0.455,22.8,33.3,0.201
255,256,Saint Francis (PA),17,2,15,0.118,-32.52,-9.34,1.0,3.0,2,5,0,10,845,1239,69.1,105.5,0.29,0.337,0.536,55.2,54.4,10.5,9.2,0.497,16.6,35.1,0.225
256,257,Saint Joseph's,18,16,2,0.889,11.83,-1.56,5.0,1.0,8,2,8,0,1230,989,65.6,83.2,0.161,0.301,0.446,47.4,45.6,9.3,7.2,0.426,19.2,28.5,0.108
257,258,Saint Louis,19,7,12,0.368,-1.82,4.57,2.0,4.0,5,4,1,6,1373,1442,76.2,99.6,0.334,0.348,0.544,49.1,58.5,11.9,4.6,0.514,20.1,31.3,0.231
258,259,Saint Mary's (CA),17,8,9,0.471,-1.69,1.75,1.0,2.0,7,4,1,5,1023,1062,64.9,95.5,0.282,0.421,0.51,53.2,64.0,12.1,7.4,0.472,20.8,35.8,0.212
259,260,Saint Peter's,16,4,12,0.25,-25.34,-10.59,1.0,6.0,2,3,2,9,801,1037,69.8,92.8,0.262,0.37,0.506,51.0,64.0,15.8,12.2,0.482,21.1,33.2,0.175
260,261,Sam Houston,15,5,10,0.333,-12.86,-1.17,0.0,3.0,4,4,1,6,1022,1058,78.1,89.6,0.306,0.275,0.516,50.4,60.1,10.5,8.3,0.486,25.0,35.6,0.209
261,262,Samford,18,9,9,0.5,-8.88,-3.01,1.0,2.0,8,1,1,7,1051,1062,68.2,86.6,0.219,0.304,0.453,51.0,51.1,9.2,8.6,0.425,18.8,30.4,0.151
262,263,San Diego,18,4,14,0.222,-5.37,3.8,0.0,5.0,3,8,1,6,1108,1210,71.4,94.1,0.275,0.286,0.502,49.1,60.9,13.2,8.1,0.469,19.5,32.9,0.196
263,264,San Diego State,19,11,8,0.579,1.36,0.24,2.0,4.0,6,4,3,4,1274,1228,68.7,91.6,0.231,0.387,0.487,50.0,55.8,9.0,7.1,0.461,17.8,26.9,0.157
264,265,San Francisco,17,7,10,0.412,-0.23,0.77,3.0,1.0,4,4,3,5,1160,1154,75.0,90.5,0.254,0.373,0.486,47.2,53.8,10.0,9.9,0.448,17.3,26.2,0.194
265,266,San Jose State,17,6,11,0.353,-8.23,-2.54,1.0,4.0,3,4,3,6,1066,1063,69.1,90.5,0.333,0.418,0.508,51.0,58.2,12.9,7.7,0.457,23.3,35.8,0.261
266,267,Santa Clara,19,14,5,0.737,10.78,2.08,2.0,2.0,7,0,6,4,1342,1077,68.2,83.1,0.224,0.302,0.461,45.8,56.4,11.8,7.3,0.436,21.1,27.5,0.148
267,268,Seattle,16,1,15,0.063,-17.58,-1.27,1.0,6.0,1,7,0,8,983,1244,73.8,104.5,0.326,0.368,0.549,52.3,64.6,14.6,12.1,0.516,18.7,36.5,0.235
268,269,Seton Hall,18,11,7,0.611,15.69,5.58,3.0,4.0,7,4,3,2,1176,994,66.4,82.0,0.279,0.361,0.48,49.3,58.5,8.7,9.7,0.449,25.1,29.9,0.189
269,270,Siena,15,7,8,0.467,-9.55,-8.02,4.0,3.0,4,3,3,5,964,987,72.6,89.8,0.32,0.344,0.48,51.6,54.6,12.2,7.7,0.446,21.8,35.6,0.215
270,271,South Alabama,18,7,11,0.389,-10.7,-0.7,0.0,6.0,4,5,3,5,1119,1230,73.2,93.4,0.335,0.341,0.478,49.0,43.7,13.7,8.8,0.436,17.3,33.1,0.236
271,272,South Carolina,16,16,0,1.0,49.36,10.49,4.0,0.0,8,0,6,0,1444,822,76.1,67.5,0.179,0.313,0.358,40.8,50.0,9.1,5.0,0.334,19.2,27.0,0.11
272,273,South Carolina State,16,1,15,0.063,-26.49,-6.37,0.0,1.0,1,3,0,11,796,1118,67.1,104.2,0.254,0.384,0.509,54.6,61.9,14.2,6.3,0.478,16.5,40.4,0.185
273,274,South Carolina Upstate,17,8,9,0.471,-18.67,-10.04,3.0,1.0,5,1,2,7,987,1097,72.7,88.8,0.298,0.341,0.474,51.3,47.9,13.3,10.3,0.444,20.4,32.9,0.195
274,275,South Dakota,19,13,6,0.684,2.42,0.17,2.0,2.0,7,2,4,2,1410,1219,70.7,89.0,0.228,0.379,0.466,45.6,52.7,11.3,11.9,0.439,17.4,28.7,0.155
275,276,South Dakota State,17,12,5,0.706,11.34,4.2,4.0,0.0,7,1,5,4,1171,1015,68.2,86.3,0.24,0.342,0.444,45.9,51.2,11.1,10.4,0.413,15.9,27.1,0.162
276,277,South Florida,19,11,8,0.579,7.23,2.86,3.0,3.0,8,2,1,3,1227,1144,68.4,87.5,0.285,0.311,0.456,47.5,44.8,9.1,5.2,0.425,17.4,29.0,0.187
277,278,Southeast Missouri State,16,5,11,0.313,-13.16,-3.8,2.0,3.0,4,3,1,8,1040,1111,75.1,92.4,0.399,0.349,0.519,54.4,60.4,10.6,5.4,0.486,22.8,35.6,0.265
278,279,Southeastern Louisiana,16,9,7,0.563,4.22,1.36,5.0,0.0,5,3,4,2,988,889,69.0,79.9,0.326,0.379,0.452,52.0,53.5,9.7,6.9,0.404,22.9,28.8,0.236
279,280,Southern,18,5,13,0.278,-12.39,6.9,3.0,1.0,3,1,2,12,1002,1274,73.3,96.6,0.336,0.332,0.533,56.9,62.3,10.6,9.0,0.507,21.8,34.2,0.223
280,281,Southern California,14,13,1,0.929,30.37,11.44,3.0,1.0,9,0,1,1,1076,811,71.8,80.6,0.252,0.299,0.45,48.4,54.2,8.8,5.5,0.409,21.8,28.5,0.189
281,282,Southern Illinois,15,6,9,0.4,-2.53,0.27,1.0,4.0,4,5,0,3,977,1019,74.6,90.3,0.401,0.259,0.521,50.5,53.0,9.7,8.0,0.48,24.0,29.2,0.281
282,283,SIU Edwardsville,19,3,16,0.158,-15.91,-4.24,0.0,6.0,3,6,0,10,1354,1496,75.9,103.7,0.352,0.33,0.524,52.4,63.2,10.7,8.5,0.493,16.0,35.2,0.236
283,284,Southern Indiana,16,11,5,0.688,-4.61,-4.54,6.0,0.0,8,2,3,3,1116,1020,72.6,87.9,0.288,0.385,0.468,47.2,54.2,11.9,7.2,0.432,19.1,28.8,0.199
284,285,Southern Methodist,17,8,9,0.471,5.45,1.98,2.0,4.0,6,5,2,2,1210,1151,73.2,91.2,0.278,0.357,0.486,50.5,63.7,9.6,7.3,0.442,19.3,30.9,0.215
285,286,Southern Mississippi,16,9,7,0.563,1.42,-1.64,2.0,4.0,8,2,1,4,1136,1048,72.4,90.4,0.278,0.369,0.481,47.0,58.0,9.9,6.1,0.452,19.8,31.6,0.185
286,287,Southern Utah,15,4,11,0.267,-7.44,0.27,2.0,4.0,3,5,1,6,993,1087,71.7,101.1,0.265,0.338,0.52,50.2,54.6,13.6,8.0,0.491,16.4,31.5,0.19
287,288,St. Bonaventure,17,4,13,0.235,-13.23,-5.47,1.0,5.0,3,4,1,9,1007,1139,68.9,97.3,0.238,0.39,0.522,51.6,54.2,9.5,11.0,0.502,19.4,30.0,0.158
288,289,St. John's (NY),19,11,8,0.579,8.23,4.76,5.0,2.0,7,2,4,3,1126,1060,62.7,89.0,0.171,0.268,0.498,51.6,54.4,8.0,9.1,0.475,23.4,33.4,0.127
289,290,St. Thomas,19,11,8,0.579,-4.16,-0.98,3.0,2.0,6,3,5,3,1303,1285,71.6,94.5,0.264,0.357,0.521,48.5,56.8,10.9,11.8,0.489,20.8,30.4,0.195
290,291,Stanford,17,15,2,0.882,37.55,13.9,4.0,1.0,10,0,3,2,1386,984,69.8,82.3,0.146,0.33,0.426,39.0,47.4,8.8,5.5,0.399,15.4,23.7,0.112
291,292,Stephen F. Austin,18,12,6,0.667,-0.57,-1.57,6.0,1.0,8,2,4,3,1377,1216,75.2,88.1,0.298,0.313,0.481,48.6,52.4,10.7,7.2,0.449,20.8,30.7,0.199
292,293,Stetson,18,7,11,0.389,-11.79,-4.54,2.0,2.0,5,3,2,6,1038,1095,69.1,88.0,0.341,0.419,0.496,49.3,55.0,10.4,7.9,0.455,22.0,29.2,0.242
293,294,Stonehill,17,2,15,0.118,-27.89,-8.06,2.0,2.0,2,7,0,8,847,1184,71.2,97.9,0.225,0.294,0.508,55.2,56.6,16.3,10.8,0.49,18.3,35.6,0.144
294,295,Stony Brook,15,14,1,0.933,11.66,-7.47,4.0,0.0,8,0,6,1,1149,862,74.1,77.5,0.185,0.332,0.413,45.1,52.7,9.1,7.2,0.385,18.9,27.0,0.128
295,296,Syracuse,17,15,2,0.882,18.31,3.31,5.0,1.0,11,0,2,2,1339,1084,73.3,86.9,0.201,0.317,0.466,44.4,61.0,10.7,4.6,0.443,20.3,31.9,0.137
296,297,Tarleton State,15,4,11,0.267,-13.67,-4.53,1.0,5.0,1,5,3,6,923,983,72.1,90.9,0.322,0.388,0.48,51.1,56.8,8.7,6.3,0.436,18.3,28.7,0.234
297,298,TCU,18,14,4,0.778,20.26,3.26,1.0,4.0,12,1,0,3,1362,1035,69.2,83.1,0.217,0.349,0.42,45.3,55.1,8.6,3.9,0.386,15.6,28.1,0.153
298,299,Temple,17,9,8,0.529,7.21,-0.44,3.0,2.0,5,5,3,2,1184,1054,71.8,85.8,0.348,0.289,0.485,48.2,58.3,8.1,5.9,0.437,24.1,33.7,0.256
299,300,Tennessee,17,11,6,0.647,18.81,12.16,4.0,1.0,7,2,3,2,1318,1205,75.5,93.2,0.184,0.29,0.463,45.7,52.0,11.1,7.2,0.439,14.1,30.4,0.127
300,301,Tennessee State,16,5,11,0.313,-17.64,-5.71,2.0,4.0,4,4,0,6,982,1136,74.6,93.7,0.375,0.364,0.537,54.8,62.0,12.0,7.1,0.496,25.6,39.7,0.274
301,302,Tennessee Tech,17,8,9,0.471,-5.42,-3.62,3.0,3.0,4,4,3,4,1174,1113,69.9,93.0,0.365,0.292,0.541,48.9,56.2,10.6,6.4,0.501,23.8,29.0,0.268
302,303,Tennessee-Martin,17,6,11,0.353,-6.33,-1.39,3.0,3.0,3,5,3,6,1069,1120,69.6,94.0,0.267,0.363,0.505,50.4,63.3,13.5,12.0,0.467,19.5,32.1,0.203
303,304,Texas,19,17,2,0.895,40.2,9.25,4.0,2.0,10,1,4,1,1653,1065,74.3,75.4,0.288,0.278,0.459,40.7,51.3,9.3,4.3,0.421,27.1,27.5,0.202
304,305,Texas A&M,17,14,3,0.824,23.6,1.3,2.0,2.0,11,0,2,3,1255,876,72.4,71.2,0.271,0.301,0.403,42.2,56.8,8.2,5.6,0.364,21.2,23.1,0.181
305,306,Texas A&M-Commerce,15,8,7,0.533,-11.92,-0.77,3.0,2.0,6,2,2,5,1053,1119,77.6,96.2,0.262,0.293,0.481,54.0,51.6,8.9,9.0,0.446,16.0,33.2,0.191
306,307,Texas A&M-Corpus Christi,16,11,5,0.688,-3.21,-3.87,4.0,1.0,8,2,3,3,1067,894,72.0,77.0,0.284,0.318,0.421,47.6,58.6,12.0,7.6,0.38,21.3,29.4,0.197
307,308,Texas Southern,14,3,11,0.214,-20.78,0.07,2.0,1.0,2,4,1,7,809,1038,77.8,95.2,0.292,0.287,0.484,54.2,51.7,14.6,9.4,0.442,17.3,36.2,0.219
308,309,Texas State,18,10,8,0.556,-2.74,-3.86,1.0,5.0,5,3,3,5,1213,1115,71.2,86.4,0.302,0.298,0.488,48.3,49.2,11.3,11.5,0.455,22.9,30.9,0.205
309,310,Texas Tech,19,14,5,0.737,15.83,5.26,3.0,3.0,11,1,1,2,1334,1133,70.8,84.2,0.27,0.347,0.49,47.8,52.0,10.6,8.6,0.456,25.0,31.0,0.193
310,311,Texas-Rio Grande Valley,16,3,13,0.188,-12.05,-0.74,2.0,5.0,1,6,2,7,962,1143,73.6,97.0,0.307,0.312,0.517,55.6,53.8,11.4,10.1,0.479,19.2,33.0,0.226
311,312,Toledo,15,12,3,0.8,9.63,1.2,5.0,0.0,5,1,5,2,1038,878,69.4,84.3,0.297,0.32,0.465,47.4,45.0,10.0,5.9,0.426,20.8,28.5,0.209
312,313,Towson,14,8,6,0.571,-5.66,-2.06,1.0,3.0,3,2,3,4,921,975,72.5,94.4,0.262,0.301,0.519,51.9,49.6,7.5,6.5,0.487,20.3,29.4,0.193
313,314,Troy,16,8,8,0.5,3.13,2.76,5.0,1.0,3,4,3,4,1267,1261,81.5,96.0,0.292,0.325,0.507,49.4,51.3,7.8,4.8,0.479,18.4,30.8,0.196
314,315,Tulane,16,8,8,0.5,2.86,-0.33,1.0,4.0,7,2,1,4,1067,1016,67.6,94.0,0.215,0.365,0.492,47.7,59.7,12.2,6.9,0.463,17.8,31.1,0.16
315,316,Tulsa,18,13,5,0.722,5.05,2.21,3.0,2.0,6,1,3,3,1251,1200,73.5,90.2,0.258,0.31,0.449,51.1,42.7,9.5,5.0,0.408,15.1,31.3,0.193
316,317,UAB,17,13,4,0.765,1.14,-7.42,4.0,1.0,8,1,4,2,1225,1077,71.8,87.6,0.222,0.252,0.447,50.3,43.9,10.7,7.1,0.426,17.4,32.6,0.136
317,318,UC Davis,17,9,8,0.529,-4.13,0.61,5.0,2.0,6,1,3,7,1085,1067,70.4,89.1,0.248,0.306,0.48,51.0,53.9,12.5,5.5,0.454,18.4,25.8,0.164
318,319,UC Irvine,16,10,6,0.625,2.9,-2.92,4.0,2.0,4,1,5,4,977,884,68.3,80.9,0.285,0.377,0.484,48.9,57.9,9.6,5.4,0.447,26.0,28.5,0.205
319,320,UC Riverside,17,9,8,0.529,-5.73,0.87,4.0,3.0,6,2,3,6,996,1040,68.7,89.0,0.271,0.366,0.512,54.3,60.5,9.3,11.8,0.486,24.9,32.9,0.183
320,321,UC San Diego,17,7,10,0.412,-4.03,0.04,3.0,3.0,5,5,2,4,1039,990,67.5,85.0,0.245,0.365,0.478,47.8,54.3,13.6,8.5,0.443,21.2,26.2,0.181
321,322,UC Santa Barbara,17,12,5,0.706,0.36,-3.97,6.0,1.0,8,1,3,3,1170,1010,68.8,85.1,0.202,0.305,0.445,47.1,50.0,9.2,8.0,0.417,18.2,29.5,0.142
322,323,UCLA,15,14,1,0.933,36.82,12.09,3.0,1.0,9,0,2,1,1272,901,74.3,80.9,0.292,0.373,0.458,37.6,53.0,9.2,5.5,0.413,19.9,20.8,0.219
323,324,UNC Asheville,18,7,11,0.389,-17.97,-14.28,1.0,4.0,5,4,2,5,1069,1035,71.4,80.0,0.316,0.303,0.451,48.6,46.6,11.1,5.5,0.419,22.6,30.3,0.201
324,325,UNC Greensboro,18,13,5,0.722,-6.89,-9.24,2.0,1.0,11,0,2,5,1193,972,67.5,80.0,0.285,0.246,0.44,46.2,50.1,8.6,6.0,0.394,21.4,29.8,0.212
325,326,UNC Wilmington,15,2,13,0.133,-25.9,-4.11,0.0,4.0,1,6,1,7,818,1087,73.8,97.4,0.189,0.29,0.505,55.3,59.5,13.0,9.7,0.487,19.3,39.5,0.127
326,327,UT Arlington,17,8,9,0.471,-3.98,0.67,4.0,3.0,3,3,4,5,1162,1241,74.6,97.9,0.34,0.319,0.504,53.0,63.7,11.2,6.8,0.471,18.4,34.3,0.229
327,328,Utah,17,12,5,0.706,33.54,7.8,2.0,3.0,7,1,4,3,1470,984,72.1,79.7,0.18,0.299,0.455,40.8,54.7,10.1,8.8,0.43,21.4,21.3,0.126
328,329,Utah State,17,3,14,0.176,-19.57,-2.5,0.0,6.0,2,7,1,7,952,1198,69.6,101.3,0.282,0.403,0.512,52.7,62.5,13.6,9.6,0.483,17.0,35.6,0.196
329,330,Utah Tech,17,9,8,0.529,-6.06,-3.66,3.0,3.0,6,3,3,5,1276,1180,74.5,93.1,0.212,0.398,0.46,51.3,58.4,10.3,8.9,0.438,14.3,30.2,0.138
330,331,Utah Valley,16,6,10,0.375,-10.63,-5.49,1.0,6.0,5,3,1,7,967,1010,70.6,88.7,0.357,0.385,0.504,55.1,67.3,9.9,11.1,0.459,25.2,36.1,0.26
331,332,UTEP,16,6,10,0.375,-3.32,3.33,1.0,2.0,6,3,0,3,1108,1176,72.9,99.2,0.337,0.385,0.554,49.1,60.5,8.9,7.7,0.523,20.9,29.2,0.238
332,333,UTSA,17,10,7,0.588,2.14,0.79,4.0,2.0,5,2,5,5,1109,1086,70.2,88.4,0.367,0.348,0.456,43.1,58.1,12.6,8.1,0.412,16.6,28.6,0.248
333,334,Valparaiso,14,1,13,0.071,-19.0,-3.22,0.0,5.0,1,3,0,9,821,1042,73.0,101.0,0.421,0.31,0.564,58.1,58.2,11.5,8.1,0.52,22.7,36.2,0.313
334,335,Vanderbilt,19,17,2,0.895,16.4,2.5,4.0,1.0,11,1,4,1,1366,1102,70.7,82.1,0.223,0.388,0.464,46.4,56.3,10.9,6.7,0.438,23.2,29.2,0.15
335,336,Vermont,19,12,7,0.632,-1.81,-5.31,4.0,1.0,8,1,4,3,1099,1020,62.4,86.0,0.229,0.275,0.453,50.4,43.3,10.0,7.9,0.422,18.1,30.0,0.16
336,337,Villanova,17,12,5,0.706,15.8,7.68,5.0,1.0,7,1,5,4,1122,984,65.6,87.6,0.21,0.278,0.465,50.1,50.0,7.2,8.0,0.433,19.7,32.1,0.157
337,338,Virginia,17,8,9,0.471,15.11,9.64,0.0,6.0,6,5,1,3,1249,1156,76.0,88.9,0.313,0.354,0.478,46.4,59.8,9.8,8.9,0.438,18.6,27.0,0.222
338,339,Virginia Commonwealth,17,15,2,0.882,10.03,-0.84,4.0,1.0,8,0,3,2,1066,853,65.8,76.2,0.24,0.319,0.421,41.3,47.7,10.3,6.2,0.39,20.4,24.6,0.158
339,340,Virginia Tech,17,13,4,0.765,25.65,6.59,4.0,2.0,9,0,2,3,1328,1004,69.2,85.3,0.269,0.292,0.447,44.4,40.6,7.9,6.5,0.405,16.5,25.5,0.199
340,341,Wagner,15,4,11,0.267,-31.37,-13.44,1.0,2.0,3,2,1,7,813,1031,71.6,95.2,0.33,0.375,0.52,54.5,65.1,14.3,7.2,0.488,22.8,38.8,0.228
341,342,Wake Forest,18,4,14,0.222,2.97,10.8,0.0,6.0,3,6,0,7,1074,1215,68.8,98.1,0.295,0.302,0.516,53.8,49.7,11.1,9.8,0.48,18.4,33.9,0.216
342,343,Washington,15,11,4,0.733,20.35,4.88,1.0,3.0,7,1,2,3,1006,774,66.0,78.3,0.233,0.305,0.419,44.4,45.7,8.5,7.2,0.389,18.5,26.1,0.151
343,344,Washington State,17,12,5,0.706,25.03,9.21,1.0,3.0,6,1,4,3,1264,995,69.4,83.1,0.221,0.249,0.444,47.0,47.3,8.7,4.8,0.409,18.9,28.4,0.164
344,345,Weber State,18,5,13,0.278,-9.71,-0.18,2.0,3.0,4,1,1,11,1032,1180,68.3,96.0,0.25,0.354,0.522,49.6,55.2,11.8,9.8,0.489,18.8,27.0,0.19
345,346,West Virginia,17,15,2,0.882,26.06,3.0,4.0,2.0,9,1,3,1,1332,940,74.8,73.9,0.292,0.298,0.461,49.1,46.8,9.3,6.2,0.421,29.2,30.2,0.208
346,347,Western Carolina,18,5,13,0.278,-25.17,-9.7,0.0,3.0,3,8,2,5,1067,1167,70.1,92.5,0.294,0.321,0.47,52.9,43.4,12.5,7.4,0.438,17.9,36.0,0.195
347,348,Western Illinois,16,11,5,0.688,-9.78,-12.61,2.0,3.0,9,1,2,4,1240,1014,75.0,84.6,0.298,0.364,0.47,45.0,52.1,11.4,5.8,0.433,20.2,24.4,0.206
348,349,Western Kentucky,19,12,7,0.632,2.26,-0.13,3.0,1.0,6,2,4,3,1272,1171,71.9,85.7,0.313,0.384,0.477,54.3,60.7,10.8,7.6,0.434,23.7,35.9,0.228
349,350,Western Michigan,15,6,9,0.4,-11.92,-2.78,1.0,4.0,4,3,1,5,907,1022,69.7,97.0,0.344,0.318,0.532,56.0,55.9,11.8,11.2,0.495,21.6,35.8,0.248
350,351,Wichita State,18,6,12,0.333,-4.67,1.11,2.0,4.0,5,5,0,6,1141,1245,73.9,93.5,0.273,0.294,0.497,51.5,53.9,11.2,7.6,0.474,19.9,34.4,0.175
351,352,William & Mary,15,7,8,0.467,-2.25,-1.59,3.0,1.0,1,5,5,3,926,936,72.7,85.8,0.322,0.28,0.461,54.5,48.0,10.9,7.1,0.415,21.6,34.7,0.234
352,353,Winthrop,18,8,10,0.444,-18.15,-7.62,2.0,3.0,4,4,3,5,1002,1087,70.2,84.9,0.291,0.386,0.49,49.5,54.8,12.3,6.5,0.458,25.1,32.3,0.2
353,354,Wisconsin,17,8,9,0.471,6.29,10.4,1.0,6.0,5,4,2,4,1093,1163,72.4,94.6,0.267,0.381,0.488,51.2,61.7,12.8,7.5,0.457,17.9,33.1,0.185
354,355,Wofford,16,9,7,0.563,-7.62,-5.62,1.0,1.0,7,1,2,6,1066,972,72.4,83.9,0.214,0.423,0.437,50.1,56.9,8.3,7.5,0.413,17.8,30.1,0.138
355,356,Wright State,19,11,8,0.579,-2.27,-0.33,5.0,3.0,6,3,4,4,1353,1325,72.7,95.3,0.306,0.275,0.512,53.7,47.6,10.2,7.4,0.482,19.1,30.6,0.209
356,357,Wyoming,16,9,7,0.563,5.19,4.39,4.0,1.0,5,2,3,4,1023,965,65.1,92.7,0.238,0.323,0.494,46.6,47.0,10.7,6.9,0.461,16.6,23.8,0.179
357,358,Xavier,15,1,14,0.067,-12.75,4.51,0.0,6.0,1,6,0,7,760,1019,68.1,98.9,0.271,0.363,0.508,55.2,65.2,15.0,13.9,0.471,18.5,37.4,0.205
358,359,Yale,16,3,13,0.188,-8.9,-0.59,0.0,3.0,3,4,0,9,998,1131,70.7,99.9,0.399,0.269,0.55,49.5,52.4,10.3,7.3,0.502,19.7,31.4,0.306
359,360,Youngstown State,19,7,12,0.368,-11.56,-4.33,3.0,6.0,6,4,1,6,1090,1174,68.1,90.7,0.273,0.354,0.472,50.6,54.7,12.2,9.6,0.439,17.9,31.4,0.188
