Rk,School,G,W,L,W_L_Pct,SRS,SOS,W_Conf,L_Conf,W_Home,L_Home,W_Away,L_Away,Pts_Tm,Pts_Opp,Pace,ORtg,FTr,3PAr,TS_Pct,TRB_Pct,AST_Pct,STL_Pct,BLK_Pct,eFG_Pct,TOV_Pct,ORB_Pct,FTperFGA
1,Abilene Christian,32,15,17,0.469,-3.8,-1.15,10.0,10.0,8,6,5,9,2320,2351,71.3,100.5,0.388,0.258,0.522,47.7,49.9,11.0,5.3,0.476,15.4,26.8,0.284
2,Air Force,31,9,22,0.29,-4.29,1.9,2.0,16.0,4,12,5,8,2051,2243,63.4,103.6,0.296,0.472,0.56,46.2,62.0,10.2,11.8,0.538,16.9,23.8,0.202
3,Akron,33,23,10,0.697,3.14,-2.54,13.0,5.0,13,1,7,6,2455,2178,67.1,110.5,0.326,0.424,0.56,53.4,50.3,8.6,8.1,0.528,14.6,31.0,0.237
4,Alabama,32,21,11,0.656,21.15,11.46,13.0,5.0,14,2,5,5,2904,2594,74.2,121.3,0.352,0.467,0.6,53.0,52.1,9.7,10.5,0.562,13.7,35.0,0.276
5,Alabama A&M,33,11,22,0.333,-14.66,-7.57,9.0,9.0,7,5,3,14,2267,2501,71.8,95.4,0.479,0.27,0.511,49.6,45.7,10.6,10.7,0.455,19.4,31.7,0.344
6,Alabama State,32,13,19,0.406,-11.73,-6.86,8.0,10.0,7,5,3,13,2195,2221,69.7,97.0,0.284,0.38,0.463,50.1,44.7,12.2,12.0,0.423,13.2,32.4,0.205
7,Albany (NY),32,13,19,0.406,-6.45,-5.06,5.0,11.0,8,5,5,13,2517,2521,74.6,105.1,0.288,0.368,0.538,50.0,44.8,11.1,7.4,0.507,15.4,30.5,0.209
8,Alcorn State,32,14,18,0.438,-11.57,-5.6,13.0,5.0,7,3,7,14,2300,2477,68.3,104.8,0.378,0.266,0.527,51.4,45.4,10.0,5.7,0.487,14.5,33.6,0.269
9,American,32,16,16,0.5,-8.7,-8.54,10.0,8.0,8,7,8,9,2200,2176,63.1,108.1,0.283,0.456,0.557,51.6,57.4,9.1,5.5,0.53,15.0,28.4,0.204
10,Appalachian State,33,27,6,0.818,6.46,-2.54,16.0,2.0,15,0,8,4,2589,2196,69.2,110.9,0.319,0.318,0.553,53.6,50.1,8.8,15.6,0.529,13.2,31.0,0.216
11,Arizona,33,25,8,0.758,25.4,9.7,15.0,5.0,15,1,7,4,2902,2384,73.3,117.8,0.367,0.326,0.58,57.1,59.1,11.1,9.0,0.55,13.7,36.3,0.264
12,Arizona State,32,14,18,0.438,4.93,9.9,8.0,12.0,10,5,3,8,2209,2368,70.6,97.5,0.331,0.377,0.502,45.0,48.7,11.6,10.2,0.473,13.2,21.9,0.217
13,Arkansas,33,16,17,0.485,6.43,8.46,6.0,12.0,12,6,2,7,2566,2633,72.2,106.1,0.453,0.329,0.556,48.7,45.1,8.2,15.0,0.505,14.6,25.2,0.342
14,Arkansas State,34,18,16,0.529,0.54,-1.05,11.0,7.0,10,3,5,11,2677,2623,70.0,112.0,0.327,0.435,0.547,51.9,52.7,8.0,10.1,0.517,13.6,33.9,0.231
15,Arkansas-Pine Bluff,31,13,18,0.419,-15.58,-7.62,8.0,10.0,8,6,5,12,2483,2536,74.3,107.8,0.375,0.493,0.579,47.5,57.4,7.9,5.4,0.539,16.1,24.3,0.286
16,Army,32,10,22,0.313,-14.41,-8.67,6.0,12.0,6,11,4,11,1930,2059,63.1,94.5,0.257,0.451,0.492,50.0,56.7,9.0,12.2,0.477,16.6,27.3,0.151
17,Auburn,32,25,7,0.781,23.07,7.63,13.0,5.0,15,1,5,5,2674,2180,70.9,117.8,0.381,0.377,0.578,52.6,62.4,10.5,15.8,0.54,12.6,33.5,0.286
18,Austin Peay,34,19,15,0.559,-5.21,-4.21,10.0,6.0,14,2,4,12,2548,2480,65.6,112.2,0.309,0.363,0.545,49.3,41.2,10.6,7.8,0.516,11.3,30.3,0.217
19,Ball State,31,15,16,0.484,-6.44,-5.68,7.0,11.0,9,7,6,8,2280,2200,67.8,107.2,0.385,0.371,0.558,50.9,50.1,8.0,8.1,0.513,15.5,28.3,0.295
20,Baylor,33,23,10,0.697,20.24,11.43,11.0,7.0,15,2,4,5,2658,2350,66.9,117.6,0.397,0.38,0.592,54.6,53.7,9.8,8.8,0.557,15.1,36.0,0.293
21,Bellarmine,31,8,23,0.258,-11.39,-2.06,4.0,12.0,6,7,2,16,2153,2320,66.8,103.1,0.224,0.38,0.53,46.9,52.7,7.9,5.9,0.499,12.7,22.6,0.175
22,Belmont,33,20,13,0.606,2.95,1.61,12.0,8.0,12,2,6,9,2570,2493,72.0,107.7,0.303,0.418,0.579,48.6,54.7,10.4,8.1,0.553,15.3,21.7,0.219
23,Bethune-Cookman,33,17,16,0.515,-12.16,-9.1,11.0,7.0,11,2,5,11,2394,2381,71.7,100.1,0.379,0.316,0.528,48.7,48.7,14.3,9.7,0.48,17.0,30.0,0.286
24,Binghamton,30,15,15,0.5,-9.1,-5.03,7.0,9.0,10,4,5,11,2163,2167,68.6,104.3,0.342,0.308,0.535,53.6,54.3,7.2,10.3,0.508,15.3,30.2,0.228
25,Boise State,32,22,10,0.688,13.87,7.47,13.0,5.0,13,3,7,3,2426,2161,67.1,112.1,0.368,0.401,0.559,55.5,47.9,8.5,6.9,0.522,14.1,33.7,0.271
26,Boston College,34,19,15,0.559,9.48,7.01,8.0,12.0,10,6,6,6,2535,2451,68.0,108.9,0.256,0.385,0.555,50.5,51.9,8.8,9.6,0.527,13.7,27.2,0.192
27,Boston University,33,16,17,0.485,-9.69,-8.25,10.0,8.0,9,7,7,10,2193,2198,65.9,99.7,0.303,0.411,0.516,51.5,55.6,9.8,9.6,0.482,15.3,26.8,0.217
28,Bowling Green State,33,20,13,0.606,-4.77,-5.45,10.0,8.0,12,4,5,7,2427,2337,68.9,104.7,0.358,0.357,0.522,52.3,43.2,9.3,7.1,0.483,14.0,30.7,0.256
29,Bradley,33,22,11,0.667,9.67,2.58,13.0,7.0,13,3,6,6,2461,2212,66.9,110.2,0.275,0.422,0.577,51.6,49.3,10.7,11.9,0.553,15.8,28.9,0.198
30,Brigham Young,33,23,10,0.697,20.37,8.43,10.0,8.0,16,2,3,7,2701,2307,70.0,116.9,0.253,0.507,0.575,54.2,63.2,8.5,7.7,0.551,13.0,32.8,0.186
31,Brown,29,12,17,0.414,-4.22,-1.94,8.0,6.0,5,7,6,8,2061,2084,67.6,103.4,0.332,0.41,0.522,51.9,52.3,9.2,11.9,0.496,15.4,32.3,0.217
32,Bryant,33,20,13,0.606,-2.85,-3.33,11.0,5.0,11,3,8,10,2598,2488,76.0,102.9,0.299,0.386,0.545,47.1,51.0,9.1,14.9,0.523,14.2,21.0,0.2
33,Bucknell,33,14,19,0.424,-8.04,-6.1,10.0,8.0,6,8,8,11,2153,2217,64.1,100.6,0.29,0.449,0.534,49.1,52.6,9.4,10.7,0.504,16.7,25.8,0.208
34,Buffalo,31,4,27,0.129,-14.83,-2.53,2.0,16.0,2,13,2,12,2108,2471,70.5,96.1,0.275,0.408,0.509,48.7,53.9,8.6,11.4,0.477,17.9,28.5,0.197
35,Butler,32,18,14,0.563,12.29,9.48,9.0,11.0,12,5,4,7,2472,2359,69.4,108.7,0.266,0.383,0.555,49.4,53.7,8.7,8.3,0.52,13.5,26.8,0.21
36,Cal Poly,32,4,28,0.125,-13.21,-1.86,0.0,20.0,3,11,0,16,2037,2371,66.7,94.3,0.32,0.336,0.497,44.8,43.7,8.0,9.5,0.46,16.5,24.5,0.226
37,Cal State Bakersfield,32,13,19,0.406,-5.01,-1.81,8.0,12.0,10,4,2,13,2199,2214,66.3,102.4,0.323,0.256,0.512,50.9,41.5,10.2,10.7,0.474,15.3,33.9,0.234
38,Cal State Fullerton,32,14,18,0.438,-4.68,-0.68,7.0,13.0,7,7,6,10,2172,2212,67.5,100.2,0.399,0.365,0.532,48.0,38.4,9.9,8.9,0.491,16.1,24.8,0.282
39,Cal State Northridge,34,19,15,0.559,-4.4,-3.75,9.0,11.0,9,7,9,7,2551,2503,73.5,101.7,0.367,0.26,0.526,53.4,50.2,10.1,10.1,0.495,16.6,32.3,0.245
40,California,32,13,19,0.406,5.29,8.35,9.0,11.0,10,6,3,8,2367,2465,69.7,103.7,0.292,0.42,0.525,50.5,46.5,8.5,6.7,0.492,14.1,28.6,0.212
41,California Baptist,33,16,17,0.485,-2.36,-2.29,8.0,12.0,11,7,4,9,2222,2197,65.7,101.7,0.377,0.363,0.507,53.6,48.8,6.1,6.5,0.47,15.2,32.9,0.257
42,Campbell,32,14,18,0.438,-10.39,-5.42,8.0,10.0,11,6,3,11,2272,2307,67.0,104.8,0.339,0.387,0.562,48.3,52.7,9.3,7.0,0.53,15.9,24.4,0.246
43,Canisius,32,14,18,0.438,-7.66,-4.6,8.0,12.0,8,4,3,12,2252,2307,68.5,101.9,0.283,0.361,0.52,52.2,47.7,8.7,8.5,0.501,16.6,33.5,0.177
44,Central Arkansas,32,9,23,0.281,-15.3,-5.23,5.0,11.0,5,10,4,13,2309,2502,70.7,101.7,0.288,0.38,0.517,49.4,53.5,9.9,9.4,0.481,15.4,29.7,0.213
45,Central Connecticut State,31,20,11,0.645,-8.01,-10.01,13.0,3.0,11,4,9,7,2237,2061,68.0,105.2,0.321,0.359,0.54,51.4,54.8,10.9,12.8,0.508,14.4,28.5,0.227
46,Central Michigan,32,18,14,0.563,-7.78,-3.3,12.0,6.0,10,3,7,9,2127,2242,66.3,97.6,0.28,0.351,0.499,49.1,46.1,8.8,10.5,0.473,15.3,28.8,0.185
47,Charleston Southern,30,10,20,0.333,-11.84,-1.39,6.0,10.0,7,7,3,12,2028,2210,68.3,99.0,0.307,0.364,0.512,49.6,42.8,5.6,7.3,0.474,15.6,27.9,0.226
48,Charlotte,31,19,12,0.613,4.43,2.77,13.0,5.0,13,2,5,7,2131,2034,63.1,108.1,0.348,0.384,0.552,49.7,54.4,8.5,9.7,0.513,13.5,26.7,0.262
49,Chattanooga,33,21,12,0.636,-0.01,-3.66,12.0,6.0,12,4,8,7,2581,2362,68.5,112.9,0.314,0.507,0.586,51.6,50.1,9.1,10.3,0.557,15.2,28.2,0.234
50,Chicago State,30,12,18,0.4,-9.7,-2.96,,,6,5,5,12,2073,2106,67.8,101.4,0.377,0.351,0.518,49.0,46.6,12.8,8.9,0.477,16.8,34.2,0.267
51,Cincinnati,34,20,14,0.588,15.64,8.9,7.0,11.0,14,5,4,7,2537,2308,68.4,108.0,0.279,0.362,0.527,55.3,53.4,9.6,11.6,0.5,14.5,37.2,0.193
52,Clemson,32,21,11,0.656,14.95,8.86,11.0,9.0,12,4,6,6,2477,2282,67.5,113.7,0.306,0.402,0.576,52.3,53.4,6.6,11.2,0.539,13.1,27.7,0.242
53,Cleveland State,34,20,14,0.588,-2.9,-4.44,11.0,9.0,14,3,6,10,2592,2480,68.5,110.5,0.321,0.311,0.531,49.2,47.5,11.9,11.3,0.504,12.6,34.5,0.216
54,Coastal Carolina,31,9,22,0.29,-10.15,-2.56,5.0,13.0,7,12,1,9,2280,2434,71.5,102.0,0.328,0.333,0.525,51.6,47.3,8.0,8.8,0.498,16.2,30.9,0.218
55,Colgate,34,25,9,0.735,0.09,-6.07,16.0,2.0,13,3,10,5,2431,2150,66.5,107.5,0.274,0.384,0.56,52.1,57.0,9.6,10.1,0.539,14.2,25.2,0.186
56,College of Charleston,34,27,7,0.794,4.25,-2.81,15.0,3.0,13,2,10,2,2736,2466,70.0,114.6,0.271,0.472,0.551,53.0,53.4,8.8,8.1,0.524,12.0,33.5,0.195
57,Colorado,33,24,9,0.727,16.36,7.79,13.0,7.0,16,1,4,7,2628,2345,69.1,113.9,0.35,0.3,0.592,55.6,55.6,8.7,5.7,0.555,15.8,32.5,0.27
58,Colorado State,33,24,9,0.727,13.51,7.42,10.0,8.0,15,2,4,7,2535,2250,66.8,114.0,0.332,0.387,0.592,49.9,67.1,9.7,8.7,0.561,13.4,24.0,0.25
59,Columbia,27,13,14,0.481,-5.19,-3.48,4.0,10.0,9,6,4,8,2078,1956,70.0,110.0,0.299,0.386,0.57,51.7,62.9,11.1,6.7,0.541,15.3,29.5,0.219
60,Connecticut,33,30,3,0.909,24.46,7.37,18.0,2.0,16,0,9,3,2697,2133,66.2,123.4,0.334,0.408,0.601,56.2,63.2,9.5,14.2,0.573,12.7,37.0,0.247
61,Coppin State,29,2,27,0.069,-21.34,-6.38,1.0,13.0,2,8,0,17,1678,2112,67.4,85.1,0.311,0.344,0.465,43.5,41.0,11.3,8.0,0.421,20.1,27.0,0.226
62,Cornell,28,22,6,0.786,4.07,-2.16,11.0,3.0,10,1,10,5,2323,2084,72.1,115.1,0.283,0.483,0.599,50.6,59.7,11.8,7.4,0.577,15.3,29.4,0.206
63,Creighton,32,23,9,0.719,20.08,9.27,14.0,6.0,14,2,8,5,2577,2231,67.9,116.3,0.245,0.489,0.6,53.1,58.6,5.7,8.6,0.575,13.6,25.9,0.191
64,Dartmouth,27,6,21,0.222,-13.77,-1.09,2.0,12.0,6,7,0,14,1670,1940,66.3,93.3,0.292,0.433,0.507,48.9,55.9,6.7,10.4,0.477,17.3,21.8,0.201
65,Davidson,32,15,17,0.469,3.88,3.55,5.0,13.0,9,7,4,8,2242,2174,65.9,104.7,0.331,0.412,0.533,49.6,51.5,9.7,10.7,0.496,13.9,26.5,0.243
66,Dayton,31,24,7,0.774,13.58,5.13,14.0,4.0,15,0,6,5,2317,2055,64.6,115.3,0.372,0.446,0.598,50.7,58.3,8.3,11.3,0.567,14.1,26.8,0.273
67,Delaware,33,19,14,0.576,-1.43,-4.06,10.0,8.0,8,5,8,6,2416,2299,67.7,107.8,0.3,0.354,0.551,50.9,51.0,7.9,7.9,0.524,14.0,27.6,0.212
68,Delaware State,32,15,17,0.469,-10.4,-7.8,6.0,8.0,7,5,4,11,2268,2266,70.3,98.9,0.397,0.256,0.518,52.1,48.6,11.6,5.8,0.476,17.9,34.0,0.279
69,Denver,34,17,17,0.5,-6.98,-4.42,6.0,10.0,10,4,4,11,2755,2737,71.1,111.9,0.37,0.402,0.557,49.2,46.9,8.6,9.5,0.52,12.1,27.8,0.271
70,DePaul,32,3,29,0.094,-6.33,10.71,0.0,20.0,3,15,0,11,2071,2616,68.4,94.7,0.335,0.348,0.521,44.9,54.1,7.7,8.6,0.481,18.0,22.0,0.246
71,Detroit Mercy,32,1,31,0.031,-16.7,-2.42,1.0,19.0,1,11,0,20,2111,2568,68.0,96.2,0.303,0.369,0.511,44.6,45.5,10.1,6.6,0.473,17.1,26.1,0.223
72,Drake,34,28,6,0.824,11.2,1.54,16.0,4.0,16,0,6,5,2736,2397,68.5,114.5,0.33,0.398,0.585,51.4,55.9,9.2,4.5,0.552,12.3,24.2,0.251
73,Drexel,32,20,12,0.625,1.44,-3.34,13.0,5.0,13,1,6,10,2346,2130,65.7,110.4,0.3,0.333,0.544,55.6,47.2,7.6,10.5,0.514,13.8,33.9,0.216
74,Duke,32,24,8,0.75,20.28,7.87,15.0,5.0,15,3,7,4,2555,2158,67.7,117.9,0.338,0.373,0.581,53.7,54.0,9.5,9.9,0.552,12.4,31.9,0.244
75,Duquesne,33,22,11,0.667,7.09,3.9,10.0,8.0,13,4,5,6,2350,2200,67.3,105.8,0.333,0.393,0.539,50.5,53.3,11.3,12.6,0.505,15.1,30.5,0.238
76,East Carolina,33,15,18,0.455,-0.29,1.65,7.0,11.0,11,9,3,7,2287,2319,65.8,104.5,0.352,0.366,0.515,50.3,50.6,11.9,8.8,0.479,13.9,32.9,0.243
77,East Tennessee State,35,19,16,0.543,-2.9,-2.54,8.0,10.0,10,4,5,11,2502,2435,68.8,103.5,0.343,0.411,0.505,51.8,46.1,11.1,13.4,0.47,14.9,35.1,0.234
78,Eastern Illinois,32,14,18,0.438,-11.31,-6.2,8.0,10.0,9,6,4,11,2204,2172,68.2,101.0,0.267,0.287,0.501,49.9,50.2,11.8,8.8,0.467,13.1,29.0,0.195
79,Eastern Kentucky,31,17,14,0.548,-5.07,-4.14,12.0,4.0,13,4,4,10,2504,2371,71.8,112.0,0.315,0.34,0.546,52.3,49.4,8.8,14.5,0.521,13.4,34.9,0.214
80,Eastern Michigan,31,13,18,0.419,-12.47,-4.78,6.0,12.0,9,6,4,11,2047,2252,66.4,98.3,0.249,0.321,0.502,48.6,41.0,8.6,7.0,0.478,15.0,28.7,0.166
81,Eastern Washington,32,21,11,0.656,-0.55,-2.51,15.0,3.0,11,1,10,9,2586,2407,70.9,113.6,0.382,0.42,0.614,51.8,62.9,8.4,10.2,0.578,16.7,26.8,0.294
82,Elon,32,13,19,0.406,-11.18,-5.21,6.0,12.0,8,6,3,12,2339,2413,68.0,107.5,0.318,0.423,0.55,49.0,50.7,9.2,7.4,0.52,15.1,30.2,0.225
83,Evansville,33,16,17,0.485,-3.36,0.95,6.0,14.0,10,5,4,11,2360,2428,69.6,101.9,0.289,0.344,0.537,49.0,49.8,9.0,9.4,0.506,14.6,22.9,0.209
84,Fairfield,33,22,11,0.667,-2.54,-6.69,14.0,6.0,10,4,10,6,2514,2334,69.3,110.0,0.281,0.42,0.558,49.2,50.1,12.5,6.3,0.526,13.8,28.8,0.214
85,Fairleigh Dickinson,32,15,17,0.469,-14.29,-9.15,9.0,7.0,7,7,8,9,2430,2482,73.6,102.4,0.338,0.404,0.52,48.3,57.4,11.1,6.8,0.486,14.9,28.5,0.237
86,Florida,33,23,10,0.697,15.77,8.34,11.0,7.0,14,1,3,7,2818,2573,72.8,115.1,0.38,0.346,0.552,54.7,50.3,8.9,12.3,0.517,13.3,38.1,0.269
87,Florida A&M,29,6,23,0.207,-15.78,-4.15,4.0,14.0,4,8,2,14,1949,2240,69.9,94.5,0.276,0.295,0.513,48.6,56.9,8.4,7.4,0.484,18.9,27.6,0.194
88,Florida Atlantic,32,25,7,0.781,14.4,4.81,14.0,4.0,13,1,5,5,2651,2344,69.0,117.7,0.345,0.389,0.578,52.8,51.5,10.3,7.5,0.55,13.3,34.3,0.247
89,Florida Gulf Coast,32,14,18,0.438,-5.91,-3.57,8.0,8.0,9,5,4,10,2253,2276,65.6,106.9,0.276,0.387,0.548,51.3,45.3,9.2,10.3,0.524,15.0,30.0,0.192
90,Florida International,33,11,22,0.333,-7.72,-1.88,5.0,11.0,9,6,1,12,2429,2525,72.1,101.8,0.282,0.416,0.531,44.9,52.7,14.1,11.3,0.507,16.5,27.9,0.189
91,Florida State,33,17,16,0.515,9.52,9.28,10.0,10.0,10,7,4,7,2526,2518,72.2,105.7,0.368,0.316,0.539,47.5,45.0,12.8,12.1,0.503,14.3,28.5,0.261
92,Fordham,33,13,20,0.394,-0.24,1.7,6.0,12.0,6,11,4,6,2325,2389,69.3,99.8,0.352,0.422,0.5,50.7,52.5,11.4,12.6,0.467,15.5,32.6,0.233
93,Fresno State,33,12,21,0.364,-2.79,3.99,4.0,14.0,7,9,3,9,2233,2439,66.0,101.0,0.309,0.385,0.543,47.5,50.6,9.2,6.6,0.516,16.8,24.3,0.212
94,Furman,33,17,16,0.515,0.41,-1.73,10.0,8.0,12,3,4,10,2623,2506,71.2,109.9,0.322,0.481,0.554,51.3,58.7,9.8,7.2,0.521,14.2,29.9,0.234
95,Gardner-Webb,33,17,16,0.515,-4.38,-1.45,11.0,5.0,9,4,6,8,2426,2414,70.2,103.5,0.352,0.362,0.522,51.2,48.3,8.2,6.2,0.498,14.2,29.4,0.222
96,George Mason,32,20,12,0.625,6.68,2.17,9.0,9.0,14,3,5,7,2273,2109,65.0,109.2,0.37,0.37,0.562,53.3,46.1,8.4,10.6,0.523,15.7,31.7,0.275
97,George Washington,32,15,17,0.469,-0.77,0.2,4.0,14.0,12,6,1,9,2457,2472,70.4,106.2,0.344,0.419,0.555,49.5,47.0,8.2,11.6,0.518,15.2,25.9,0.257
98,Georgetown,32,9,23,0.281,0.63,7.66,2.0,18.0,7,12,2,10,2267,2492,67.4,104.3,0.339,0.41,0.523,50.1,50.5,8.4,8.6,0.486,15.2,33.4,0.242
99,Georgia,33,17,16,0.515,8.58,8.37,6.0,12.0,12,6,4,6,2468,2461,70.4,105.9,0.384,0.407,0.538,48.5,46.5,9.1,8.1,0.497,14.1,27.5,0.278
100,Georgia Southern,33,9,24,0.273,-8.11,-2.2,8.0,10.0,6,6,2,14,2420,2615,70.1,103.5,0.289,0.445,0.54,47.3,41.8,9.8,10.7,0.508,16.3,28.8,0.212
101,Georgia State,31,14,17,0.452,-4.22,-2.22,8.0,10.0,9,5,5,11,2370,2319,70.6,107.4,0.285,0.365,0.531,49.3,42.8,8.1,7.5,0.495,11.9,27.8,0.216
102,Georgia Tech,32,14,18,0.438,4.59,8.81,7.0,13.0,8,7,4,9,2272,2407,68.2,102.5,0.292,0.405,0.519,51.8,52.5,6.3,10.7,0.487,15.2,31.6,0.207
103,Gonzaga,32,25,7,0.781,17.34,3.05,14.0,2.0,13,2,8,2,2716,2207,70.2,120.9,0.312,0.312,0.596,55.2,51.7,9.9,10.3,0.572,12.1,34.0,0.225
104,Grambling,33,19,14,0.576,-10.48,-6.31,14.0,4.0,9,3,7,9,2223,2281,67.2,99.4,0.384,0.283,0.526,49.2,40.3,10.9,8.1,0.486,17.4,30.0,0.271
105,Grand Canyon,32,28,4,0.875,9.84,-1.78,17.0,3.0,16,0,8,3,2544,2134,69.4,114.1,0.423,0.364,0.574,53.7,45.9,11.6,13.9,0.53,15.0,34.9,0.319
106,Green Bay,32,18,14,0.563,-5.37,-3.8,13.0,7.0,10,5,8,8,2209,2207,64.6,106.0,0.289,0.482,0.557,50.4,52.8,6.7,5.9,0.53,16.2,27.7,0.209
107,Hampton,33,9,24,0.273,-15.58,-5.05,3.0,15.0,5,9,1,12,2369,2520,70.8,101.4,0.294,0.377,0.517,49.8,49.4,8.3,9.9,0.484,15.2,30.1,0.21
108,Harvard,27,14,13,0.519,-4.3,-1.8,5.0,9.0,9,5,5,8,1900,1937,67.8,102.9,0.348,0.393,0.538,48.6,52.8,9.1,11.9,0.505,15.7,26.8,0.244
109,Hawaii,34,20,14,0.588,0.34,-2.16,11.0,9.0,13,6,4,6,2458,2337,67.4,106.1,0.383,0.422,0.565,51.5,49.1,6.8,6.1,0.53,16.3,26.4,0.275
110,High Point,33,25,8,0.758,2.28,-5.05,13.0,3.0,16,2,7,5,2779,2449,69.5,119.7,0.44,0.413,0.583,56.4,43.6,7.4,8.1,0.533,13.5,37.8,0.343
111,Hofstra,33,20,13,0.606,2.53,-1.75,12.0,6.0,11,2,5,10,2449,2259,66.6,111.0,0.215,0.464,0.579,48.2,56.1,9.2,10.4,0.557,14.0,23.6,0.162
112,Holy Cross,33,10,23,0.303,-16.88,-7.63,6.0,12.0,5,8,4,14,2194,2462,65.4,101.2,0.256,0.379,0.527,48.0,44.8,6.1,9.4,0.506,14.9,24.1,0.17
113,Houston,33,30,3,0.909,27.31,9.91,15.0,3.0,17,0,7,3,2442,1868,64.3,114.3,0.304,0.365,0.531,52.8,49.1,15.6,16.3,0.503,11.2,37.2,0.21
114,Houston Christian,29,6,23,0.207,-18.84,-3.36,4.0,14.0,5,8,1,15,2074,2420,73.4,97.0,0.363,0.279,0.505,49.2,43.5,7.6,6.5,0.475,17.8,31.2,0.234
115,Howard,33,17,16,0.515,-8.41,-7.7,9.0,5.0,9,4,6,9,2485,2462,69.7,106.5,0.413,0.387,0.568,52.6,55.8,8.7,7.1,0.526,19.1,34.3,0.308
116,Idaho,32,11,21,0.344,-10.83,-4.23,5.0,13.0,6,10,4,10,2170,2278,65.9,102.6,0.274,0.408,0.54,48.2,49.9,8.5,9.6,0.51,15.4,24.1,0.201
117,Idaho State,34,14,20,0.412,-7.02,-4.65,7.0,11.0,8,5,4,13,2397,2383,64.9,106.7,0.329,0.349,0.545,51.5,46.6,10.6,9.6,0.517,14.5,30.4,0.226
118,Illinois,32,24,8,0.75,19.65,8.9,14.0,6.0,15,3,6,5,2679,2335,70.4,117.9,0.374,0.379,0.572,55.8,43.9,6.1,8.2,0.536,12.9,36.0,0.276
119,Illinois State,32,15,17,0.469,-1.2,0.6,9.0,11.0,10,6,4,8,2128,2165,65.3,101.9,0.36,0.38,0.519,51.1,53.8,8.5,6.6,0.479,14.9,29.0,0.256
120,Illinois-Chicago,33,12,21,0.364,-1.42,1.49,4.0,16.0,6,9,3,10,2319,2361,68.7,100.4,0.259,0.41,0.536,47.7,54.4,8.8,14.1,0.512,15.9,23.4,0.179
121,Incarnate Word,31,8,23,0.258,-15.97,-7.49,3.0,15.0,5,8,3,14,2240,2436,71.9,99.6,0.359,0.397,0.533,50.7,49.1,8.3,10.4,0.494,19.1,30.3,0.261
122,Indiana,33,19,14,0.576,8.06,10.06,10.0,10.0,13,5,4,6,2386,2452,69.4,104.2,0.377,0.278,0.548,50.0,57.3,7.5,11.2,0.521,15.5,27.0,0.25
123,Indiana State,34,28,6,0.824,12.79,0.91,17.0,3.0,13,1,9,4,2870,2448,71.3,117.9,0.328,0.494,0.632,52.9,59.9,8.6,4.5,0.6,15.1,23.4,0.261
124,Iona,33,16,17,0.485,-4.88,-5.64,10.0,10.0,9,5,5,8,2354,2329,68.0,104.9,0.285,0.387,0.522,46.9,55.2,13.0,9.2,0.5,13.0,28.3,0.186
125,Iowa,32,18,14,0.563,13.24,9.27,10.0,10.0,12,4,4,8,2654,2527,72.4,114.1,0.33,0.296,0.566,49.0,59.1,9.5,9.8,0.527,11.5,27.7,0.257
126,Iowa State,33,26,7,0.788,22.14,8.29,13.0,5.0,18,0,5,5,2500,2043,68.4,110.8,0.361,0.317,0.549,50.7,57.8,15.3,10.9,0.517,13.5,31.9,0.253
127,IUPUI,32,6,26,0.188,-21.07,-4.38,2.0,18.0,4,10,2,14,2108,2554,68.8,95.3,0.344,0.251,0.512,47.0,42.8,11.0,5.9,0.469,18.5,30.3,0.253
128,Jackson State,32,15,17,0.469,-11.41,-7.07,11.0,7.0,6,2,7,13,2279,2418,70.0,101.4,0.347,0.338,0.509,50.7,48.1,10.6,9.9,0.47,16.0,34.9,0.244
129,Jacksonville,33,16,17,0.485,-9.46,-4.5,5.0,11.0,11,3,4,14,2371,2389,68.6,104.4,0.359,0.339,0.528,53.3,42.5,11.2,9.0,0.491,16.1,36.3,0.253
130,Jacksonville State,32,14,18,0.438,-3.28,-2.87,6.0,10.0,8,7,5,10,2240,2126,67.1,104.0,0.372,0.285,0.535,54.5,44.1,10.0,11.3,0.499,17.1,33.9,0.261
131,James Madison,34,31,3,0.912,8.72,-4.77,15.0,3.0,14,1,12,2,2868,2352,71.8,116.2,0.334,0.38,0.576,53.5,54.1,12.4,8.0,0.549,12.8,32.7,0.236
132,Kansas,32,22,10,0.688,17.68,11.78,10.0,8.0,15,1,3,7,2408,2198,69.7,107.5,0.323,0.297,0.568,51.7,67.0,10.4,11.0,0.537,14.9,25.3,0.235
133,Kansas City,32,16,16,0.5,-4.97,-4.15,10.0,6.0,10,3,6,9,2300,2217,67.3,105.2,0.298,0.426,0.529,52.9,50.6,8.7,11.2,0.498,15.1,32.6,0.213
134,Kansas State,33,19,14,0.576,11.81,10.42,8.0,10.0,15,3,2,8,2372,2326,68.2,102.7,0.389,0.411,0.541,52.0,57.1,8.4,10.8,0.5,18.3,32.5,0.282
135,Kennesaw State,31,15,16,0.484,-7.66,-5.48,6.0,10.0,9,5,4,11,2568,2504,75.4,109.0,0.335,0.436,0.544,50.1,50.7,9.7,10.7,0.518,13.7,30.7,0.226
136,Kent State,33,17,16,0.515,-0.56,-2.43,8.0,10.0,9,6,4,9,2483,2362,67.8,108.9,0.326,0.394,0.551,51.1,49.8,10.0,7.7,0.515,15.0,31.8,0.244
137,Kentucky,32,23,9,0.719,17.68,7.93,13.0,5.0,14,4,7,3,2862,2550,74.0,119.4,0.304,0.373,0.604,50.6,54.6,10.3,16.1,0.574,12.6,28.9,0.235
138,La Salle,33,16,17,0.485,-1.36,1.1,6.0,12.0,11,6,3,10,2398,2411,67.3,106.4,0.246,0.397,0.526,48.0,55.2,9.3,8.4,0.499,12.2,27.5,0.178
139,Lafayette,32,11,21,0.344,-10.88,-5.71,10.0,8.0,5,10,6,9,2010,2154,65.3,94.7,0.24,0.399,0.495,47.3,56.6,9.9,12.5,0.47,15.5,24.5,0.162
140,Lamar,33,19,14,0.576,-5.0,-7.8,12.0,6.0,11,3,5,11,2568,2406,70.5,108.7,0.335,0.354,0.547,52.0,59.6,9.9,10.7,0.512,15.4,34.4,0.245
141,Le Moyne,32,15,17,0.469,-10.89,-9.37,9.0,7.0,10,3,5,14,2318,2245,69.2,104.3,0.246,0.477,0.544,47.2,61.1,11.5,9.5,0.514,14.7,23.7,0.187
142,Lehigh,32,14,18,0.438,-7.2,-6.34,9.0,9.0,6,7,8,11,2326,2272,69.9,101.6,0.316,0.378,0.536,49.7,50.9,10.1,6.2,0.5,15.1,22.8,0.232
143,Liberty,32,18,14,0.563,1.82,-1.32,7.0,9.0,12,3,2,8,2362,2096,66.0,111.0,0.255,0.476,0.57,51.1,58.9,7.8,6.2,0.555,13.9,26.1,0.169
144,Lindenwood,31,9,22,0.29,-18.44,-6.94,3.0,15.0,4,10,3,12,2019,2266,68.1,95.3,0.378,0.305,0.496,46.8,35.8,9.0,7.4,0.446,15.5,24.5,0.277
145,Lipscomb,32,20,12,0.625,-1.58,-4.68,11.0,5.0,12,2,6,9,2626,2448,71.2,115.3,0.274,0.401,0.597,48.8,48.4,8.6,8.7,0.57,12.7,23.6,0.21
146,Little Rock,33,21,12,0.636,-2.94,-8.12,14.0,4.0,14,4,6,6,2553,2382,69.8,110.0,0.335,0.309,0.561,51.6,52.3,8.5,13.0,0.525,15.0,32.1,0.251
147,Long Beach State,34,20,14,0.588,-1.05,-1.55,10.0,10.0,8,5,9,7,2647,2580,72.8,106.1,0.39,0.287,0.533,52.1,55.8,10.9,12.5,0.493,15.0,33.5,0.276
148,Long Island University,29,7,22,0.241,-17.67,-7.39,6.0,10.0,5,5,1,17,1929,2227,71.3,92.5,0.315,0.299,0.496,48.0,51.4,9.0,7.8,0.464,17.8,25.4,0.213
149,Longwood,34,21,13,0.618,-1.43,-5.53,6.0,10.0,13,3,6,10,2569,2310,68.3,109.4,0.392,0.287,0.538,56.7,47.7,10.2,7.8,0.505,15.1,38.7,0.267
150,Louisiana,33,19,14,0.576,-0.29,-2.35,10.0,8.0,11,3,5,9,2504,2365,70.4,107.8,0.281,0.367,0.545,49.2,44.5,12.2,9.8,0.516,14.5,31.5,0.205
151,Louisiana State,32,17,15,0.531,8.67,7.02,9.0,9.0,12,5,3,7,2443,2390,70.8,107.4,0.389,0.376,0.558,50.5,44.4,11.2,10.7,0.522,16.2,30.7,0.279
152,Louisiana Tech,32,22,10,0.688,5.06,-1.45,12.0,4.0,14,2,8,7,2392,2065,67.5,109.9,0.41,0.351,0.556,54.2,49.1,11.0,13.8,0.52,15.6,34.5,0.287
153,Louisiana-Monroe,30,11,19,0.367,-9.66,-2.05,6.0,12.0,8,6,3,12,2096,2233,69.1,100.7,0.372,0.287,0.498,52.0,50.7,10.5,7.0,0.463,15.1,34.8,0.247
154,Louisville,32,8,24,0.25,0.4,7.46,3.0,17.0,7,11,1,10,2304,2530,70.4,101.8,0.388,0.312,0.531,49.8,44.6,7.7,7.2,0.484,15.9,28.1,0.29
155,Loyola (IL),32,23,9,0.719,7.15,2.47,15.0,3.0,15,2,7,4,2350,2154,69.4,105.0,0.333,0.408,0.552,52.2,64.8,10.1,14.2,0.526,16.2,27.7,0.227
156,Loyola (MD),32,7,25,0.219,-15.92,-6.69,5.0,13.0,2,11,5,13,2049,2301,65.7,96.4,0.303,0.388,0.507,51.1,55.6,8.9,6.1,0.482,17.7,29.5,0.195
157,Loyola Marymount,31,12,19,0.387,0.11,0.48,5.0,11.0,8,8,3,7,2244,2214,66.4,109.0,0.29,0.396,0.551,51.7,46.0,5.5,6.5,0.521,14.0,29.7,0.212
158,Maine,32,15,17,0.469,-6.17,-4.66,7.0,9.0,8,4,5,13,2164,2159,68.1,98.6,0.295,0.321,0.518,48.0,49.6,12.3,8.7,0.485,14.9,23.4,0.212
159,Manhattan,30,7,23,0.233,-15.04,-4.63,4.0,16.0,3,10,4,12,1985,2275,69.2,94.4,0.221,0.388,0.501,46.5,58.4,10.7,7.3,0.474,16.9,25.0,0.16
160,Marist,31,18,13,0.581,-5.34,-7.8,12.0,8.0,9,4,8,8,2004,1928,65.5,98.6,0.298,0.364,0.536,49.2,52.5,10.4,8.6,0.508,16.8,23.0,0.208
161,Marquette,33,25,8,0.758,19.93,10.59,14.0,6.0,14,2,7,5,2605,2297,69.4,113.3,0.257,0.407,0.575,48.0,54.4,12.4,9.9,0.554,12.7,26.4,0.183
162,Marshall,33,13,20,0.394,-5.09,-1.06,7.0,11.0,8,7,3,9,2435,2531,72.5,101.7,0.291,0.411,0.505,50.3,56.9,9.6,10.7,0.472,14.0,30.1,0.206
163,Maryland,33,16,17,0.485,10.87,7.72,7.0,13.0,11,6,4,8,2278,2174,66.3,103.0,0.408,0.375,0.515,50.7,47.0,9.8,11.7,0.467,14.9,31.7,0.294
164,Maryland-Baltimore County,32,11,21,0.344,-8.48,-5.73,6.0,10.0,6,9,5,12,2517,2583,74.7,104.8,0.246,0.348,0.55,48.3,43.7,6.8,9.3,0.528,15.4,25.8,0.172
165,Maryland-Eastern Shore,29,9,20,0.31,-17.24,-6.24,4.0,10.0,9,4,0,15,1890,2046,68.3,94.2,0.325,0.343,0.492,48.4,46.7,10.1,7.6,0.452,17.2,29.4,0.232
166,Massachusetts,31,20,11,0.645,7.87,1.16,11.0,7.0,13,3,4,6,2401,2193,69.2,111.5,0.358,0.351,0.539,53.0,56.3,11.0,8.6,0.506,13.4,36.6,0.25
167,Massachusetts-Lowell,31,22,9,0.71,-1.07,-6.21,11.0,5.0,12,3,10,6,2500,2195,72.9,109.8,0.382,0.296,0.563,55.1,44.6,9.7,11.3,0.525,15.6,33.4,0.281
168,McNeese State,33,30,3,0.909,7.17,-7.24,17.0,1.0,18,0,11,3,2654,2030,67.5,119.1,0.377,0.337,0.584,52.6,52.2,15.4,12.4,0.558,12.4,33.7,0.26
169,Memphis,32,22,10,0.688,9.27,4.52,11.0,7.0,13,2,7,6,2576,2424,72.0,110.9,0.363,0.389,0.563,50.3,48.8,11.8,12.6,0.528,15.5,33.4,0.263
170,Mercer,33,16,17,0.485,-4.47,-2.37,8.0,10.0,10,6,4,9,2348,2371,67.5,105.4,0.288,0.31,0.527,49.5,49.3,10.3,9.7,0.502,14.1,31.2,0.193
171,Merrimack,33,21,12,0.636,-5.08,-8.27,13.0,3.0,13,2,7,9,2283,2159,68.6,100.0,0.342,0.429,0.541,45.2,51.4,14.2,9.4,0.505,17.1,23.5,0.249
172,Miami (FL),32,15,17,0.469,9.6,7.48,6.0,14.0,11,6,2,9,2424,2356,69.9,107.9,0.246,0.404,0.554,50.6,51.1,10.2,9.3,0.527,15.0,28.7,0.184
173,Miami (OH),32,15,17,0.469,-6.16,-3.79,9.0,9.0,9,6,6,10,2259,2241,68.5,102.6,0.317,0.398,0.545,47.6,57.9,9.2,8.3,0.515,15.3,23.7,0.224
174,Michigan,32,8,24,0.25,5.62,11.68,3.0,17.0,5,10,2,10,2334,2528,68.9,104.6,0.32,0.38,0.542,50.4,48.3,6.0,8.5,0.512,16.1,30.6,0.225
175,Michigan State,33,19,14,0.576,17.92,10.74,10.0,10.0,14,4,3,7,2413,2176,66.4,109.7,0.299,0.302,0.543,50.6,60.0,10.8,12.0,0.515,12.7,29.9,0.211
176,Middle Tennessee,33,14,19,0.424,-7.23,-0.3,7.0,9.0,11,6,1,10,2167,2319,66.8,96.5,0.342,0.42,0.506,49.0,44.4,7.8,10.2,0.467,17.7,29.1,0.241
177,Milwaukee,35,20,15,0.571,-4.74,-4.19,12.0,8.0,12,4,6,9,2782,2753,70.9,110.2,0.341,0.392,0.545,52.0,50.8,8.2,11.4,0.509,14.7,35.9,0.248
178,Minnesota,32,18,14,0.563,9.94,6.28,9.0,11.0,16,4,2,8,2413,2296,67.7,111.0,0.356,0.395,0.57,51.5,64.9,9.1,11.0,0.543,15.3,30.8,0.247
179,Mississippi,32,20,12,0.625,8.58,7.55,7.0,11.0,14,4,4,7,2398,2365,68.6,109.3,0.351,0.352,0.548,47.5,57.7,11.4,15.2,0.511,13.6,30.3,0.255
180,Mississippi State,33,21,12,0.636,14.92,8.83,8.0,10.0,11,4,2,8,2476,2275,68.9,108.4,0.376,0.385,0.548,54.1,53.9,11.6,9.1,0.519,15.9,35.1,0.254
181,Mississippi Valley State,31,1,30,0.032,-26.13,-3.87,1.0,17.0,1,8,0,22,1719,2409,66.2,83.4,0.33,0.304,0.461,45.1,44.2,9.9,6.5,0.425,21.0,27.9,0.217
182,Missouri,32,8,24,0.25,3.54,7.58,0.0,18.0,6,11,2,10,2309,2438,68.4,105.0,0.317,0.397,0.546,45.5,48.3,11.1,14.1,0.502,14.9,26.8,0.251
183,Missouri State,33,17,16,0.515,1.15,1.18,8.0,12.0,9,5,4,10,2351,2352,68.4,102.6,0.315,0.368,0.53,53.3,47.1,6.2,11.8,0.497,15.2,29.1,0.224
184,Monmouth,33,18,15,0.545,-2.91,-2.73,10.0,8.0,13,1,2,13,2390,2396,68.1,106.4,0.293,0.363,0.525,48.9,50.2,10.5,10.5,0.493,13.2,30.6,0.209
185,Montana,34,23,11,0.676,-0.41,-3.6,12.0,6.0,13,3,8,7,2625,2433,67.3,114.2,0.296,0.374,0.587,51.3,53.2,7.1,7.4,0.552,13.2,26.1,0.235
186,Montana State,34,17,17,0.5,-4.54,-3.86,9.0,9.0,10,7,4,10,2554,2518,69.9,106.3,0.297,0.426,0.573,46.6,48.8,11.7,6.4,0.545,15.1,20.9,0.218
187,Morehead State,34,26,8,0.765,0.72,-6.05,14.0,4.0,14,1,9,7,2566,2135,66.3,113.9,0.299,0.451,0.574,56.4,55.8,8.8,12.2,0.551,15.4,35.5,0.211
188,Morgan State,31,11,20,0.355,-15.85,-5.67,7.0,7.0,8,5,3,12,2253,2402,71.7,100.6,0.301,0.271,0.529,48.7,46.2,8.6,8.6,0.491,17.5,31.2,0.228
189,Mount St. Mary's,32,13,19,0.406,-6.27,-7.18,9.0,11.0,8,5,5,13,2327,2298,69.3,103.7,0.267,0.332,0.558,52.0,48.3,9.8,10.1,0.532,18.2,30.2,0.193
190,Murray State,32,12,20,0.375,0.58,1.8,9.0,11.0,8,8,4,9,2232,2237,65.5,106.1,0.297,0.354,0.531,49.6,44.9,9.1,8.7,0.503,12.6,27.0,0.207
191,Navy,31,13,18,0.419,-11.42,-9.26,8.0,10.0,10,5,3,13,2060,2067,65.4,100.8,0.349,0.333,0.488,49.7,52.5,10.1,6.4,0.446,13.1,32.4,0.247
192,NC State,35,21,14,0.6,11.13,7.59,9.0,11.0,12,5,4,7,2665,2541,68.7,109.7,0.319,0.336,0.54,49.3,46.9,10.7,9.2,0.505,11.9,29.1,0.234
193,Nebraska,32,23,9,0.719,15.33,7.26,12.0,8.0,18,1,3,8,2473,2215,69.0,110.6,0.325,0.447,0.567,50.6,57.7,9.1,7.4,0.532,14.1,27.8,0.245
194,Nevada,33,26,7,0.788,13.41,4.78,13.0,5.0,15,2,8,3,2522,2213,67.0,113.6,0.454,0.335,0.576,51.3,58.2,9.3,11.1,0.536,13.1,27.7,0.327
195,Nevada-Las Vegas,31,19,12,0.613,8.97,6.39,12.0,6.0,12,6,7,3,2270,2103,66.0,109.3,0.33,0.353,0.55,50.2,49.8,9.3,13.0,0.517,14.4,31.4,0.239
196,New Hampshire,31,16,15,0.516,-6.08,-3.54,7.0,9.0,9,5,7,10,2298,2297,73.3,100.7,0.292,0.438,0.522,49.0,45.6,9.9,5.4,0.485,14.5,23.7,0.218
197,New Mexico,33,24,9,0.727,15.89,5.22,10.0,8.0,13,3,5,6,2718,2346,73.0,112.9,0.333,0.304,0.545,53.1,49.3,12.3,13.2,0.513,11.8,33.3,0.235
198,New Mexico State,32,13,19,0.406,-8.31,1.05,7.0,9.0,12,3,1,13,2166,2318,68.6,97.5,0.339,0.344,0.512,48.9,46.6,8.8,9.4,0.48,15.3,26.0,0.229
199,New Orleans,33,10,23,0.303,-16.3,-5.4,4.0,14.0,7,6,2,15,2427,2622,73.2,100.1,0.382,0.291,0.508,46.4,46.2,10.5,8.6,0.462,14.6,29.3,0.275
200,Niagara,32,16,16,0.5,-8.11,-6.91,11.0,9.0,5,9,10,6,2319,2307,67.9,105.5,0.362,0.314,0.566,49.2,49.8,8.2,5.3,0.527,15.6,24.0,0.272
201,Nicholls State,34,20,14,0.588,-6.62,-4.84,13.0,5.0,10,2,8,10,2512,2514,67.8,105.5,0.383,0.408,0.557,48.9,45.6,9.6,10.8,0.519,16.6,27.7,0.278
202,NJIT,28,7,21,0.25,-14.48,-4.29,3.0,13.0,5,8,2,13,1902,2101,68.6,99.0,0.315,0.396,0.492,47.9,44.3,10.5,8.9,0.454,13.9,29.9,0.223
203,Norfolk State,33,22,11,0.667,-6.22,-7.57,11.0,3.0,13,0,6,8,2452,2231,68.4,108.2,0.406,0.332,0.552,50.8,47.9,12.7,10.9,0.512,15.4,32.6,0.293
204,North Alabama,32,15,17,0.469,-6.74,-4.58,8.0,8.0,10,4,5,13,2447,2435,68.9,109.2,0.328,0.352,0.548,49.9,41.9,7.6,8.3,0.508,12.7,27.8,0.252
205,North Carolina,33,27,6,0.818,21.53,9.71,17.0,3.0,14,1,8,2,2694,2304,71.4,114.0,0.369,0.356,0.557,55.0,51.2,8.1,10.5,0.516,12.4,33.0,0.278
206,North Carolina A&T,32,7,25,0.219,-16.09,-3.72,5.0,13.0,4,7,2,14,2098,2494,68.0,96.4,0.34,0.357,0.482,43.9,44.9,8.3,8.6,0.439,12.1,24.3,0.242
207,North Carolina Central,31,18,13,0.581,-7.67,-8.63,9.0,5.0,11,2,6,9,2375,2139,69.2,109.9,0.394,0.376,0.552,50.0,48.4,11.0,7.4,0.518,14.7,32.2,0.274
208,North Dakota,32,18,14,0.563,-5.87,-5.73,10.0,6.0,9,5,7,8,2408,2300,67.9,110.4,0.31,0.418,0.543,52.1,43.2,9.3,7.8,0.512,12.7,31.4,0.221
209,North Dakota State,32,15,17,0.469,-7.21,-2.79,8.0,8.0,10,4,5,11,2388,2366,66.6,109.1,0.296,0.364,0.571,51.7,42.4,6.4,3.4,0.545,14.5,26.0,0.213
210,North Florida,32,16,16,0.5,-6.59,-4.49,9.0,7.0,11,5,5,11,2496,2427,69.4,111.1,0.283,0.555,0.574,48.5,46.9,8.0,8.6,0.543,14.3,25.5,0.216
211,North Texas,32,18,14,0.563,8.86,4.23,10.0,8.0,11,4,5,5,2211,2020,63.1,108.7,0.3,0.393,0.542,51.6,45.3,11.0,9.1,0.508,14.9,34.0,0.222
212,Northeastern,32,12,20,0.375,-5.85,-2.91,7.0,11.0,7,5,4,13,2221,2315,65.8,105.5,0.298,0.361,0.546,52.0,53.7,9.5,9.8,0.512,16.4,31.8,0.223
213,Northern Arizona,33,14,19,0.424,-11.84,-3.84,7.0,11.0,7,5,6,12,2265,2529,69.0,98.7,0.311,0.352,0.524,46.1,53.8,8.1,8.1,0.493,16.1,24.1,0.217
214,Northern Colorado,32,19,13,0.594,-3.95,-4.85,12.0,6.0,11,3,7,8,2568,2491,70.0,111.2,0.294,0.365,0.581,50.4,50.0,8.7,6.7,0.555,13.9,24.5,0.215
215,Northern Illinois,31,11,20,0.355,-8.92,-1.13,5.0,13.0,5,9,5,11,2269,2399,69.7,103.7,0.365,0.386,0.537,49.3,39.6,7.5,12.6,0.507,15.7,29.0,0.245
216,Northern Iowa,33,19,14,0.576,4.02,3.05,12.0,8.0,11,3,6,8,2417,2346,67.7,107.3,0.377,0.373,0.554,50.6,49.1,9.1,7.8,0.52,13.5,23.9,0.267
217,Northern Kentucky,33,18,15,0.545,-3.36,-3.43,12.0,8.0,12,3,6,11,2470,2416,69.7,105.8,0.357,0.339,0.546,49.0,51.7,12.2,7.5,0.51,15.2,29.9,0.257
218,Northwestern,32,21,11,0.656,12.78,8.09,12.0,8.0,15,2,4,7,2358,2208,64.7,112.2,0.299,0.368,0.563,48.3,59.7,10.6,9.9,0.532,11.8,25.6,0.224
219,Northwestern State,32,9,23,0.281,-13.93,-5.83,7.0,11.0,6,7,3,13,2257,2429,69.3,100.2,0.354,0.343,0.516,47.7,45.5,9.9,9.0,0.486,16.3,30.7,0.233
220,Notre Dame,33,13,20,0.394,4.98,8.1,7.0,13.0,9,8,2,10,2113,2216,64.8,97.6,0.279,0.433,0.512,51.2,45.1,8.7,6.6,0.476,16.7,28.4,0.207
221,Oakland,34,23,11,0.676,1.62,-1.88,15.0,5.0,10,3,9,7,2598,2479,68.2,110.4,0.309,0.407,0.557,51.2,53.9,9.7,7.9,0.521,14.1,30.5,0.234
222,Ohio,33,20,13,0.606,0.75,-4.32,13.0,5.0,12,3,5,7,2551,2309,68.3,111.9,0.314,0.416,0.559,49.0,51.5,10.3,9.9,0.527,12.3,28.8,0.229
223,Ohio State,33,20,13,0.606,14.13,8.71,9.0,11.0,13,4,2,8,2472,2293,66.6,111.2,0.34,0.35,0.554,51.7,51.7,8.3,11.7,0.513,13.5,31.4,0.26
224,Oklahoma,32,20,12,0.625,15.19,8.6,8.0,10.0,14,4,3,6,2412,2201,68.4,109.4,0.377,0.385,0.569,52.7,51.1,8.6,8.7,0.531,15.8,30.1,0.28
225,Oklahoma State,32,12,20,0.375,6.85,8.57,4.0,14.0,10,8,1,9,2272,2327,68.0,103.2,0.34,0.432,0.544,49.8,54.0,9.1,7.3,0.513,16.5,27.5,0.237
226,Old Dominion,32,7,25,0.219,-7.97,-1.19,3.0,15.0,5,10,1,12,2268,2464,71.2,98.8,0.275,0.347,0.501,46.7,39.2,10.9,11.2,0.476,13.4,25.5,0.182
227,Omaha,33,15,18,0.455,-6.94,-4.63,7.0,9.0,11,3,2,13,2441,2404,68.0,108.0,0.392,0.337,0.549,49.9,39.8,8.8,6.9,0.506,12.8,25.0,0.291
228,Oral Roberts,31,12,19,0.387,-7.03,-2.21,5.0,11.0,9,5,2,13,2275,2334,68.6,106.2,0.267,0.428,0.547,46.2,42.0,8.2,9.1,0.517,12.6,21.8,0.198
229,Oregon,33,22,11,0.667,11.98,8.62,12.0,8.0,13,3,6,5,2486,2375,68.7,109.3,0.32,0.369,0.55,50.4,50.7,10.4,9.9,0.52,13.2,28.8,0.229
230,Oregon State,32,13,19,0.406,3.59,8.69,5.0,15.0,12,6,1,9,2204,2326,66.2,101.7,0.361,0.342,0.539,48.8,46.0,8.9,10.5,0.499,16.2,26.8,0.266
231,Pacific,32,6,26,0.188,-17.16,0.11,0.0,16.0,5,12,1,13,2071,2553,69.3,92.7,0.369,0.365,0.5,41.9,58.2,8.7,5.7,0.469,15.4,19.0,0.237
232,Penn State,33,16,17,0.485,9.48,7.79,9.0,11.0,13,4,2,8,2478,2422,70.2,106.1,0.353,0.392,0.544,46.6,48.8,11.8,8.8,0.503,13.8,26.8,0.264
233,Pennsylvania,29,11,18,0.379,-2.98,0.62,3.0,11.0,9,6,2,10,2159,2157,66.5,110.1,0.272,0.436,0.555,51.7,54.8,8.8,6.9,0.534,14.3,30.0,0.187
234,Pepperdine,33,13,20,0.394,-1.89,0.95,5.0,11.0,9,8,3,8,2403,2443,68.4,106.4,0.326,0.324,0.541,50.8,50.5,7.5,7.1,0.51,14.3,29.1,0.23
235,Pittsburgh,33,22,11,0.667,14.85,6.88,12.0,8.0,13,5,7,4,2495,2232,67.0,112.9,0.305,0.444,0.545,52.6,51.8,9.4,13.0,0.516,11.5,31.0,0.216
236,Portland,33,12,21,0.364,-8.0,1.75,5.0,11.0,9,6,2,11,2360,2622,69.0,103.3,0.307,0.445,0.545,48.2,54.0,6.0,6.2,0.514,15.4,24.1,0.22
237,Portland State,32,17,15,0.531,-6.66,-4.45,8.0,10.0,11,2,5,11,2302,2299,69.4,102.8,0.335,0.375,0.51,50.0,46.8,10.1,9.4,0.476,13.8,30.2,0.229
238,Prairie View,31,10,21,0.323,-15.39,-6.91,5.0,13.0,5,6,4,15,2176,2368,72.8,96.4,0.369,0.267,0.506,45.2,48.4,12.5,7.6,0.461,15.5,26.9,0.266
239,Presbyterian,32,14,18,0.438,-7.99,-5.44,6.0,10.0,8,7,5,9,2390,2331,69.0,107.9,0.372,0.33,0.555,49.8,48.0,9.9,9.2,0.529,14.6,27.6,0.248
240,Princeton,27,24,3,0.889,7.71,-1.74,12.0,2.0,12,0,11,3,2077,1758,65.1,118.2,0.286,0.503,0.588,51.7,55.4,8.4,5.8,0.552,11.0,25.8,0.233
241,Providence,34,21,13,0.618,12.73,8.85,10.0,10.0,14,4,4,7,2477,2345,68.6,105.0,0.322,0.443,0.548,50.6,53.9,9.3,11.7,0.517,15.4,27.1,0.231
242,Purdue,32,29,3,0.906,25.09,11.4,17.0,3.0,16,0,7,3,2677,2239,69.1,120.0,0.423,0.351,0.594,57.6,64.2,8.3,9.6,0.561,13.9,37.4,0.304
243,Purdue Fort Wayne,33,21,12,0.636,-0.17,-6.2,11.0,9.0,11,5,8,7,2669,2355,72.3,111.0,0.304,0.424,0.571,46.5,46.7,12.8,8.7,0.548,12.7,23.4,0.212
244,Queens (NC),33,14,19,0.424,-8.43,-3.17,7.0,9.0,11,3,2,16,2643,2693,73.6,108.7,0.331,0.412,0.545,49.6,46.9,9.5,7.0,0.513,13.5,29.2,0.235
245,Quinnipiac,33,24,9,0.727,-2.74,-7.14,15.0,5.0,13,3,10,5,2567,2358,71.9,107.8,0.312,0.346,0.552,52.4,50.9,10.5,9.6,0.512,14.9,31.4,0.243
246,Radford,33,16,17,0.485,-5.43,-3.23,5.0,11.0,8,5,4,12,2377,2361,65.3,109.1,0.282,0.343,0.55,49.7,42.0,8.4,10.0,0.519,14.2,30.9,0.208
247,Rhode Island,32,12,20,0.375,-2.05,3.08,6.0,12.0,9,8,3,8,2322,2443,69.0,105.2,0.396,0.333,0.543,51.7,49.4,6.8,8.3,0.517,15.9,30.0,0.256
248,Rice,32,11,21,0.344,-2.86,2.33,5.0,13.0,6,10,5,7,2304,2421,67.5,105.4,0.296,0.396,0.537,49.9,55.3,8.1,9.8,0.51,14.8,29.1,0.206
249,Richmond,32,23,9,0.719,8.32,2.07,15.0,3.0,15,1,7,5,2314,2114,67.6,106.6,0.281,0.353,0.558,47.0,49.8,10.0,8.5,0.53,11.8,17.0,0.206
250,Rider,32,15,17,0.469,-5.42,-3.96,12.0,8.0,9,4,6,12,2309,2308,69.1,103.2,0.317,0.281,0.522,51.9,51.1,9.4,10.7,0.483,15.3,31.9,0.237
251,Robert Morris,32,10,22,0.313,-9.29,-4.03,6.0,14.0,7,9,3,13,2326,2425,68.7,104.1,0.28,0.421,0.533,52.0,51.7,7.0,7.5,0.503,16.9,33.8,0.201
252,Rutgers,32,15,17,0.469,7.72,8.87,7.0,13.0,12,5,3,9,2092,2129,68.6,95.0,0.329,0.317,0.469,48.4,50.3,11.2,15.3,0.435,14.1,30.2,0.216
253,Sacramento State,34,10,24,0.294,-10.34,-3.18,4.0,14.0,6,8,2,13,2282,2394,65.5,102.4,0.322,0.42,0.533,55.0,55.6,8.0,8.2,0.5,18.8,35.4,0.231
254,Sacred Heart,32,16,16,0.5,-9.76,-9.3,10.0,6.0,11,5,4,11,2372,2313,70.3,105.4,0.309,0.342,0.545,47.6,50.9,12.4,14.4,0.518,14.6,27.1,0.214
255,Saint Francis (PA),30,8,22,0.267,-18.44,-7.97,3.0,13.0,6,8,2,14,1955,2181,66.7,97.3,0.328,0.342,0.503,50.3,51.5,8.9,10.2,0.481,17.5,33.3,0.2
256,Saint Joseph's,33,21,12,0.636,6.94,1.45,9.0,9.0,14,3,3,9,2509,2328,68.8,110.1,0.3,0.475,0.56,50.6,54.5,10.1,11.3,0.531,14.2,29.5,0.218
257,Saint Louis,33,13,20,0.394,-1.37,4.35,5.0,13.0,8,8,3,9,2473,2620,69.8,107.4,0.373,0.376,0.561,48.9,50.4,8.7,8.9,0.52,15.0,25.9,0.28
258,Saint Mary's (CA),33,26,7,0.788,16.98,3.45,15.0,1.0,14,4,9,0,2450,1938,63.5,116.0,0.288,0.365,0.555,59.0,58.7,10.2,10.5,0.534,13.2,39.7,0.195
259,Saint Peter's,31,18,13,0.581,-4.3,-6.07,12.0,8.0,8,5,8,8,2023,1967,65.7,99.0,0.386,0.319,0.494,51.9,49.6,11.3,12.4,0.446,16.2,35.1,0.277
260,Sam Houston,33,21,12,0.636,-0.12,-1.48,13.0,3.0,12,2,7,9,2381,2282,69.4,103.2,0.34,0.358,0.526,52.6,51.3,9.8,6.6,0.488,16.1,32.5,0.246
261,Samford,34,29,5,0.853,6.31,-3.66,15.0,3.0,18,0,8,5,2923,2514,74.3,115.8,0.357,0.41,0.601,50.1,58.2,13.5,10.8,0.573,15.6,30.7,0.26
262,San Diego,33,18,15,0.545,-5.05,0.59,7.0,9.0,12,6,4,7,2392,2550,72.0,100.7,0.32,0.342,0.525,47.7,50.9,10.1,10.8,0.488,16.1,27.5,0.233
263,San Diego State,33,24,9,0.727,15.53,8.24,11.0,7.0,14,1,6,8,2475,2195,67.3,109.3,0.37,0.378,0.542,53.4,50.3,10.8,11.7,0.502,13.8,33.5,0.269
264,San Francisco,33,23,10,0.697,9.72,-0.07,11.0,5.0,14,2,6,5,2571,2189,68.5,113.3,0.236,0.406,0.584,53.1,55.2,12.0,10.5,0.561,14.7,29.7,0.178
265,San Jose State,32,9,23,0.281,-3.31,3.79,2.0,16.0,6,9,1,12,2228,2403,66.4,104.0,0.228,0.419,0.542,46.2,52.0,7.7,9.1,0.52,14.0,23.1,0.16
266,Santa Clara,33,20,13,0.606,5.61,1.96,10.0,6.0,11,4,5,6,2538,2384,69.8,109.8,0.313,0.386,0.557,54.9,54.5,6.8,7.1,0.528,15.6,34.6,0.223
267,Seattle,33,19,14,0.576,3.38,-1.3,11.0,9.0,14,4,4,9,2428,2223,68.6,104.9,0.336,0.382,0.547,52.6,51.3,8.0,7.9,0.511,15.9,29.4,0.245
268,Seton Hall,32,20,12,0.625,11.4,8.77,13.0,7.0,14,3,5,7,2329,2245,67.1,107.3,0.325,0.304,0.54,53.5,48.0,11.0,13.6,0.498,15.9,35.9,0.251
269,Siena,32,4,28,0.125,-18.9,-4.9,3.0,17.0,2,12,2,13,1934,2382,67.1,90.0,0.308,0.343,0.48,50.7,48.7,7.6,10.3,0.447,20.0,33.2,0.205
270,South Alabama,32,16,16,0.5,-5.6,-3.05,8.0,10.0,11,6,5,9,2367,2421,70.2,103.8,0.324,0.367,0.544,46.1,40.8,9.5,7.0,0.506,14.3,22.6,0.243
271,South Carolina,33,26,7,0.788,11.58,6.51,13.0,5.0,14,3,8,3,2377,2210,64.7,110.4,0.318,0.41,0.54,52.3,60.4,7.4,8.2,0.508,13.1,33.1,0.227
272,South Carolina State,32,14,18,0.438,-11.69,-6.02,9.0,5.0,9,4,5,13,2245,2390,70.3,99.0,0.362,0.324,0.501,52.8,55.5,11.8,10.3,0.462,17.8,38.7,0.249
273,South Carolina Upstate,30,10,20,0.333,-9.07,-2.74,5.0,11.0,6,7,4,12,2130,2188,68.4,102.4,0.302,0.394,0.531,45.5,48.1,10.4,9.1,0.511,14.7,24.6,0.194
274,South Dakota,32,12,20,0.375,-12.19,-5.05,5.0,11.0,9,6,2,12,2434,2535,69.8,107.3,0.304,0.349,0.555,52.1,44.7,5.1,4.4,0.522,15.8,30.2,0.226
275,South Dakota State,34,22,12,0.647,0.75,-3.12,12.0,4.0,11,3,6,5,2610,2408,68.7,111.0,0.295,0.404,0.579,51.4,45.6,8.9,10.3,0.556,14.4,25.1,0.209
276,South Florida,30,24,6,0.8,7.82,0.49,16.0,2.0,15,2,7,4,2268,2048,69.0,109.5,0.379,0.418,0.557,49.6,58.9,10.3,9.9,0.517,13.6,27.9,0.279
277,Southeast Missouri State,31,9,22,0.29,-18.0,-6.29,4.0,14.0,8,7,1,14,2078,2278,70.4,94.8,0.277,0.341,0.497,46.8,50.1,8.1,6.4,0.465,15.1,24.8,0.194
278,Southeastern Louisiana,32,15,17,0.469,-10.85,-5.68,10.0,8.0,9,4,6,10,2209,2271,66.9,102.3,0.347,0.383,0.536,51.0,60.6,10.3,7.1,0.498,17.7,31.8,0.252
279,Southern,32,18,14,0.563,-8.64,-5.99,12.0,6.0,11,2,7,11,2275,2198,70.7,99.8,0.357,0.374,0.532,48.9,54.5,12.8,9.8,0.502,17.6,28.8,0.241
280,Southern California,33,15,18,0.455,9.6,9.79,8.0,12.0,9,6,3,9,2446,2452,69.7,104.8,0.336,0.367,0.546,48.6,59.1,10.6,14.2,0.517,15.7,29.0,0.233
281,Southern Illinois,32,19,13,0.594,4.28,0.69,11.0,9.0,13,5,5,6,2325,2183,65.4,109.3,0.36,0.436,0.569,50.8,57.6,8.2,8.1,0.529,14.8,26.3,0.274
282,SIU Edwardsville,33,17,16,0.515,-8.8,-7.27,9.0,9.0,12,2,2,13,2360,2314,67.7,105.6,0.321,0.366,0.521,50.5,45.0,10.1,12.0,0.484,13.5,31.1,0.233
283,Southern Indiana,32,8,24,0.25,-13.43,-5.39,5.0,13.0,5,10,3,13,2195,2335,69.7,98.1,0.375,0.367,0.514,49.7,49.1,9.1,8.4,0.466,16.5,27.6,0.279
284,Southern Methodist,32,20,12,0.625,10.7,2.51,11.0,7.0,14,3,5,7,2443,2170,68.5,111.1,0.286,0.352,0.531,53.6,56.0,12.3,13.2,0.506,13.6,38.7,0.196
285,Southern Mississippi,32,16,16,0.5,-5.61,-2.61,9.0,9.0,11,3,5,9,2236,2273,69.5,100.6,0.38,0.336,0.519,50.1,48.5,10.3,12.6,0.479,16.0,29.4,0.266
286,Southern Utah,31,10,21,0.323,-5.68,-1.13,5.0,15.0,6,8,3,13,2326,2406,71.4,104.6,0.362,0.349,0.533,47.5,45.7,9.1,6.7,0.493,14.6,28.5,0.264
287,St. Bonaventure,32,20,12,0.625,7.38,2.1,9.0,9.0,11,4,5,6,2364,2195,66.1,110.5,0.326,0.365,0.564,50.6,48.3,9.9,12.0,0.525,14.2,29.8,0.253
288,St. John's (NY),33,20,13,0.606,16.32,9.42,11.0,9.0,13,5,5,6,2602,2374,69.6,113.3,0.273,0.325,0.538,53.6,53.4,10.1,14.7,0.509,13.0,38.6,0.199
289,St. Thomas,33,20,13,0.606,-0.58,-5.38,9.0,7.0,12,2,6,9,2402,2140,63.9,113.4,0.289,0.454,0.579,50.0,52.5,9.6,6.7,0.553,12.7,24.9,0.211
290,Stanford,32,14,18,0.438,7.69,7.82,8.0,12.0,10,6,3,8,2443,2447,70.9,106.1,0.286,0.41,0.57,49.0,58.4,7.6,7.9,0.543,16.1,23.2,0.208
291,Stephen F. Austin,33,18,15,0.545,-0.9,-1.71,10.0,10.0,10,5,5,8,2463,2353,71.5,102.4,0.421,0.321,0.543,52.2,49.7,12.3,8.3,0.503,18.9,34.4,0.297
292,Stetson,34,22,12,0.647,-4.43,-3.79,11.0,5.0,14,2,6,10,2635,2475,67.4,114.5,0.3,0.419,0.577,50.4,49.2,7.9,8.0,0.545,13.5,29.3,0.23
293,Stonehill,31,4,27,0.129,-19.98,-5.98,2.0,14.0,4,8,0,19,1967,2360,69.2,91.4,0.232,0.466,0.495,45.7,51.3,9.2,7.6,0.47,17.5,22.9,0.16
294,Stony Brook,35,20,15,0.571,-2.42,-2.45,10.0,8.0,13,3,4,11,2573,2531,67.5,106.6,0.292,0.369,0.538,49.6,46.0,8.7,9.1,0.504,13.0,26.9,0.216
295,Syracuse,32,20,12,0.625,8.34,9.21,11.0,9.0,14,2,4,7,2442,2420,72.1,105.9,0.331,0.34,0.551,46.9,50.1,12.6,10.5,0.518,14.1,24.7,0.239
296,Tarleton State,32,23,9,0.719,0.83,-0.52,16.0,4.0,11,3,10,5,2353,2199,68.1,107.6,0.31,0.291,0.539,49.2,49.5,13.0,10.2,0.501,14.4,31.5,0.235
297,TCU,33,21,12,0.636,15.71,7.71,9.0,9.0,12,4,6,5,2615,2351,70.6,110.6,0.351,0.302,0.554,53.2,59.8,12.6,10.2,0.519,15.2,35.5,0.256
298,Temple,34,15,19,0.441,-1.11,1.56,5.0,13.0,5,9,5,7,2408,2466,67.8,102.3,0.321,0.423,0.499,48.3,45.6,10.6,8.2,0.461,12.2,28.8,0.228
299,Tennessee,32,24,8,0.75,21.83,10.23,14.0,4.0,14,2,8,3,2543,2172,70.6,112.5,0.343,0.413,0.553,52.4,61.2,11.2,13.6,0.515,12.5,32.4,0.257
300,Tennessee State,33,18,15,0.545,-9.41,-7.41,10.0,8.0,11,3,5,10,2400,2343,69.8,103.8,0.365,0.355,0.544,49.4,47.6,9.5,9.3,0.5,16.5,29.0,0.276
301,Tennessee Tech,31,10,21,0.323,-14.77,-6.02,5.0,13.0,7,8,3,13,2089,2289,67.6,98.9,0.309,0.359,0.538,46.2,50.0,7.4,7.6,0.508,16.0,18.8,0.219
302,Tennessee-Martin,32,21,11,0.656,-5.35,-7.02,14.0,4.0,12,2,9,7,2609,2455,74.5,108.6,0.326,0.381,0.552,51.9,45.7,8.3,6.9,0.512,13.4,27.1,0.251
303,Texas,32,20,12,0.625,16.13,9.47,9.0,9.0,14,4,4,6,2449,2236,68.2,111.8,0.304,0.348,0.57,50.7,56.5,10.5,11.7,0.537,14.5,30.5,0.23
304,Texas A&M,33,20,13,0.606,13.17,8.92,9.0,9.0,10,5,6,6,2453,2313,67.2,110.2,0.379,0.383,0.497,55.8,44.8,10.6,9.2,0.453,11.3,42.0,0.267
305,Texas A&M-Commerce,33,13,20,0.394,-13.97,-4.64,6.0,12.0,8,7,4,12,2361,2462,68.7,100.8,0.297,0.462,0.518,45.6,55.1,11.2,12.4,0.487,14.5,25.6,0.208
306,Texas A&M-Corpus Christi,32,21,11,0.656,-3.59,-6.84,14.0,4.0,13,2,8,7,2417,2127,71.2,105.7,0.358,0.299,0.522,54.5,54.8,12.3,8.7,0.484,14.4,34.3,0.253
307,Texas Southern,31,16,15,0.516,-8.73,-7.2,12.0,6.0,7,4,6,10,2179,2189,69.7,100.5,0.302,0.387,0.512,49.4,47.7,10.0,10.7,0.476,15.6,30.3,0.218
308,Texas State,35,17,18,0.486,-3.33,-0.36,7.0,11.0,9,4,5,11,2445,2452,68.4,101.4,0.376,0.245,0.522,51.3,46.8,10.7,9.3,0.484,16.7,31.9,0.262
309,Texas Tech,33,23,10,0.697,16.06,9.82,11.0,7.0,15,2,4,6,2494,2288,67.2,112.0,0.346,0.411,0.569,50.9,57.0,9.0,7.0,0.528,14.4,30.2,0.269
310,Texas-Rio Grande Valley,31,6,25,0.194,-13.31,-0.83,2.0,18.0,5,9,1,14,2181,2473,73.5,95.0,0.404,0.304,0.508,45.9,53.1,10.9,7.3,0.463,16.8,24.9,0.285
311,The Citadel,32,11,21,0.344,-6.41,-2.79,3.0,15.0,7,7,2,13,2260,2289,67.0,105.0,0.338,0.337,0.546,51.4,43.8,8.3,7.4,0.515,15.7,28.5,0.238
312,Toledo,32,20,12,0.625,2.03,-1.85,14.0,4.0,12,3,8,5,2560,2436,70.2,113.0,0.353,0.286,0.569,50.1,46.7,10.3,5.3,0.531,13.2,29.3,0.266
313,Towson,34,20,14,0.588,0.48,-1.97,11.0,7.0,12,2,6,6,2296,2164,63.2,105.6,0.347,0.341,0.509,56.0,46.6,9.7,12.3,0.479,15.5,39.9,0.23
314,Troy,32,20,12,0.625,1.52,-2.89,13.0,5.0,15,2,5,9,2546,2261,71.2,110.0,0.386,0.404,0.552,52.9,51.0,14.3,8.7,0.511,16.0,36.0,0.283
315,Tulane,31,14,17,0.452,3.99,3.03,5.0,13.0,11,6,2,8,2540,2481,73.4,109.8,0.452,0.363,0.581,45.7,51.4,10.5,11.7,0.541,13.7,20.6,0.331
316,Tulsa,31,16,15,0.516,-0.86,-0.66,7.0,11.0,14,4,2,9,2325,2290,71.4,103.8,0.404,0.412,0.549,48.1,50.3,10.9,9.1,0.506,16.0,24.8,0.297
317,UAB,32,21,11,0.656,4.56,3.72,12.0,6.0,12,5,7,5,2468,2406,68.7,110.5,0.397,0.314,0.544,52.4,50.0,9.4,11.9,0.498,14.2,35.6,0.297
318,UC Davis,32,20,12,0.625,-0.76,-2.46,14.0,6.0,10,6,8,6,2281,2172,68.1,103.9,0.392,0.378,0.551,49.7,51.4,11.5,9.7,0.508,17.4,29.7,0.292
319,UC Irvine,33,24,9,0.727,7.33,-1.01,17.0,3.0,13,0,8,8,2564,2237,69.7,110.7,0.337,0.279,0.563,53.5,55.3,9.2,8.4,0.526,14.5,31.6,0.254
320,UC Riverside,34,16,18,0.471,-3.88,-0.85,10.0,10.0,10,5,4,12,2404,2448,67.7,104.0,0.285,0.426,0.499,51.0,53.0,8.3,3.8,0.464,11.9,31.1,0.204
321,UC San Diego,32,21,11,0.656,2.85,-2.21,15.0,5.0,14,2,7,8,2455,2213,67.0,113.2,0.323,0.426,0.567,50.4,48.5,9.3,7.5,0.531,12.5,27.9,0.245
322,UC Santa Barbara,31,16,15,0.516,-2.76,-2.59,9.0,11.0,9,7,6,7,2337,2280,69.0,108.4,0.402,0.308,0.583,52.1,50.5,7.1,8.0,0.546,16.8,26.4,0.296
323,Central Florida,32,17,15,0.531,12.86,8.8,7.0,11.0,11,7,3,7,2289,2159,69.2,103.0,0.372,0.358,0.517,52.1,46.8,12.6,15.4,0.477,15.3,32.9,0.263
324,UCLA,33,16,17,0.485,7.77,8.11,10.0,10.0,9,7,5,6,2177,2160,64.8,101.9,0.354,0.303,0.512,50.9,48.3,9.0,10.9,0.469,14.4,30.4,0.258
325,UNC Asheville,34,22,12,0.647,-1.66,-2.72,12.0,4.0,12,2,5,7,2682,2485,70.3,111.0,0.41,0.389,0.576,49.5,58.9,8.4,11.2,0.536,14.7,28.1,0.304
326,UNC Greensboro,32,21,11,0.656,-0.06,-2.69,12.0,6.0,11,3,7,7,2422,2233,66.9,112.2,0.27,0.432,0.572,51.1,54.7,10.3,7.9,0.546,14.1,29.8,0.197
327,UNC Wilmington,31,21,10,0.677,1.5,-2.61,12.0,6.0,10,2,10,6,2461,2202,66.6,117.3,0.336,0.396,0.567,49.8,43.9,9.6,6.7,0.53,10.9,30.4,0.255
328,UT Arlington,33,20,13,0.606,2.66,0.43,13.0,7.0,12,3,5,10,2540,2403,71.7,107.0,0.376,0.432,0.558,52.9,61.4,9.9,10.5,0.519,18.0,34.1,0.277
329,Utah,33,19,14,0.576,15.07,9.64,9.0,11.0,14,2,2,9,2576,2397,70.7,109.2,0.274,0.399,0.554,51.8,59.3,8.4,10.2,0.537,14.2,28.3,0.178
330,Utah State,33,27,6,0.818,12.21,4.79,14.0,4.0,14,1,8,4,2633,2319,69.1,113.7,0.393,0.331,0.58,52.9,57.4,9.6,11.0,0.548,14.0,29.3,0.281
331,Utah Tech,31,11,20,0.355,-8.04,-1.14,7.0,13.0,6,7,5,13,2194,2389,71.9,97.7,0.405,0.346,0.534,48.7,52.0,9.1,11.6,0.506,19.4,28.4,0.262
332,Utah Valley,32,16,16,0.5,-1.3,0.0,11.0,9.0,10,4,5,10,2199,2195,69.2,98.6,0.354,0.292,0.509,50.7,59.6,10.0,11.9,0.474,15.4,28.5,0.239
333,UTEP,33,18,15,0.545,-1.14,-1.17,7.0,9.0,13,5,2,9,2399,2270,71.2,101.3,0.423,0.314,0.536,49.1,51.0,16.0,8.4,0.499,17.7,30.2,0.291
334,UTSA,32,11,21,0.344,-4.92,-0.37,5.0,13.0,7,9,4,11,2483,2591,71.3,107.2,0.344,0.452,0.523,51.4,53.0,7.0,10.5,0.487,13.2,32.4,0.244
335,Valparaiso,32,7,25,0.219,-8.14,1.28,3.0,17.0,6,11,1,13,2163,2416,69.3,97.6,0.24,0.368,0.495,46.3,48.2,8.9,9.3,0.466,13.9,26.0,0.172
336,Vanderbilt,32,9,23,0.281,0.48,8.45,4.0,14.0,8,10,1,9,2173,2428,67.8,99.7,0.352,0.393,0.496,48.1,40.1,9.0,8.1,0.454,13.2,28.2,0.249
337,Vermont,33,27,6,0.818,2.87,-4.0,15.0,1.0,15,1,10,4,2393,2080,65.6,110.1,0.289,0.446,0.563,51.1,52.9,8.6,10.7,0.536,12.5,23.1,0.208
338,Villanova,33,18,15,0.545,14.86,9.83,10.0,10.0,10,5,4,8,2327,2161,64.2,107.4,0.265,0.48,0.546,50.6,52.9,8.7,7.9,0.507,12.8,25.2,0.215
339,Virginia,33,23,10,0.697,11.01,7.01,13.0,7.0,15,2,5,6,2098,1966,61.2,102.7,0.251,0.327,0.512,48.8,63.4,11.5,15.9,0.493,11.6,26.0,0.16
340,Virginia Commonwealth,33,21,12,0.636,8.89,3.77,11.0,7.0,13,6,5,4,2386,2217,66.3,108.2,0.366,0.439,0.568,52.2,58.1,9.4,12.1,0.524,16.1,28.6,0.286
341,VMI,32,4,28,0.125,-20.4,-2.19,1.0,17.0,4,10,0,15,2204,2644,74.6,92.0,0.267,0.348,0.505,48.3,41.0,7.5,6.5,0.477,18.9,25.2,0.185
342,Virginia Tech,32,18,14,0.563,11.81,7.87,10.0,10.0,14,2,2,9,2400,2274,67.9,110.5,0.331,0.421,0.58,50.2,57.9,7.8,6.7,0.541,14.6,25.2,0.262
343,Wagner,31,16,15,0.516,-10.82,-9.47,7.0,9.0,7,5,9,10,1970,1925,62.9,99.8,0.262,0.384,0.487,51.1,56.2,9.4,7.0,0.454,13.3,30.7,0.186
344,Wake Forest,33,20,13,0.606,15.19,7.47,11.0,9.0,16,1,2,9,2580,2325,68.7,113.0,0.315,0.377,0.584,51.1,45.0,8.5,10.8,0.547,14.0,26.3,0.251
345,Washington,32,17,15,0.531,12.13,8.66,9.0,11.0,11,6,5,6,2579,2468,72.0,109.8,0.321,0.368,0.565,49.9,51.8,7.8,9.0,0.535,14.1,27.1,0.232
346,Washington State,33,24,9,0.727,14.32,6.89,14.0,6.0,15,2,6,4,2452,2207,66.7,110.6,0.317,0.32,0.549,54.4,45.7,7.8,12.5,0.521,13.8,32.9,0.222
347,Weber State,32,20,12,0.625,0.01,-3.65,11.0,7.0,12,2,7,7,2414,2161,66.8,112.0,0.354,0.401,0.575,49.9,46.3,10.3,4.8,0.539,13.1,23.8,0.265
348,West Virginia,32,9,23,0.281,4.29,11.32,4.0,14.0,9,9,0,9,2234,2459,68.7,100.8,0.371,0.374,0.532,48.5,54.4,6.3,10.2,0.495,16.2,26.7,0.262
349,Western Carolina,32,22,10,0.688,2.17,-3.14,11.0,7.0,12,3,10,6,2459,2198,68.6,110.7,0.282,0.363,0.552,53.4,40.7,6.3,7.8,0.526,12.9,29.5,0.201
350,Western Illinois,33,21,12,0.636,-8.47,-7.09,13.0,5.0,10,5,10,6,2272,2167,66.9,102.1,0.357,0.316,0.502,55.5,51.0,7.8,13.3,0.477,16.1,38.3,0.22
351,Western Kentucky,32,21,11,0.656,1.32,-3.44,8.0,8.0,12,2,6,7,2581,2373,76.0,106.1,0.331,0.321,0.554,52.1,45.4,9.9,8.3,0.523,15.8,28.8,0.237
352,Western Michigan,32,12,20,0.375,-9.02,-3.51,9.0,9.0,7,7,3,12,2281,2396,68.6,102.7,0.311,0.391,0.52,51.8,50.5,7.6,7.3,0.499,16.3,33.8,0.195
353,Wichita State,34,15,19,0.441,2.35,3.53,5.0,13.0,10,5,2,10,2475,2484,69.5,104.0,0.264,0.316,0.526,52.6,44.2,9.0,10.8,0.5,15.1,32.2,0.184
354,William & Mary,33,10,23,0.303,-11.08,-5.3,4.0,14.0,7,7,2,13,2305,2380,66.7,104.4,0.325,0.48,0.523,49.3,51.7,7.1,4.7,0.49,13.9,28.1,0.228
355,Winthrop,32,17,15,0.531,-1.75,-3.2,8.0,8.0,11,5,6,9,2475,2287,68.3,110.7,0.486,0.395,0.57,51.0,46.5,9.0,8.3,0.531,16.1,31.8,0.341
356,Wisconsin,33,21,12,0.636,16.68,11.1,11.0,9.0,14,3,3,9,2464,2280,65.8,112.7,0.343,0.352,0.564,53.1,47.1,9.3,4.7,0.526,13.0,30.6,0.26
357,Wofford,32,17,15,0.531,-3.68,-1.4,10.0,8.0,11,2,6,9,2384,2362,67.5,108.7,0.279,0.447,0.552,53.0,56.5,6.5,8.0,0.539,14.7,30.2,0.173
358,Wright State,32,18,14,0.563,0.03,-3.37,13.0,7.0,9,7,7,6,2767,2599,72.6,117.7,0.328,0.292,0.615,51.6,51.2,8.5,7.2,0.586,14.4,28.6,0.248
359,Wyoming,32,15,17,0.469,1.0,5.04,8.0,10.0,9,5,3,10,2331,2383,67.9,106.4,0.391,0.369,0.56,50.8,47.3,7.5,7.0,0.519,16.4,29.1,0.289
360,Xavier,33,16,17,0.485,12.32,11.01,9.0,11.0,11,7,3,8,2503,2460,71.4,106.2,0.32,0.32,0.528,51.5,59.9,9.8,8.4,0.49,13.9,32.1,0.238
361,Yale,29,20,9,0.69,4.73,-0.6,11.0,3.0,9,2,9,6,2199,1947,66.1,112.8,0.271,0.347,0.558,53.3,53.3,9.1,9.6,0.533,12.3,29.6,0.195
362,Youngstown State,32,22,10,0.688,1.23,-4.84,14.0,6.0,14,3,8,7,2598,2269,70.8,113.8,0.285,0.422,0.554,53.8,52.6,8.7,12.5,0.519,13.1,35.0,0.22
