Rk,School,G,W,L,W_L_Pct,SRS,SOS,W_Conf,L_Conf,W_Home,L_Home,W_Away,L_Away,Pts_Tm,Pts_Opp,Opp_Pace,Opp_ORtg,Opp_FTr,Opp_3PAr,Opp_TS_Pct,Opp_TRB_Pct,Opp_AST_Pct,Opp_STL_Pct,Opp_BLK_Pct,Opp_eFG_Pct,Opp_TOV_Pct,Opp_ORB_Pct,Opp_FTperFGA
1,Abilene Christian,21,8,13,0.381,-4.13,-1.03,3.0,7.0,5,5,1,7,1572,1583,72.7,101.9,0.426,0.323,0.548,52.7,44.4,9.1,8.6,0.512,18.5,30.7,0.294
2,Air Force,21,8,13,0.381,-3.75,-1.23,1.0,8.0,4,7,4,5,1434,1487,64.3,108.9,0.36,0.386,0.562,52.1,52.9,8.9,10.5,0.526,15.8,30.4,0.265
3,Akron,22,17,5,0.773,6.07,-1.18,9.0,1.0,10,0,6,2,1677,1431,67.1,96.4,0.28,0.365,0.51,46.3,48.6,9.2,7.0,0.483,16.6,25.5,0.188
4,Alabama,22,16,6,0.727,24.58,9.9,8.0,1.0,11,1,3,2,1977,1654,73.2,102.8,0.357,0.371,0.523,46.0,44.5,10.3,11.5,0.486,14.7,29.1,0.252
5,Alabama A&M,21,4,17,0.19,-17.57,-4.66,3.0,5.0,2,4,2,11,1462,1733,73.0,112.4,0.479,0.38,0.575,52.8,56.9,13.0,8.1,0.529,16.4,35.4,0.353
6,Alabama State,21,10,11,0.476,-8.97,-2.74,5.0,3.0,4,3,3,8,1472,1469,71.3,97.5,0.417,0.446,0.53,49.9,55.2,8.6,10.3,0.486,18.6,27.2,0.299
7,Albany (NY),23,11,12,0.478,-7.39,-5.48,3.0,5.0,6,3,5,8,1814,1817,75.7,104.3,0.373,0.285,0.544,49.1,47.4,10.2,11.5,0.506,15.2,28.9,0.268
8,Alcorn State,21,5,16,0.238,-13.0,-0.1,4.0,4.0,2,2,3,14,1462,1712,69.3,117.6,0.376,0.488,0.595,50.6,63.5,9.5,10.2,0.565,14.8,32.6,0.272
9,American,23,13,10,0.565,-7.4,-7.72,7.0,3.0,8,2,5,8,1667,1631,64.7,108.4,0.3,0.431,0.569,47.7,50.4,7.3,8.1,0.548,14.8,24.7,0.204
10,Appalachian State,23,19,4,0.826,5.87,-2.75,10.0,1.0,10,0,6,3,1800,1505,69.8,92.3,0.217,0.34,0.459,46.2,42.7,9.6,5.7,0.433,13.6,27.0,0.147
11,Arizona,21,16,5,0.762,26.66,9.42,7.0,3.0,11,0,3,3,1876,1514,74.7,95.3,0.254,0.392,0.521,41.7,53.3,9.4,7.8,0.493,17.2,21.3,0.18
12,Arizona State,22,11,11,0.5,5.05,8.09,5.0,6.0,8,3,2,4,1516,1583,71.0,101.3,0.291,0.391,0.53,55.5,55.6,7.6,7.4,0.503,17.3,30.5,0.201
13,Arkansas,22,11,11,0.5,5.26,7.3,2.0,7.0,9,4,1,4,1670,1715,72.2,106.8,0.348,0.356,0.532,50.6,49.1,8.8,7.3,0.494,12.9,29.2,0.252
14,Arkansas State,23,10,13,0.435,-1.86,-2.25,6.0,5.0,7,2,2,10,1817,1808,70.9,110.2,0.404,0.266,0.544,49.2,41.6,10.8,13.1,0.496,12.1,30.6,0.306
15,Arkansas-Pine Bluff,21,10,11,0.476,-15.13,-4.07,5.0,3.0,6,3,4,8,1744,1770,75.4,111.8,0.337,0.387,0.562,53.0,58.2,8.8,11.5,0.531,14.6,32.2,0.241
16,Army,23,6,17,0.261,-13.72,-7.86,2.0,8.0,4,8,2,9,1387,1467,63.4,99.6,0.312,0.378,0.521,49.6,55.4,11.7,10.3,0.491,15.4,25.7,0.214
17,Auburn,22,18,4,0.818,21.62,5.12,7.0,2.0,11,0,3,3,1812,1449,70.8,93.1,0.365,0.355,0.482,46.6,45.9,9.2,7.8,0.432,16.7,29.0,0.267
18,Austin Peay,24,11,13,0.458,-6.28,-2.66,4.0,5.0,8,1,2,11,1693,1670,65.2,105.0,0.362,0.384,0.542,51.4,51.5,6.6,7.9,0.508,16.2,30.6,0.253
19,Ball State,22,12,10,0.545,-4.99,-5.19,4.0,6.0,8,4,4,5,1655,1549,67.9,103.1,0.291,0.353,0.537,48.3,46.7,8.8,8.3,0.509,15.2,26.1,0.206
20,Baylor,21,16,5,0.762,20.32,7.82,5.0,3.0,11,1,2,2,1763,1487,67.7,101.6,0.303,0.343,0.536,45.6,50.0,9.5,9.2,0.505,16.5,29.4,0.215
21,Bellarmine,24,6,18,0.25,-11.13,-0.23,2.0,7.0,4,5,2,13,1648,1783,66.8,110.7,0.298,0.442,0.556,52.5,50.4,7.3,8.5,0.527,13.4,28.6,0.215
22,Belmont,23,12,11,0.522,-0.65,2.44,5.0,7.0,8,2,3,8,1772,1806,72.4,107.9,0.271,0.413,0.563,52.5,54.9,9.3,8.4,0.537,15.6,27.6,0.197
23,Bethune-Cookman,21,10,11,0.476,-12.29,-7.34,5.0,3.0,7,2,3,7,1572,1558,74.3,99.3,0.46,0.389,0.54,50.5,60.2,12.4,6.8,0.491,20.3,32.3,0.334
24,Binghamton,21,10,11,0.476,-10.77,-4.24,2.0,6.0,7,2,3,9,1499,1513,68.6,104.4,0.315,0.378,0.521,46.8,45.0,10.4,10.4,0.487,11.9,25.6,0.224
25,Boise State,22,16,6,0.727,13.84,7.59,7.0,2.0,10,2,4,1,1660,1462,67.5,97.9,0.31,0.355,0.522,44.8,45.4,8.4,10.5,0.484,15.7,23.2,0.229
26,Boston College,21,13,8,0.619,8.57,4.72,4.0,6.0,8,3,4,3,1604,1523,69.0,104.5,0.284,0.375,0.543,49.9,50.4,8.6,9.1,0.507,15.3,26.9,0.219
27,Boston University,23,9,14,0.391,-10.95,-7.36,4.0,6.0,5,5,4,9,1472,1510,66.6,98.6,0.345,0.404,0.526,48.5,51.0,10.1,8.8,0.49,15.2,20.9,0.243
28,Bowling Green State,22,15,7,0.682,-3.24,-5.04,6.0,4.0,9,3,4,3,1688,1583,70.1,100.3,0.268,0.328,0.524,48.5,46.0,8.7,9.9,0.501,15.2,25.6,0.178
29,Bradley,23,17,6,0.739,10.53,2.53,9.0,3.0,10,2,5,3,1749,1551,66.8,99.3,0.345,0.377,0.518,48.6,49.9,9.9,5.7,0.481,16.7,28.4,0.242
30,Brigham Young,21,16,5,0.762,23.75,5.37,4.0,4.0,11,2,2,3,1773,1387,70.1,94.3,0.287,0.341,0.491,44.0,48.5,8.8,6.2,0.459,15.0,23.9,0.199
31,Brown,21,6,15,0.286,-6.01,-1.91,2.0,4.0,3,6,2,7,1470,1511,68.4,104.0,0.33,0.367,0.536,48.6,49.0,9.0,10.0,0.506,14.9,26.4,0.228
32,Bryant,23,14,9,0.609,-2.85,-2.66,6.0,2.0,6,2,7,7,1836,1745,76.7,97.8,0.338,0.347,0.484,53.6,47.5,9.0,8.7,0.447,14.1,30.6,0.231
33,Bucknell,23,9,14,0.391,-8.56,-4.51,6.0,4.0,4,6,5,8,1512,1605,64.6,106.8,0.319,0.433,0.545,50.9,60.6,10.1,10.1,0.513,14.3,28.5,0.228
34,Buffalo,21,2,19,0.095,-15.45,-0.9,1.0,8.0,1,9,1,8,1396,1681,70.4,113.7,0.267,0.356,0.573,50.9,55.5,11.6,9.3,0.551,13.3,30.2,0.189
35,Butler,22,15,7,0.682,14.14,7.24,6.0,5.0,10,2,3,4,1795,1624,69.7,102.5,0.224,0.389,0.518,49.6,47.6,9.2,11.5,0.492,14.4,29.9,0.161
36,Cal Poly,23,4,19,0.174,-12.19,-1.37,0.0,11.0,3,8,0,10,1439,1659,66.2,107.2,0.43,0.307,0.542,54.5,45.4,9.7,9.3,0.498,15.4,33.7,0.309
37,Cal State Bakersfield,22,9,13,0.409,-6.02,-1.32,4.0,7.0,7,3,1,9,1507,1520,66.4,102.4,0.445,0.367,0.535,50.0,51.8,7.5,7.6,0.493,17.5,33.1,0.311
38,Cal State Fullerton,22,11,11,0.5,-4.6,0.25,4.0,6.0,5,4,5,6,1473,1490,67.2,100.2,0.359,0.388,0.524,51.9,51.2,10.0,8.2,0.487,17.0,30.3,0.252
39,Cal State Northridge,23,14,9,0.609,-4.42,-4.62,5.0,6.0,8,3,6,6,1754,1681,74.4,98.3,0.355,0.455,0.513,45.1,58.0,11.1,7.6,0.471,15.7,25.7,0.257
40,California,22,9,13,0.409,6.51,7.74,5.0,6.0,7,5,2,4,1656,1683,69.8,107.2,0.326,0.374,0.548,48.7,46.6,8.2,8.4,0.514,13.3,25.8,0.238
41,California Baptist,21,13,8,0.619,0.35,-3.18,6.0,4.0,9,4,4,4,1445,1351,66.6,96.6,0.302,0.271,0.507,45.6,43.8,7.7,9.1,0.469,14.9,23.6,0.22
42,Campbell,23,11,12,0.478,-10.64,-5.99,5.0,5.0,8,4,3,8,1571,1555,66.0,101.9,0.256,0.432,0.521,51.2,52.5,9.8,9.1,0.495,16.1,30.3,0.18
43,Canisius,20,8,12,0.4,-5.63,-3.05,3.0,7.0,5,3,1,8,1469,1478,70.5,104.2,0.288,0.328,0.529,48.3,52.9,9.7,8.6,0.502,14.5,29.8,0.199
44,Central Arkansas,25,8,17,0.32,-15.95,-4.95,4.0,5.0,5,7,3,10,1815,1959,71.0,109.7,0.334,0.416,0.56,51.3,48.4,10.5,8.5,0.533,14.9,31.2,0.233
45,Central Connecticut State,22,13,9,0.591,-7.28,-8.28,7.0,2.0,6,3,7,6,1600,1462,68.3,96.7,0.267,0.349,0.509,48.8,54.6,10.3,8.5,0.487,17.1,28.1,0.174
46,Central Florida,21,13,8,0.619,12.58,5.72,4.0,5.0,10,4,1,4,1509,1365,69.4,93.1,0.364,0.378,0.509,46.7,58.5,10.8,9.7,0.465,19.0,25.6,0.264
47,Central Michigan,22,13,9,0.591,-7.14,-2.14,8.0,2.0,7,2,5,6,1497,1578,67.3,104.2,0.315,0.41,0.53,50.6,53.7,8.6,7.4,0.493,15.0,29.5,0.233
48,Charleston Southern,22,8,14,0.364,-11.11,-0.64,4.0,5.0,6,5,2,9,1550,1649,68.3,109.7,0.331,0.307,0.538,50.9,42.0,9.2,6.9,0.506,12.4,30.4,0.234
49,Charlotte,21,14,7,0.667,6.54,3.54,8.0,1.0,10,1,3,4,1453,1346,62.9,100.7,0.294,0.366,0.51,49.4,45.2,8.6,7.7,0.472,14.5,28.7,0.218
50,Chattanooga,23,15,8,0.652,-0.19,-3.57,7.0,3.0,9,3,6,5,1806,1629,69.1,101.3,0.282,0.417,0.51,48.0,47.5,9.1,9.2,0.486,13.7,27.5,0.185
51,Chicago State,27,11,16,0.407,-8.21,-2.37,,,5,5,5,10,1852,1872,67.6,102.0,0.346,0.344,0.54,51.0,49.7,10.6,8.1,0.51,19.0,34.5,0.237
52,Cincinnati,22,15,7,0.682,15.93,5.79,4.0,5.0,12,2,3,4,1693,1470,69.0,95.8,0.286,0.353,0.506,43.4,52.6,9.2,9.2,0.47,15.5,23.9,0.21
53,Clemson,21,14,7,0.667,14.93,8.17,4.0,6.0,8,3,3,4,1659,1517,68.0,105.0,0.325,0.402,0.527,47.1,43.8,8.9,7.0,0.491,12.4,25.8,0.235
54,Cleveland State,24,14,10,0.583,-3.18,-3.79,7.0,6.0,11,1,3,9,1848,1773,68.8,106.2,0.378,0.37,0.547,51.1,51.8,8.2,8.0,0.515,17.6,36.6,0.26
55,Coastal Carolina,22,6,16,0.273,-11.32,-2.22,3.0,8.0,5,10,1,6,1642,1758,71.8,110.2,0.298,0.463,0.534,48.7,56.5,10.7,9.0,0.506,11.9,31.1,0.207
56,Colgate,23,15,8,0.652,0.33,-2.99,9.0,1.0,8,2,5,5,1640,1489,67.0,96.6,0.257,0.391,0.502,47.8,55.9,8.5,7.6,0.477,15.0,24.2,0.172
57,College of Charleston,23,16,7,0.696,1.86,-2.14,7.0,3.0,8,2,7,2,1863,1738,71.6,105.5,0.293,0.369,0.538,47.2,43.4,9.1,9.9,0.508,13.9,26.6,0.208
58,Colorado,22,15,7,0.682,16.01,6.56,6.0,5.0,12,0,1,6,1775,1567,70.6,100.3,0.298,0.354,0.525,44.2,41.5,10.8,8.3,0.492,14.9,23.8,0.214
59,Colorado State,22,17,5,0.773,14.62,7.17,5.0,4.0,11,1,3,4,1755,1529,67.6,101.6,0.282,0.347,0.536,49.8,47.6,7.7,7.5,0.501,16.4,27.0,0.214
60,Columbia,19,11,8,0.579,-4.56,-4.44,2.0,4.0,8,2,3,6,1489,1328,70.5,99.2,0.272,0.438,0.514,47.5,54.9,8.6,11.2,0.486,15.6,27.0,0.191
61,Connecticut,22,20,2,0.909,22.53,5.35,10.0,1.0,12,0,4,2,1790,1412,66.7,96.2,0.358,0.319,0.492,43.6,46.8,8.5,8.2,0.45,14.8,26.7,0.25
62,Coppin State,20,2,18,0.1,-20.58,-4.43,1.0,5.0,2,4,0,13,1128,1451,67.9,105.6,0.36,0.389,0.546,56.3,59.2,13.2,8.7,0.504,18.4,38.0,0.271
63,Cornell,20,17,3,0.85,4.14,-2.36,6.0,0.0,7,0,8,3,1680,1486,72.9,102.0,0.308,0.427,0.532,48.7,50.4,9.8,9.5,0.513,17.1,29.8,0.194
64,Creighton,22,16,6,0.727,19.16,7.25,7.0,4.0,10,2,5,3,1772,1510,67.9,98.8,0.156,0.265,0.478,46.2,37.9,9.1,8.8,0.453,9.5,24.6,0.12
65,Dartmouth,19,5,14,0.263,-14.45,-1.75,1.0,5.0,5,5,0,9,1144,1313,66.3,104.3,0.232,0.404,0.531,51.1,48.2,11.3,8.9,0.508,13.0,23.9,0.162
66,Davidson,20,12,8,0.6,4.08,1.96,2.0,5.0,7,4,3,3,1444,1348,66.2,100.5,0.291,0.43,0.522,49.3,54.0,9.1,9.1,0.495,15.2,25.9,0.199
67,Dayton,21,18,3,0.857,14.94,5.13,8.0,1.0,11,0,4,2,1556,1350,64.0,100.4,0.213,0.377,0.487,49.5,49.2,8.6,8.5,0.46,13.3,31.2,0.152
68,Delaware,23,14,9,0.609,0.66,-3.43,6.0,4.0,6,3,6,4,1746,1623,68.5,102.5,0.284,0.372,0.516,49.5,47.7,8.6,9.6,0.485,13.7,28.4,0.201
69,Delaware State,22,10,12,0.455,-11.17,-6.17,3.0,3.0,5,4,3,7,1556,1576,71.1,98.0,0.338,0.401,0.548,46.8,51.8,10.3,5.5,0.519,19.4,26.2,0.233
70,Denver,24,13,11,0.542,-4.28,-3.83,4.0,5.0,8,2,4,8,2028,1942,72.1,110.0,0.292,0.334,0.552,49.7,44.6,6.9,11.3,0.523,13.0,29.4,0.21
71,DePaul,22,3,19,0.136,-5.81,9.23,0.0,11.0,3,11,0,6,1415,1746,68.5,115.9,0.308,0.389,0.578,55.0,55.1,10.8,8.7,0.547,13.1,31.6,0.231
72,Detroit Mercy,24,0,24,0.0,-18.29,-1.58,0.0,13.0,0,9,0,15,1527,1928,67.9,117.1,0.319,0.372,0.59,55.8,51.7,8.8,9.3,0.555,14.8,36.3,0.248
73,Drake,23,18,5,0.783,11.17,0.21,9.0,3.0,12,0,3,4,1820,1559,68.5,97.4,0.302,0.395,0.527,48.1,40.8,7.7,7.0,0.498,16.7,22.4,0.21
74,Drexel,23,15,8,0.652,2.68,-4.0,8.0,2.0,9,1,5,7,1682,1467,65.7,96.5,0.278,0.357,0.485,43.4,46.2,8.4,7.0,0.452,12.7,24.6,0.195
75,Duke,21,16,5,0.762,18.82,6.11,7.0,3.0,10,2,4,3,1704,1437,69.0,99.2,0.283,0.371,0.527,47.0,52.1,7.4,11.8,0.499,15.6,23.8,0.198
76,Duquesne,21,13,8,0.619,6.43,3.33,3.0,5.0,9,3,2,4,1525,1415,68.6,98.3,0.351,0.342,0.514,49.4,50.5,8.5,10.6,0.48,17.6,30.7,0.24
77,East Carolina,23,11,12,0.478,-0.32,0.27,4.0,6.0,9,7,2,4,1583,1566,65.9,102.8,0.308,0.422,0.532,49.8,50.7,8.6,10.0,0.497,17.1,31.9,0.226
78,East Tennessee State,23,12,11,0.522,-4.76,-2.28,4.0,6.0,7,3,4,8,1621,1594,69.1,100.3,0.349,0.367,0.519,48.6,46.5,9.2,8.6,0.484,16.1,29.3,0.242
79,Eastern Illinois,23,10,13,0.435,-11.78,-3.83,4.0,6.0,6,6,3,7,1572,1548,67.9,99.2,0.342,0.389,0.549,49.7,58.5,8.1,9.8,0.514,19.3,25.0,0.249
80,Eastern Kentucky,22,12,10,0.545,-4.49,-2.12,8.0,1.0,9,3,3,7,1793,1679,73.2,103.6,0.275,0.373,0.522,47.3,50.2,10.1,6.3,0.494,14.6,30.1,0.192
81,Eastern Michigan,22,9,13,0.409,-13.96,-3.91,2.0,8.0,7,4,2,8,1458,1641,66.9,110.1,0.31,0.392,0.555,51.9,49.7,10.0,7.5,0.528,14.0,30.2,0.219
82,Eastern Washington,22,14,8,0.636,1.12,-0.08,8.0,1.0,7,0,7,8,1724,1580,70.7,101.6,0.322,0.402,0.523,48.4,50.3,9.5,8.4,0.486,15.1,27.1,0.235
83,Elon,23,10,13,0.435,-10.87,-5.68,3.0,7.0,6,4,2,9,1751,1755,68.7,111.0,0.302,0.389,0.552,50.3,50.6,8.5,9.3,0.522,13.7,32.4,0.218
84,Evansville,23,14,9,0.609,-2.97,-0.38,5.0,7.0,9,2,4,7,1681,1668,70.8,101.3,0.254,0.434,0.532,50.3,50.9,8.9,7.8,0.504,15.6,25.4,0.184
85,Fairfield,21,12,9,0.571,-3.79,-5.94,6.0,4.0,5,3,7,5,1601,1511,70.3,102.4,0.27,0.351,0.528,51.3,49.6,9.0,8.2,0.502,16.7,32.1,0.188
86,FDU,23,11,12,0.478,-14.11,-8.06,5.0,3.0,6,5,5,6,1797,1822,74.3,106.0,0.322,0.41,0.555,51.6,54.2,9.5,8.0,0.526,17.1,30.7,0.227
87,Florida,22,15,7,0.682,14.54,6.63,5.0,4.0,9,1,2,4,1868,1694,72.7,103.6,0.312,0.321,0.515,44.3,42.0,11.2,10.4,0.484,12.6,28.4,0.215
88,Florida A&M,19,4,15,0.211,-16.09,-0.21,2.0,6.0,2,5,2,9,1313,1560,70.4,115.2,0.425,0.396,0.58,50.7,51.8,12.3,8.7,0.553,13.5,29.6,0.289
89,Florida Atlantic,22,18,4,0.818,15.91,4.13,8.0,1.0,9,1,3,2,1835,1576,69.2,101.9,0.255,0.364,0.52,46.8,39.5,8.0,6.4,0.492,15.1,29.4,0.182
90,Florida Gulf Coast,24,10,14,0.417,-6.39,-2.25,4.0,5.0,7,3,2,8,1690,1732,65.6,109.4,0.274,0.429,0.55,48.1,51.8,10.1,7.4,0.526,13.4,28.2,0.191
91,Florida International,23,8,15,0.348,-8.0,-1.41,3.0,5.0,7,4,1,8,1722,1776,72.8,105.5,0.372,0.394,0.585,54.1,57.9,10.2,10.7,0.555,21.6,34.9,0.268
92,Florida State,21,12,9,0.571,10.29,7.67,6.0,4.0,7,5,3,3,1623,1568,73.4,101.1,0.446,0.386,0.543,51.4,46.3,8.1,6.6,0.506,18.5,31.0,0.304
93,Fordham,22,10,12,0.455,-0.59,-0.63,4.0,5.0,4,8,4,2,1619,1618,71.2,101.0,0.44,0.28,0.54,49.3,47.5,9.8,10.3,0.494,17.7,27.6,0.318
94,Fresno State,22,9,13,0.409,-1.86,2.57,2.0,7.0,7,5,1,6,1528,1610,66.7,108.5,0.256,0.356,0.547,50.8,47.2,9.6,10.0,0.527,13.9,29.9,0.173
95,Furman,22,12,10,0.545,0.41,-2.17,6.0,3.0,9,1,3,7,1783,1681,73.1,102.8,0.256,0.347,0.535,48.2,49.9,10.1,10.1,0.515,15.1,26.5,0.171
96,Gardner-Webb,23,11,12,0.478,-3.0,0.25,6.0,2.0,8,2,2,7,1709,1674,71.0,101.5,0.412,0.354,0.532,48.9,46.2,7.9,8.4,0.492,15.1,24.7,0.287
97,George Mason,22,15,7,0.682,6.74,1.12,4.0,5.0,11,1,3,5,1616,1474,66.3,101.1,0.313,0.41,0.507,47.0,49.0,10.1,10.4,0.47,14.0,27.8,0.225
98,George Washington,21,14,7,0.667,1.19,-1.76,3.0,5.0,11,2,1,4,1678,1604,72.4,101.3,0.206,0.39,0.5,49.4,49.2,9.5,10.1,0.474,12.9,29.3,0.151
99,Georgetown,21,8,13,0.381,0.98,4.79,1.0,9.0,7,7,1,6,1513,1593,67.9,110.5,0.306,0.361,0.562,49.8,52.2,11.2,10.7,0.535,15.0,32.0,0.218
100,Georgia,22,14,8,0.636,9.78,6.88,4.0,5.0,11,3,3,2,1684,1620,71.1,103.1,0.284,0.376,0.52,51.0,54.6,8.8,11.3,0.489,14.7,30.8,0.204
101,Georgia Southern,23,5,18,0.217,-10.89,-2.2,5.0,6.0,3,4,2,11,1626,1826,69.7,113.3,0.395,0.381,0.557,54.0,52.1,10.7,12.8,0.526,14.6,35.8,0.271
102,Georgia State,22,9,13,0.409,-5.21,-2.86,4.0,7.0,6,3,3,10,1723,1661,71.4,104.6,0.359,0.373,0.522,49.8,50.8,7.4,10.0,0.486,12.7,28.2,0.25
103,Georgia Tech,22,10,12,0.455,4.78,7.83,3.0,8.0,6,5,2,6,1605,1672,68.5,108.6,0.332,0.391,0.524,48.5,49.0,9.7,9.0,0.489,11.4,30.6,0.237
104,Gonzaga,22,16,6,0.727,16.64,2.54,7.0,2.0,10,2,3,2,1853,1491,71.6,94.7,0.252,0.372,0.488,44.2,45.9,8.2,6.5,0.455,15.0,25.9,0.182
105,Grambling,21,9,12,0.429,-12.27,-2.16,6.0,2.0,6,2,2,8,1386,1501,67.8,105.5,0.326,0.345,0.551,50.8,60.4,10.7,6.9,0.518,16.7,32.2,0.237
106,Grand Canyon,23,21,2,0.913,10.0,-1.14,11.0,1.0,11,0,7,1,1851,1556,70.7,95.2,0.323,0.335,0.501,45.7,48.6,9.0,7.1,0.463,17.4,28.4,0.23
107,Green Bay,24,15,9,0.625,-3.46,-3.91,10.0,3.0,10,1,5,7,1647,1588,63.8,103.2,0.341,0.347,0.517,48.9,50.6,10.0,13.5,0.479,13.1,27.7,0.244
108,Hampton,23,5,18,0.217,-16.96,-5.41,0.0,10.0,3,7,0,9,1728,1794,72.1,108.2,0.309,0.403,0.54,49.6,46.6,10.3,7.1,0.501,13.5,30.4,0.237
109,Harvard,19,11,8,0.579,-3.28,-1.28,2.0,4.0,7,4,4,4,1357,1365,68.2,104.7,0.241,0.412,0.513,51.5,49.0,9.6,9.7,0.492,13.4,31.4,0.16
110,Hawaii,23,12,11,0.522,-0.78,-1.25,4.0,7.0,8,6,2,4,1628,1577,67.5,101.0,0.335,0.255,0.534,48.7,38.1,9.2,7.7,0.496,15.4,24.3,0.245
111,High Point,24,20,4,0.833,2.49,-5.06,9.0,0.0,13,0,5,3,2038,1769,69.4,105.6,0.339,0.327,0.536,42.6,45.5,7.2,8.2,0.5,12.4,24.0,0.246
112,Hofstra,23,13,10,0.565,0.85,-0.83,6.0,4.0,8,2,2,8,1713,1623,67.6,103.8,0.294,0.425,0.525,52.3,54.6,8.6,8.1,0.488,15.1,30.2,0.221
113,Holy Cross,23,7,16,0.304,-17.57,-7.57,4.0,6.0,3,6,3,9,1540,1732,66.1,113.3,0.299,0.394,0.556,52.7,51.5,10.5,9.5,0.524,11.7,29.9,0.222
114,Houston,22,19,3,0.864,26.89,7.25,6.0,3.0,12,0,3,3,1620,1188,64.0,83.8,0.387,0.424,0.468,45.3,64.6,7.5,6.9,0.431,22.2,28.1,0.247
115,Houston Christian,20,5,15,0.25,-16.44,-1.16,3.0,6.0,4,4,1,11,1424,1627,74.1,109.0,0.273,0.343,0.536,49.7,52.8,12.9,11.4,0.512,12.1,31.1,0.188
116,Howard,23,9,14,0.391,-8.71,-5.62,3.0,3.0,5,3,4,8,1725,1745,70.1,106.0,0.37,0.355,0.534,48.8,50.0,10.8,10.0,0.501,15.0,32.4,0.255
117,Idaho,22,8,14,0.364,-10.18,-3.03,2.0,7.0,5,7,2,7,1532,1585,66.6,107.5,0.358,0.395,0.56,51.4,54.1,9.1,10.4,0.526,15.0,26.6,0.258
118,Idaho State,23,9,14,0.391,-8.16,-3.5,4.0,6.0,5,3,4,10,1605,1613,64.9,106.3,0.324,0.3,0.563,48.4,47.5,9.6,7.1,0.529,16.0,26.0,0.24
119,Illinois,21,16,5,0.762,20.1,6.72,7.0,3.0,11,2,3,3,1729,1448,70.4,97.3,0.233,0.278,0.48,43.8,40.8,8.1,8.3,0.453,11.5,26.2,0.16
120,Illinois State,23,11,12,0.478,-2.87,0.09,5.0,7.0,7,5,3,5,1514,1560,66.1,102.6,0.291,0.374,0.543,48.6,53.0,7.8,10.0,0.511,15.6,24.2,0.214
121,Illinois-Chicago,23,8,15,0.348,-1.2,0.34,1.0,11.0,4,7,2,7,1598,1581,68.7,100.1,0.362,0.341,0.514,51.2,47.3,9.7,10.5,0.466,15.1,27.9,0.272
122,Incarnate Word,21,7,14,0.333,-14.11,-6.37,2.0,6.0,4,4,3,9,1543,1640,72.2,107.5,0.387,0.341,0.546,50.4,51.8,11.0,12.3,0.506,13.9,30.7,0.282
123,Indiana,22,13,9,0.591,7.3,8.12,5.0,6.0,11,3,1,4,1616,1634,69.6,106.7,0.314,0.411,0.527,50.0,52.6,10.7,8.4,0.49,13.2,30.3,0.231
124,Indiana State,23,20,3,0.87,14.16,1.89,11.0,1.0,10,0,6,3,1966,1666,71.6,100.6,0.256,0.34,0.523,47.6,41.3,8.8,12.0,0.494,14.7,24.3,0.186
125,Iona,20,10,10,0.5,-1.71,-4.06,5.0,4.0,6,3,3,4,1465,1418,68.7,103.1,0.407,0.423,0.561,51.9,54.6,8.0,10.2,0.522,19.8,31.6,0.295
126,Iowa,22,13,9,0.591,14.2,7.25,5.0,6.0,9,3,2,5,1852,1699,73.5,105.1,0.303,0.36,0.537,50.6,51.6,8.2,9.6,0.508,15.3,30.8,0.214
127,Iowa State,21,16,5,0.762,22.32,4.61,5.0,3.0,13,0,2,3,1677,1305,69.5,89.4,0.347,0.468,0.52,47.4,59.8,8.8,7.5,0.481,23.4,27.6,0.248
128,IUPUI,24,6,18,0.25,-19.19,-3.71,2.0,11.0,4,8,2,8,1585,1872,68.4,113.5,0.329,0.382,0.592,52.1,56.8,9.9,7.9,0.568,16.9,34.0,0.234
129,Jackson State,21,8,13,0.381,-9.92,-2.78,4.0,4.0,2,1,4,11,1484,1634,71.3,109.1,0.385,0.398,0.562,50.7,56.6,11.0,10.1,0.527,16.2,33.0,0.274
130,Jacksonville,23,11,12,0.478,-10.69,-3.34,2.0,7.0,8,1,2,11,1681,1697,70.0,104.9,0.396,0.389,0.539,47.3,53.6,10.8,8.4,0.503,15.8,30.6,0.274
131,Jacksonville State,23,11,12,0.478,-2.31,-2.76,3.0,5.0,6,4,4,8,1622,1487,66.8,96.3,0.34,0.36,0.511,45.7,44.1,10.0,7.7,0.476,16.7,25.6,0.235
132,James Madison,23,20,3,0.87,8.96,-5.13,8.0,3.0,11,1,7,2,1969,1588,73.3,92.7,0.342,0.333,0.504,46.3,43.0,7.9,8.7,0.464,18.6,25.9,0.243
133,Kansas,22,18,4,0.818,19.78,8.87,6.0,3.0,12,0,2,3,1741,1485,70.2,96.2,0.262,0.4,0.489,46.3,48.9,10.1,6.9,0.458,14.6,26.3,0.184
134,Kansas City,24,10,14,0.417,-6.78,-2.82,4.0,5.0,8,3,2,8,1725,1701,67.6,103.2,0.41,0.346,0.544,46.9,49.7,8.9,7.7,0.506,16.0,26.6,0.288
135,Kansas State,22,14,8,0.636,10.53,7.17,4.0,5.0,11,2,2,4,1585,1511,67.8,98.6,0.311,0.386,0.497,48.0,50.0,11.5,9.8,0.461,15.4,32.0,0.219
136,Kennesaw State,23,13,10,0.565,-6.62,-5.47,4.0,5.0,8,3,3,7,1943,1841,75.9,104.3,0.387,0.376,0.536,50.2,47.4,8.8,12.6,0.495,15.9,30.8,0.278
137,Kent State,22,11,11,0.5,-0.02,-1.52,4.0,6.0,5,6,4,4,1705,1612,69.1,103.7,0.331,0.413,0.553,48.5,52.6,10.0,9.2,0.523,17.3,28.6,0.233
138,Kentucky,21,15,6,0.714,16.52,6.09,5.0,4.0,10,3,3,2,1865,1646,73.8,104.3,0.315,0.414,0.523,49.7,53.9,8.0,9.0,0.491,14.2,29.6,0.221
139,La Salle,22,11,11,0.5,-2.47,-0.13,2.0,7.0,7,5,3,6,1632,1615,67.9,105.7,0.322,0.319,0.534,52.7,52.3,6.7,9.0,0.502,14.7,31.5,0.228
140,Lafayette,23,9,14,0.391,-10.01,-4.51,8.0,2.0,4,6,5,6,1419,1524,65.6,99.9,0.285,0.391,0.514,52.1,51.5,10.0,8.5,0.479,15.5,28.9,0.208
141,Lamar,22,12,10,0.545,-5.1,-7.05,6.0,3.0,9,1,1,9,1780,1666,72.4,103.3,0.408,0.426,0.538,48.1,62.1,10.0,8.3,0.495,17.2,31.3,0.293
142,Le Moyne,22,9,13,0.409,-11.98,-7.19,4.0,4.0,6,2,3,11,1637,1611,70.1,104.5,0.251,0.438,0.545,53.8,57.5,8.6,7.1,0.521,17.1,31.7,0.178
143,Lehigh,21,7,14,0.333,-8.19,-4.67,4.0,6.0,4,4,3,10,1536,1523,71.9,100.3,0.307,0.365,0.536,50.2,46.4,9.6,8.2,0.506,16.0,23.5,0.216
144,Liberty,23,14,9,0.609,3.36,-0.29,3.0,5.0,8,2,2,5,1731,1483,66.0,96.7,0.301,0.326,0.513,48.7,40.0,8.1,11.6,0.477,15.9,23.8,0.218
145,Lindenwood,23,8,15,0.348,-17.16,-6.51,2.0,8.0,4,6,2,9,1520,1658,68.1,105.8,0.386,0.394,0.561,52.5,52.2,9.1,8.8,0.527,16.3,28.7,0.274
146,Lipscomb,24,14,10,0.583,-1.78,-3.59,5.0,4.0,8,1,4,8,1944,1819,71.3,106.3,0.234,0.379,0.544,51.5,42.8,7.1,9.8,0.52,14.6,28.6,0.169
147,Little Rock,23,12,11,0.522,-6.29,-7.33,6.0,4.0,9,4,3,6,1796,1772,71.3,106.9,0.398,0.376,0.548,49.2,48.0,7.2,7.4,0.501,15.3,30.4,0.301
148,Long Beach State,23,14,9,0.609,-1.1,-1.05,6.0,5.0,6,2,7,5,1808,1758,73.5,102.9,0.314,0.464,0.538,48.0,59.6,9.8,5.8,0.51,17.0,30.1,0.217
149,Long Island University,21,5,16,0.238,-19.7,-6.75,4.0,5.0,3,3,1,13,1362,1634,71.0,109.6,0.391,0.343,0.55,53.7,56.5,11.9,10.0,0.517,13.1,29.9,0.271
150,Longwood,24,14,10,0.583,-2.95,-6.57,2.0,7.0,10,2,4,8,1801,1593,68.4,95.6,0.323,0.371,0.523,42.5,47.6,8.9,6.5,0.495,18.1,23.7,0.217
151,Louisiana,23,15,8,0.652,1.78,-2.03,8.0,3.0,9,1,4,6,1786,1631,70.2,101.0,0.407,0.315,0.536,50.0,45.5,9.7,10.1,0.496,18.9,32.3,0.289
152,Louisiana State,21,12,9,0.571,9.75,4.42,4.0,4.0,9,3,1,4,1628,1516,71.2,100.8,0.342,0.429,0.523,49.7,48.5,11.2,10.6,0.479,17.1,31.1,0.257
153,Louisiana Tech,22,16,6,0.727,8.28,-0.09,6.0,1.0,11,0,5,6,1677,1380,67.5,91.8,0.305,0.348,0.476,45.4,45.2,9.8,8.8,0.439,16.4,27.6,0.212
154,Louisiana-Monroe,21,7,14,0.333,-10.14,-1.09,3.0,8.0,5,5,2,9,1471,1567,69.4,106.8,0.38,0.466,0.545,47.4,61.3,10.2,9.3,0.501,14.8,29.5,0.284
155,Louisville,22,7,15,0.318,0.94,6.08,2.0,9.0,6,7,1,6,1602,1715,70.6,109.8,0.324,0.386,0.564,49.8,53.9,10.1,10.0,0.531,14.7,28.2,0.241
156,Loyola (IL),21,14,7,0.667,4.75,1.1,6.0,2.0,10,2,3,3,1539,1415,70.3,95.9,0.353,0.356,0.501,48.1,51.0,9.8,9.8,0.46,15.4,25.1,0.249
157,Loyola (MD),23,4,19,0.174,-16.78,-6.06,2.0,8.0,1,8,3,10,1490,1692,66.5,109.4,0.319,0.37,0.562,49.1,52.0,11.6,11.0,0.537,13.9,26.8,0.219
158,Loyola Marymount,22,10,12,0.455,1.65,1.13,3.0,5.0,7,5,2,4,1604,1552,67.6,104.4,0.307,0.295,0.525,46.9,49.6,9.2,10.9,0.487,11.9,25.4,0.229
159,Maine,23,11,12,0.478,-5.72,-4.58,3.0,5.0,5,3,4,9,1571,1544,68.2,98.4,0.334,0.323,0.523,51.3,53.3,9.2,8.9,0.495,16.9,26.7,0.221
160,Manhattan,19,5,14,0.263,-14.37,-2.92,2.0,8.0,2,6,3,8,1270,1464,71.2,106.9,0.262,0.336,0.544,53.0,58.3,12.4,11.0,0.513,14.5,30.0,0.196
161,Marist,19,10,9,0.526,-7.28,-8.49,5.0,5.0,5,3,5,6,1227,1204,66.4,95.4,0.375,0.39,0.52,51.5,44.0,10.5,7.1,0.484,19.2,26.5,0.258
162,Marquette,22,17,5,0.773,19.79,9.02,8.0,3.0,10,1,5,3,1726,1489,69.9,96.9,0.28,0.425,0.528,50.9,56.9,8.1,7.6,0.496,19.8,28.9,0.205
163,Marshall,24,12,12,0.5,-3.43,-1.87,7.0,4.0,8,5,3,4,1826,1829,73.4,103.9,0.285,0.358,0.529,49.0,49.3,10.3,7.3,0.5,14.4,27.6,0.203
164,Maryland,22,13,9,0.591,11.3,5.11,5.0,6.0,10,2,3,5,1530,1394,66.3,95.0,0.32,0.291,0.497,48.6,48.4,9.3,9.7,0.455,17.1,30.3,0.235
165,Maryland-Baltimore County,23,7,16,0.304,-10.84,-5.79,2.0,6.0,5,6,2,10,1817,1909,75.7,109.6,0.283,0.351,0.547,51.4,44.3,11.7,7.6,0.518,13.0,30.1,0.206
166,Maryland-Eastern Shore,19,5,14,0.263,-18.33,-4.27,1.0,5.0,5,3,0,11,1218,1357,68.4,102.3,0.377,0.362,0.53,52.3,52.7,10.0,7.3,0.501,16.3,30.8,0.247
167,Massachusetts,21,14,7,0.667,8.47,-0.43,5.0,4.0,10,2,1,4,1693,1506,70.8,100.7,0.399,0.391,0.528,46.8,54.6,8.4,7.4,0.485,17.4,30.6,0.288
168,Massachusetts-Lowell,21,15,6,0.714,-0.92,-6.31,6.0,2.0,7,3,8,3,1679,1421,72.0,93.5,0.225,0.346,0.482,44.8,44.5,10.5,6.9,0.454,15.1,25.9,0.159
169,McNeese State,22,19,3,0.864,5.69,-4.92,8.0,1.0,11,0,7,3,1760,1363,67.5,91.8,0.287,0.495,0.502,47.5,60.7,6.6,8.3,0.468,20.8,29.5,0.205
170,Memphis,22,16,6,0.727,9.16,4.02,5.0,4.0,9,2,5,3,1766,1653,72.1,103.0,0.304,0.426,0.522,49.4,51.0,10.1,11.5,0.49,16.1,33.3,0.215
171,Mercer,23,10,13,0.435,-5.51,-3.21,3.0,7.0,6,5,3,7,1605,1611,67.6,103.5,0.41,0.344,0.541,50.2,44.2,10.2,7.9,0.498,16.7,30.5,0.295
172,Merrimack,23,13,10,0.565,-3.74,-5.03,7.0,2.0,8,1,4,8,1576,1524,68.5,96.2,0.313,0.323,0.504,55.3,58.0,10.1,9.7,0.465,19.5,35.5,0.226
173,Miami (FL),22,15,7,0.682,13.12,4.53,6.0,5.0,11,2,2,4,1778,1589,71.3,100.8,0.206,0.455,0.517,47.5,55.6,10.2,8.8,0.494,15.0,27.4,0.148
174,Miami (OH),22,11,11,0.5,-5.12,-3.02,5.0,5.0,7,3,4,8,1618,1571,68.8,103.2,0.348,0.359,0.529,51.7,47.7,9.0,9.7,0.489,15.2,29.0,0.253
175,Michigan,22,7,15,0.318,8.07,9.89,2.0,9.0,4,7,2,5,1694,1734,69.3,111.8,0.297,0.324,0.544,48.8,45.8,10.6,12.0,0.513,11.9,31.0,0.216
176,Michigan State,22,14,8,0.636,19.26,9.17,6.0,5.0,12,2,1,4,1658,1436,67.0,96.9,0.316,0.428,0.502,49.2,54.2,8.1,7.3,0.463,16.3,29.8,0.229
177,Middle Tennessee,22,8,14,0.364,-7.2,-0.3,2.0,5.0,7,6,0,6,1405,1480,66.0,100.3,0.289,0.316,0.518,49.9,42.0,10.1,10.0,0.486,15.6,30.8,0.206
178,Milwaukee,22,11,11,0.5,-5.96,-2.76,6.0,5.0,7,3,3,7,1729,1746,70.6,110.6,0.324,0.383,0.556,48.7,56.5,10.3,11.8,0.518,14.3,32.2,0.245
179,Minnesota,21,14,7,0.667,10.23,1.94,5.0,5.0,12,3,2,3,1606,1432,68.4,99.2,0.28,0.288,0.506,47.1,52.9,10.7,9.1,0.472,14.8,28.5,0.203
180,Mississippi,22,18,4,0.818,10.46,5.14,5.0,4.0,13,1,3,3,1692,1575,68.9,103.9,0.292,0.373,0.518,52.0,54.9,9.4,7.6,0.487,16.0,35.5,0.208
181,Mississippi State,22,14,8,0.636,13.5,7.68,3.0,6.0,8,2,0,6,1632,1504,69.5,98.4,0.316,0.413,0.507,45.7,48.8,11.1,9.0,0.468,15.4,27.2,0.23
182,Mississippi Valley State,22,0,22,0.0,-27.12,-0.07,0.0,9.0,0,5,0,17,1180,1775,66.7,120.3,0.432,0.388,0.603,54.8,55.0,13.8,7.8,0.574,14.2,35.6,0.305
183,Missouri,22,8,14,0.364,4.71,5.26,0.0,9.0,6,6,2,6,1617,1629,68.5,107.5,0.396,0.397,0.548,53.8,52.2,8.7,8.4,0.502,16.6,34.6,0.3
184,Missouri State,23,14,9,0.609,1.74,0.39,6.0,6.0,7,3,4,6,1659,1628,68.6,100.9,0.262,0.359,0.503,46.7,45.7,9.2,8.3,0.47,12.0,24.5,0.19
185,Monmouth,23,12,11,0.522,-1.69,-0.6,5.0,5.0,9,1,1,10,1651,1676,68.4,106.5,0.329,0.441,0.541,51.4,56.4,8.9,10.3,0.508,15.5,32.0,0.235
186,Montana,23,15,8,0.652,-0.45,-1.45,6.0,4.0,9,3,6,5,1755,1642,67.6,105.1,0.332,0.325,0.537,48.6,45.7,8.2,8.6,0.503,13.1,24.7,0.238
187,Montana State,23,11,12,0.478,-4.94,-2.69,6.0,4.0,8,6,3,6,1717,1705,70.0,104.8,0.386,0.331,0.56,53.3,48.1,8.2,7.0,0.527,17.1,27.2,0.272
188,Morehead State,23,18,5,0.783,1.44,-3.72,9.0,1.0,10,0,8,5,1747,1421,66.4,93.1,0.305,0.341,0.474,42.0,43.7,8.8,7.4,0.433,14.1,24.8,0.221
189,Morgan State,22,7,15,0.318,-17.11,-2.95,3.0,3.0,5,3,2,10,1600,1733,72.1,108.7,0.377,0.328,0.541,51.4,47.5,11.4,9.1,0.508,15.1,35.3,0.259
190,Mount St. Mary's,21,8,13,0.381,-6.0,-7.09,4.0,6.0,5,3,3,10,1507,1484,68.8,100.9,0.341,0.326,0.534,48.5,48.8,12.7,7.6,0.489,17.0,28.7,0.263
191,Murray State,23,9,14,0.391,2.55,1.28,6.0,6.0,5,7,4,5,1620,1559,65.7,102.6,0.265,0.412,0.546,50.6,50.9,7.1,9.5,0.523,16.8,26.1,0.184
192,Navy,21,8,13,0.381,-10.69,-7.79,4.0,6.0,7,3,1,10,1416,1416,66.6,100.7,0.372,0.441,0.544,51.2,56.9,7.0,12.8,0.509,19.5,30.4,0.261
193,NC State,22,15,7,0.682,10.12,4.58,7.0,4.0,11,2,3,3,1666,1544,69.6,99.7,0.361,0.355,0.523,51.3,50.1,7.3,7.6,0.487,17.1,29.5,0.252
194,Nebraska,22,16,6,0.727,12.81,5.67,6.0,5.0,14,1,1,5,1702,1545,68.8,101.0,0.247,0.421,0.5,48.9,52.7,9.3,11.2,0.473,14.0,29.9,0.171
195,Nevada,22,17,5,0.773,12.19,3.0,4.0,4.0,11,1,3,3,1684,1458,67.8,97.8,0.319,0.43,0.509,49.0,54.1,7.2,6.7,0.48,16.2,27.9,0.212
196,Nevada-Las Vegas,21,12,9,0.571,7.42,6.21,5.0,4.0,9,4,3,2,1578,1463,67.4,102.2,0.285,0.363,0.535,50.9,57.0,8.2,8.7,0.501,17.3,30.9,0.212
197,New Hampshire,21,13,8,0.619,-3.11,-3.31,5.0,3.0,6,3,7,5,1626,1545,74.4,98.3,0.269,0.376,0.506,50.9,49.6,10.3,11.5,0.47,14.4,26.2,0.202
198,New Mexico,22,18,4,0.818,17.95,4.24,6.0,3.0,11,1,3,3,1851,1530,73.8,94.3,0.348,0.359,0.513,47.6,54.7,7.8,9.5,0.474,19.0,27.1,0.247
199,New Mexico State,23,11,12,0.478,-5.04,2.86,5.0,3.0,11,1,0,9,1604,1644,69.8,100.7,0.444,0.429,0.52,50.1,57.2,10.5,6.4,0.475,15.4,27.6,0.309
200,New Orleans,22,7,15,0.318,-17.11,-3.28,2.0,7.0,6,3,1,11,1646,1774,74.0,108.4,0.372,0.328,0.559,53.4,53.3,9.0,10.1,0.527,16.8,34.0,0.261
201,Niagara,21,11,10,0.524,-7.64,-6.74,7.0,4.0,4,6,7,4,1588,1557,68.5,106.3,0.305,0.279,0.554,50.4,41.1,9.1,8.8,0.525,14.5,26.4,0.217
202,Nicholls State,21,11,10,0.524,-6.97,-2.47,6.0,2.0,6,1,5,7,1564,1592,68.3,105.9,0.363,0.356,0.518,52.5,48.1,10.5,10.9,0.487,13.9,33.7,0.24
203,NJIT,20,5,15,0.25,-14.17,-4.06,1.0,7.0,3,6,2,9,1377,1493,68.9,108.3,0.392,0.344,0.541,52.3,53.1,9.4,10.8,0.509,15.2,35.1,0.265
204,Norfolk State,23,15,8,0.652,-5.3,-4.82,5.0,1.0,9,0,4,6,1722,1549,68.7,98.1,0.393,0.462,0.523,48.0,60.6,8.6,8.3,0.483,19.2,31.0,0.274
205,North Alabama,23,11,12,0.478,-6.24,-3.95,5.0,4.0,9,3,2,9,1779,1750,69.8,106.7,0.394,0.355,0.541,49.4,50.3,8.0,9.1,0.504,13.4,27.3,0.276
206,North Carolina,22,18,4,0.818,21.61,8.43,10.0,1.0,10,0,5,1,1828,1538,72.4,96.1,0.276,0.363,0.495,45.3,39.7,7.4,9.7,0.457,14.2,24.3,0.205
207,North Carolina A&T,23,7,16,0.304,-14.35,-4.0,5.0,5.0,4,4,2,9,1570,1808,68.7,114.4,0.308,0.352,0.571,56.8,51.9,8.0,11.0,0.548,14.4,34.7,0.214
208,North Carolina Central,21,13,8,0.619,-6.84,-5.78,5.0,1.0,8,1,5,6,1580,1388,69.7,94.3,0.361,0.372,0.5,50.2,54.5,8.6,9.7,0.454,18.3,31.3,0.261
209,North Dakota,24,14,10,0.583,-7.64,-5.41,6.0,3.0,7,3,5,7,1795,1730,68.0,105.4,0.29,0.332,0.541,47.8,42.9,8.2,5.3,0.505,13.9,26.1,0.221
210,North Dakota State,23,10,13,0.435,-7.16,-1.51,3.0,5.0,6,3,4,9,1757,1720,67.4,107.4,0.286,0.317,0.547,49.0,43.7,7.4,10.6,0.518,12.8,24.7,0.208
211,North Florida,24,13,11,0.542,-5.75,-3.18,6.0,3.0,10,2,3,9,1884,1808,69.6,107.1,0.322,0.311,0.548,50.8,46.4,10.0,11.4,0.513,13.8,27.6,0.237
212,North Texas,21,12,9,0.571,8.8,3.8,5.0,4.0,9,2,2,3,1412,1265,62.1,95.9,0.349,0.352,0.489,47.3,45.5,10.9,10.4,0.448,16.5,30.9,0.244
213,Northeastern,23,8,15,0.348,-5.71,-2.54,3.0,7.0,4,4,3,10,1601,1674,65.7,110.7,0.284,0.38,0.576,46.9,48.6,10.8,10.0,0.545,14.9,27.4,0.218
214,Northern Arizona,23,10,13,0.435,-11.37,-2.72,3.0,6.0,5,2,4,10,1544,1743,69.4,109.1,0.394,0.367,0.565,55.0,45.0,10.0,7.0,0.53,16.0,31.9,0.284
215,Northern Colorado,22,13,9,0.591,-3.08,-3.53,6.0,3.0,8,2,4,6,1784,1725,70.6,107.4,0.299,0.411,0.562,49.7,44.1,9.0,8.3,0.531,14.6,24.6,0.222
216,Northern Illinois,21,7,14,0.333,-7.18,1.13,1.0,8.0,4,6,2,8,1611,1673,71.3,109.8,0.347,0.331,0.542,51.7,48.8,9.3,6.0,0.509,13.5,32.6,0.245
217,Northern Iowa,23,12,11,0.522,2.87,3.55,6.0,6.0,7,3,4,6,1667,1642,67.5,104.7,0.306,0.42,0.553,50.0,43.0,9.2,9.6,0.515,14.9,22.7,0.236
218,Northern Kentucky,22,11,11,0.5,-3.41,-1.91,6.0,5.0,8,2,3,9,1597,1575,69.2,102.3,0.284,0.416,0.538,50.8,55.8,9.5,8.6,0.503,18.2,31.8,0.214
219,Northwestern,22,15,7,0.682,11.62,6.76,6.0,5.0,11,1,2,5,1650,1543,65.1,105.4,0.409,0.383,0.561,52.6,57.8,7.9,8.9,0.52,17.7,30.0,0.3
220,Northwestern State,22,6,16,0.273,-14.79,-2.79,4.0,5.0,5,4,1,10,1551,1720,70.7,110.6,0.374,0.372,0.561,52.7,50.7,10.9,11.0,0.528,15.9,34.3,0.267
221,Notre Dame,22,7,15,0.318,2.68,6.27,2.0,9.0,5,8,1,6,1362,1441,64.6,99.7,0.269,0.366,0.508,48.2,51.0,10.8,10.7,0.475,14.1,25.6,0.197
222,Oakland,24,15,9,0.625,1.85,0.39,10.0,3.0,7,2,6,6,1812,1777,68.2,106.9,0.274,0.422,0.544,49.3,61.8,8.7,8.1,0.516,14.3,29.5,0.199
223,Ohio,22,12,10,0.545,-0.13,-4.03,6.0,4.0,9,3,1,5,1720,1558,68.8,101.8,0.357,0.386,0.525,49.8,44.3,7.1,9.1,0.488,16.6,30.0,0.251
224,Ohio State,22,13,9,0.591,12.12,6.44,3.0,8.0,9,3,0,6,1655,1530,66.6,103.9,0.266,0.337,0.522,47.0,42.8,7.4,7.1,0.494,13.5,28.0,0.187
225,Oklahoma,22,16,6,0.727,16.21,4.89,4.0,5.0,11,2,2,3,1707,1458,69.6,95.3,0.318,0.371,0.503,45.8,47.6,10.1,11.3,0.457,15.9,25.5,0.243
226,Oklahoma State,22,10,12,0.455,5.79,4.83,2.0,7.0,9,5,0,5,1565,1544,68.3,101.5,0.268,0.31,0.534,48.6,44.9,11.4,8.9,0.504,15.3,25.2,0.196
227,Old Dominion,23,6,17,0.261,-7.24,-0.74,2.0,9.0,4,6,1,9,1649,1778,71.6,107.4,0.383,0.444,0.555,53.1,59.3,8.7,9.7,0.518,15.9,29.9,0.276
228,Omaha,24,12,12,0.5,-4.55,-4.05,5.0,4.0,9,2,2,9,1790,1696,67.5,104.0,0.32,0.433,0.547,49.6,50.5,7.9,6.7,0.511,15.0,24.8,0.238
229,Oral Roberts,22,11,11,0.5,-3.7,-0.75,5.0,4.0,9,2,2,9,1675,1655,69.2,107.5,0.29,0.396,0.531,54.1,48.6,6.9,7.6,0.5,13.9,31.9,0.208
230,Oregon,22,15,7,0.682,12.14,7.23,7.0,4.0,10,1,4,3,1706,1598,69.4,104.0,0.336,0.349,0.547,49.5,48.6,7.4,10.0,0.515,16.0,27.0,0.239
231,Oregon State,22,11,11,0.5,2.66,7.33,3.0,8.0,11,2,0,6,1537,1599,66.7,105.4,0.374,0.376,0.531,51.0,55.4,9.8,8.8,0.492,14.8,31.5,0.267
232,Pacific,24,6,18,0.25,-15.35,-1.4,0.0,9.0,5,8,1,10,1570,1841,69.6,109.1,0.359,0.408,0.575,57.3,50.4,9.3,9.2,0.544,15.7,30.3,0.259
233,Penn State,22,11,11,0.5,8.19,5.51,5.0,6.0,9,3,2,4,1671,1612,70.4,102.9,0.356,0.337,0.552,53.9,56.8,7.8,8.6,0.51,19.1,32.9,0.27
234,Pennsylvania,21,9,12,0.429,-2.79,0.47,1.0,5.0,8,2,1,8,1563,1526,66.6,106.6,0.239,0.417,0.542,47.2,55.5,9.4,10.3,0.522,13.6,26.7,0.163
235,Pepperdine,24,9,15,0.375,-2.8,1.33,2.0,7.0,8,6,1,6,1739,1782,68.6,108.3,0.352,0.312,0.577,49.2,50.4,8.6,5.4,0.545,15.6,25.0,0.259
236,Pittsburgh,22,14,8,0.636,13.04,4.22,5.0,6.0,9,5,4,2,1664,1470,68.1,98.2,0.289,0.407,0.516,46.8,51.2,7.9,11.2,0.476,15.4,24.3,0.221
237,Portland,24,9,15,0.375,-9.36,-0.27,3.0,6.0,7,4,2,8,1765,1925,70.7,113.4,0.252,0.454,0.566,51.3,58.2,9.5,7.7,0.545,12.3,28.0,0.176
238,Portland State,22,14,8,0.636,-5.9,-3.58,5.0,4.0,8,1,5,6,1569,1546,68.5,102.0,0.284,0.357,0.526,50.8,53.1,7.8,10.2,0.5,15.8,29.3,0.193
239,Prairie View,21,8,13,0.381,-13.04,-3.46,3.0,5.0,4,2,3,11,1490,1618,74.1,104.1,0.497,0.327,0.564,54.9,47.7,9.4,10.1,0.524,20.1,33.9,0.346
240,Presbyterian,24,10,14,0.417,-9.87,-5.3,2.0,7.0,5,6,4,7,1813,1776,69.5,105.9,0.431,0.361,0.561,50.0,45.7,8.6,9.3,0.514,16.2,26.7,0.324
241,Princeton,19,16,3,0.842,7.58,-1.0,4.0,2.0,7,0,8,3,1453,1224,65.4,98.5,0.234,0.373,0.514,47.7,47.8,7.6,10.1,0.486,14.7,24.3,0.172
242,Providence,21,14,7,0.667,13.54,6.25,5.0,5.0,11,2,2,4,1549,1396,69.6,94.4,0.283,0.321,0.487,48.9,36.6,9.5,9.1,0.449,15.8,27.6,0.208
243,Purdue,22,20,2,0.909,26.42,10.65,9.0,2.0,11,0,4,2,1888,1541,70.5,98.2,0.224,0.388,0.498,42.2,57.0,9.7,5.9,0.473,12.9,24.2,0.155
244,Purdue Fort Wayne,22,14,8,0.636,-0.65,-6.15,5.0,6.0,8,3,4,5,1799,1562,73.7,95.8,0.316,0.365,0.528,54.4,51.4,7.1,8.6,0.497,20.9,31.1,0.221
245,Queens (NC),24,10,14,0.417,-8.96,-1.91,4.0,5.0,9,2,0,12,1931,1973,74.9,109.8,0.302,0.366,0.56,50.7,43.5,8.8,12.4,0.528,14.2,29.1,0.224
246,Quinnipiac,21,17,4,0.81,-3.68,-7.28,9.0,1.0,9,1,8,3,1640,1500,72.9,97.4,0.248,0.376,0.509,46.8,53.8,9.5,9.2,0.483,15.9,26.6,0.171
247,Radford,24,13,11,0.542,-4.13,-2.81,3.0,6.0,7,3,3,8,1734,1679,65.6,105.1,0.327,0.384,0.524,49.8,45.7,7.8,7.0,0.487,14.1,31.3,0.236
248,Rhode Island,22,10,12,0.455,-1.84,3.02,4.0,5.0,9,4,1,5,1612,1676,68.8,110.8,0.297,0.384,0.541,47.1,51.2,10.2,12.1,0.519,11.0,27.9,0.197
249,Rice,22,9,13,0.409,-2.2,2.09,3.0,6.0,5,6,4,4,1615,1661,69.3,107.8,0.282,0.381,0.548,49.5,53.2,11.0,10.2,0.517,14.2,28.9,0.208
250,Richmond,22,16,6,0.727,8.71,1.3,8.0,1.0,11,0,4,4,1593,1430,67.8,95.3,0.262,0.418,0.487,52.7,48.3,6.8,8.0,0.454,14.9,26.6,0.188
251,Rider,21,8,13,0.381,-7.42,-3.02,5.0,5.0,5,3,3,10,1511,1553,69.8,104.1,0.38,0.407,0.534,47.9,50.8,11.1,6.9,0.499,14.6,28.6,0.263
252,Robert Morris,23,9,14,0.391,-7.4,-4.59,5.0,7.0,6,5,3,9,1729,1729,69.1,107.0,0.358,0.345,0.561,46.5,51.2,10.7,7.7,0.529,15.2,27.2,0.254
253,Rutgers,21,11,10,0.524,7.23,6.28,3.0,7.0,9,3,2,5,1405,1385,69.6,94.2,0.307,0.398,0.5,50.5,53.0,9.6,9.6,0.465,18.8,30.7,0.215
254,Sacramento State,22,6,16,0.273,-10.45,-1.7,2.0,7.0,5,4,1,10,1506,1564,66.3,107.2,0.327,0.376,0.549,44.2,50.4,11.0,9.1,0.519,13.1,24.4,0.23
255,Sacred Heart,24,12,12,0.5,-10.18,-8.55,6.0,3.0,9,3,2,9,1790,1753,70.7,103.3,0.315,0.403,0.538,52.4,58.0,9.1,8.8,0.513,18.1,33.5,0.212
256,Saint Francis (PA),23,7,16,0.304,-17.61,-6.37,2.0,8.0,5,6,2,10,1503,1672,67.3,108.0,0.353,0.365,0.55,50.4,51.9,10.5,11.4,0.519,15.8,32.9,0.247
257,Saint Joseph's,22,15,7,0.682,7.08,-0.83,5.0,4.0,10,2,3,5,1713,1539,69.0,100.8,0.298,0.459,0.507,48.5,57.5,10.3,11.8,0.477,14.9,29.9,0.202
258,Saint Louis,22,8,14,0.364,-3.19,4.0,1.0,8.0,7,5,0,7,1577,1692,69.2,111.2,0.344,0.418,0.555,51.4,50.0,9.5,11.7,0.521,12.5,28.9,0.249
259,Saint Mary's (CA),24,18,6,0.75,15.83,4.66,9.0,0.0,11,3,6,0,1741,1405,63.7,90.9,0.331,0.299,0.478,42.0,45.8,8.1,7.0,0.437,16.1,23.8,0.232
260,Saint Peter's,19,11,8,0.579,-4.65,-5.7,7.0,3.0,5,3,6,5,1232,1210,65.7,96.3,0.464,0.368,0.525,48.2,51.1,10.7,10.9,0.48,19.3,29.0,0.321
261,Sam Houston,23,13,10,0.565,-3.09,-0.66,6.0,2.0,8,2,4,8,1641,1635,70.5,99.8,0.341,0.39,0.531,47.9,54.6,9.8,10.6,0.499,17.1,26.3,0.235
262,Samford,23,20,3,0.87,6.7,-3.5,9.0,1.0,14,0,6,3,2019,1715,75.2,99.1,0.371,0.398,0.535,48.9,55.4,11.4,10.2,0.499,20.0,31.7,0.26
263,San Diego,24,13,11,0.542,-3.33,1.49,3.0,6.0,9,5,3,5,1743,1832,72.4,105.5,0.36,0.395,0.544,51.1,60.5,11.8,8.4,0.513,15.6,30.5,0.248
264,San Diego State,22,17,5,0.773,15.98,8.88,6.0,3.0,11,0,3,5,1677,1481,68.7,96.9,0.304,0.423,0.506,47.3,50.2,8.6,7.8,0.47,16.3,27.1,0.219
265,San Francisco,24,18,6,0.75,10.12,-2.01,7.0,2.0,12,1,4,3,1901,1553,69.4,92.8,0.367,0.392,0.519,45.1,47.5,9.1,5.5,0.482,19.4,22.5,0.254
266,San Jose State,22,8,14,0.364,-2.3,1.6,1.0,8.0,5,5,1,8,1617,1654,67.1,110.7,0.356,0.333,0.562,52.5,48.8,7.0,8.3,0.533,13.8,29.4,0.247
267,Santa Clara,24,15,9,0.625,5.09,2.09,6.0,3.0,8,4,4,3,1848,1742,69.9,103.8,0.332,0.386,0.521,45.7,50.5,10.4,6.8,0.484,13.2,27.6,0.237
268,Seattle,22,13,9,0.591,3.87,-0.18,6.0,5.0,11,2,2,7,1639,1499,69.0,95.5,0.374,0.361,0.51,47.5,46.6,8.7,8.5,0.47,16.9,25.9,0.261
269,Seton Hall,22,14,8,0.636,11.91,7.18,7.0,4.0,9,3,4,3,1618,1514,66.9,101.1,0.281,0.41,0.52,45.1,57.6,11.3,11.2,0.483,15.8,29.1,0.213
270,Siena,21,3,18,0.143,-19.77,-3.77,2.0,8.0,2,7,1,9,1270,1606,68.4,111.8,0.27,0.326,0.551,49.1,47.8,14.6,9.4,0.524,12.8,31.8,0.194
271,South Alabama,23,10,13,0.435,-7.82,-1.77,3.0,8.0,6,5,4,8,1684,1785,70.4,107.9,0.332,0.356,0.543,54.3,44.3,10.2,10.3,0.515,14.4,31.8,0.227
272,South Carolina,22,19,3,0.864,12.2,3.61,7.0,2.0,11,1,5,2,1599,1410,65.0,98.1,0.307,0.322,0.499,46.8,46.7,8.9,12.8,0.459,13.8,27.0,0.224
273,South Carolina State,22,7,15,0.318,-13.57,-2.92,3.0,3.0,5,4,2,11,1556,1744,71.9,109.7,0.483,0.386,0.581,48.3,57.3,11.6,9.5,0.533,17.7,30.9,0.362
274,South Carolina Upstate,22,7,15,0.318,-9.5,-1.97,2.0,7.0,5,4,2,11,1578,1608,68.1,106.1,0.447,0.363,0.559,53.6,46.8,8.5,7.9,0.516,16.9,31.2,0.324
275,South Dakota,23,9,14,0.391,-13.07,-4.42,2.0,6.0,6,5,2,8,1740,1807,70.6,109.5,0.245,0.375,0.535,46.9,47.6,9.0,9.5,0.511,11.4,28.2,0.173
276,South Dakota State,23,12,11,0.522,-0.63,-1.13,5.0,3.0,7,3,3,4,1767,1675,69.9,103.6,0.278,0.471,0.533,48.8,53.0,10.0,9.3,0.5,14.5,26.2,0.207
277,South Florida,20,15,5,0.75,5.3,-1.2,8.0,1.0,10,2,4,3,1511,1381,69.5,99.4,0.341,0.382,0.513,50.1,51.5,9.2,8.8,0.483,16.5,29.6,0.227
278,Southeast Missouri State,23,7,16,0.304,-19.08,-5.39,2.0,8.0,7,4,0,11,1530,1674,70.6,102.5,0.423,0.286,0.543,53.0,47.6,10.1,8.2,0.506,16.3,27.9,0.292
279,Southeastern Louisiana,22,9,13,0.409,-9.35,-1.51,4.0,5.0,6,2,3,9,1494,1555,66.3,106.6,0.307,0.445,0.549,48.8,61.1,10.6,10.1,0.516,15.6,30.5,0.225
280,Southern,21,12,9,0.571,-6.36,-1.74,6.0,2.0,8,0,4,9,1573,1502,72.6,97.3,0.448,0.393,0.543,52.7,56.1,8.8,8.1,0.502,20.9,30.9,0.313
281,Southern California,22,9,13,0.409,8.73,8.1,3.0,8.0,6,5,1,6,1640,1626,70.3,104.6,0.315,0.383,0.528,49.4,59.7,10.5,10.3,0.493,15.5,31.7,0.229
282,Southern Illinois,23,15,8,0.652,5.82,-0.45,7.0,5.0,10,4,4,3,1670,1501,65.4,99.3,0.335,0.31,0.514,48.4,44.8,9.1,11.8,0.481,14.7,26.2,0.229
283,SIU Edwardsville,23,13,10,0.565,-7.03,-5.73,6.0,4.0,10,2,1,8,1630,1564,66.5,102.3,0.314,0.376,0.526,50.2,54.1,8.2,9.3,0.491,15.8,30.7,0.226
284,Southern Indiana,23,6,17,0.261,-12.98,-3.38,3.0,7.0,4,7,2,10,1561,1660,69.9,102.7,0.447,0.364,0.532,48.6,51.5,10.3,8.3,0.485,15.2,26.7,0.32
285,Southern Methodist,21,14,7,0.667,13.73,2.33,5.0,3.0,10,2,3,4,1591,1344,68.6,93.3,0.316,0.369,0.47,46.3,55.6,11.2,12.5,0.433,16.0,31.5,0.217
286,Southern Mississippi,23,12,11,0.522,-6.09,-2.33,6.0,5.0,7,1,5,7,1599,1625,68.9,102.5,0.314,0.373,0.523,50.6,50.9,10.7,8.1,0.496,15.9,30.7,0.208
287,Southern Utah,22,9,13,0.409,-3.39,-0.84,4.0,7.0,6,4,2,9,1686,1685,71.6,106.3,0.313,0.282,0.547,51.9,44.9,9.0,9.0,0.517,15.5,31.9,0.224
288,St. Bonaventure,21,13,8,0.619,8.99,1.56,4.0,5.0,8,2,3,4,1547,1391,66.4,99.8,0.351,0.401,0.531,48.1,55.4,6.7,8.2,0.499,17.5,27.3,0.242
289,St. John's (NY),22,13,9,0.591,15.45,9.58,5.0,6.0,9,3,2,4,1685,1556,69.6,101.6,0.346,0.349,0.519,47.0,51.3,9.6,7.4,0.477,15.9,32.2,0.255
290,St. Thomas,24,15,9,0.625,-0.04,-4.94,5.0,4.0,8,2,6,6,1747,1526,63.9,99.0,0.298,0.375,0.528,50.0,48.6,8.0,8.1,0.498,17.0,26.4,0.21
291,Stanford,20,11,9,0.55,8.63,5.73,6.0,4.0,8,3,3,3,1569,1511,71.6,103.6,0.247,0.369,0.525,49.7,42.0,9.7,7.6,0.502,12.9,25.5,0.168
292,Stephen F. Austin,22,13,9,0.591,1.78,-1.37,6.0,5.0,7,4,4,4,1706,1558,73.0,95.4,0.478,0.362,0.531,46.2,53.2,11.2,8.7,0.482,21.1,29.2,0.339
293,Stetson,24,14,10,0.583,-4.04,-1.66,6.0,3.0,8,1,4,9,1834,1704,67.4,104.8,0.243,0.387,0.513,49.6,52.7,8.8,7.9,0.487,12.4,30.7,0.171
294,Stonehill,24,3,21,0.125,-18.99,-4.29,1.0,8.0,3,5,0,16,1527,1838,70.0,108.8,0.302,0.473,0.547,55.3,62.4,11.5,14.0,0.512,15.2,32.9,0.227
295,Stony Brook,23,12,11,0.522,-3.62,-1.12,5.0,5.0,9,3,3,8,1635,1649,67.5,104.5,0.245,0.427,0.529,50.7,57.9,8.7,6.7,0.503,14.5,28.9,0.176
296,Syracuse,22,14,8,0.636,8.5,9.21,5.0,6.0,10,1,2,5,1653,1619,73.0,100.8,0.26,0.378,0.527,51.6,50.2,8.9,7.7,0.502,17.5,30.5,0.18
297,Tarleton State,22,15,7,0.682,-0.98,-0.35,8.0,3.0,8,2,5,5,1574,1471,67.4,98.7,0.363,0.372,0.528,49.8,49.8,8.8,9.1,0.498,19.0,32.4,0.242
298,TCU,22,16,6,0.727,15.87,4.15,5.0,4.0,10,2,4,2,1823,1565,71.2,97.7,0.332,0.346,0.527,45.9,55.8,9.7,7.7,0.498,18.6,28.5,0.225
299,Temple,21,8,13,0.381,-3.28,0.67,1.0,7.0,4,5,2,5,1473,1522,68.6,103.1,0.318,0.391,0.537,51.4,55.5,8.7,9.9,0.497,16.3,29.8,0.242
300,Tennessee,21,16,5,0.762,21.89,9.41,6.0,2.0,10,1,4,2,1672,1410,70.6,95.1,0.363,0.391,0.488,46.7,48.8,9.2,7.3,0.442,15.9,28.0,0.259
301,Tennessee State,23,13,10,0.565,-7.27,-5.59,6.0,4.0,9,2,3,7,1709,1626,70.1,100.3,0.395,0.335,0.525,51.1,46.1,9.1,10.3,0.481,17.2,30.9,0.284
302,Tennessee Tech,23,7,16,0.304,-14.65,-4.35,2.0,8.0,5,6,2,10,1569,1730,68.1,109.8,0.237,0.38,0.56,54.4,55.0,10.0,9.4,0.533,13.5,27.5,0.181
303,Tennessee-Martin,23,14,9,0.609,-5.67,-5.73,7.0,3.0,8,2,6,6,1883,1775,75.3,101.4,0.228,0.413,0.509,48.0,50.4,9.9,10.4,0.482,12.9,25.9,0.165
304,Texas,22,15,7,0.682,15.3,6.85,4.0,5.0,10,3,3,3,1685,1499,68.0,99.6,0.317,0.329,0.519,48.3,48.3,9.6,9.9,0.486,16.6,29.5,0.222
305,Texas A&M,21,13,8,0.619,12.91,7.68,4.0,4.0,8,3,3,3,1543,1433,66.7,101.7,0.313,0.443,0.523,43.8,60.8,7.3,13.8,0.488,15.5,28.3,0.225
306,Texas A&M-Commerce,22,8,14,0.364,-12.4,-1.51,2.0,7.0,6,5,2,9,1581,1609,69.4,103.1,0.409,0.317,0.541,53.9,47.7,7.5,9.8,0.5,17.3,32.1,0.292
307,Texas A&M-Corpus Christi,22,14,8,0.636,-4.45,-4.78,7.0,2.0,8,2,6,5,1666,1461,71.9,92.4,0.487,0.386,0.52,45.0,53.3,9.5,9.7,0.465,19.8,22.4,0.351
308,Texas Southern,20,8,12,0.4,-9.16,-2.74,6.0,3.0,4,2,3,9,1344,1430,70.1,102.1,0.408,0.365,0.519,51.4,53.1,9.9,10.2,0.477,15.2,32.1,0.285
309,Texas State,23,9,14,0.391,-6.19,0.48,3.0,8.0,5,4,4,8,1577,1626,68.8,102.8,0.366,0.354,0.53,48.0,48.2,11.3,9.0,0.49,15.4,28.9,0.264
310,Texas Tech,21,16,5,0.762,14.88,6.31,5.0,3.0,11,1,2,3,1616,1436,66.6,102.0,0.237,0.4,0.517,49.0,45.8,8.5,11.2,0.494,15.5,31.2,0.163
311,Texas-Rio Grande Valley,22,6,16,0.273,-11.45,-1.0,2.0,9.0,5,5,1,9,1605,1744,74.6,105.0,0.372,0.334,0.55,53.2,58.2,10.4,11.8,0.507,17.6,32.6,0.279
312,The Citadel,23,9,14,0.391,-5.91,-3.06,1.0,9.0,5,5,2,9,1627,1608,66.8,104.1,0.202,0.402,0.533,47.3,54.7,10.0,11.2,0.511,13.9,25.5,0.148
313,Toledo,22,14,8,0.636,3.37,-0.22,8.0,2.0,9,2,5,3,1741,1662,70.3,107.4,0.25,0.376,0.57,49.9,48.0,8.5,8.7,0.547,16.7,28.7,0.183
314,Towson,23,14,9,0.609,0.92,-0.49,7.0,3.0,10,0,4,4,1559,1477,63.2,100.0,0.311,0.35,0.518,44.3,47.2,9.7,9.5,0.484,15.4,27.0,0.221
315,Troy,23,15,8,0.652,0.88,-3.22,9.0,2.0,12,1,3,7,1841,1602,71.2,96.2,0.372,0.342,0.518,45.6,45.3,10.9,11.4,0.482,18.3,27.8,0.257
316,Tulane,21,12,9,0.571,5.94,1.69,3.0,6.0,9,3,2,4,1780,1665,74.2,104.9,0.297,0.431,0.53,55.1,54.0,7.8,9.4,0.5,15.7,33.1,0.209
317,Tulsa,21,12,9,0.571,0.32,-1.98,3.0,6.0,11,2,1,6,1632,1545,72.9,99.7,0.322,0.383,0.513,51.5,50.3,9.9,6.9,0.479,16.4,31.4,0.226
318,UAB,21,14,7,0.667,2.8,2.55,6.0,2.0,9,3,4,3,1634,1593,69.3,107.6,0.316,0.375,0.546,47.3,48.4,9.9,10.5,0.515,14.7,30.1,0.227
319,UC Davis,22,14,8,0.636,0.01,-2.54,9.0,2.0,8,4,5,4,1582,1473,68.6,96.5,0.386,0.338,0.522,49.1,49.3,9.9,8.2,0.478,19.2,29.1,0.28
320,UC Irvine,23,17,6,0.739,8.74,0.47,10.0,1.0,9,0,5,6,1751,1509,69.6,93.8,0.328,0.307,0.486,46.7,49.3,8.6,8.7,0.446,16.0,27.4,0.232
321,UC Riverside,23,8,15,0.348,-5.71,0.34,3.0,8.0,7,3,0,12,1566,1640,67.4,105.8,0.349,0.334,0.551,49.2,56.5,7.0,10.5,0.515,14.2,25.1,0.255
322,UC San Diego,23,15,8,0.652,4.62,-1.43,9.0,2.0,10,1,5,6,1772,1555,67.2,100.1,0.263,0.359,0.518,49.7,51.3,6.5,10.5,0.491,15.8,27.9,0.184
323,UC Santa Barbara,21,13,8,0.619,-0.02,-3.07,6.0,5.0,7,4,5,4,1633,1513,69.5,103.0,0.291,0.344,0.521,45.3,45.8,10.1,7.0,0.497,12.5,24.3,0.192
324,UCLA,22,11,11,0.5,6.93,6.22,6.0,5.0,7,4,3,4,1446,1403,65.5,97.4,0.348,0.443,0.515,47.7,48.5,8.8,7.1,0.477,16.4,27.0,0.247
325,UNC Asheville,24,15,9,0.625,-1.96,-1.44,7.0,2.0,9,1,3,6,1937,1784,71.3,103.2,0.329,0.359,0.525,49.7,46.2,8.6,9.2,0.488,15.3,31.0,0.238
326,UNC Greensboro,22,16,6,0.727,0.9,-2.4,7.0,2.0,9,1,4,5,1699,1523,67.8,100.9,0.336,0.45,0.505,48.5,46.6,7.9,8.9,0.463,14.1,28.6,0.246
327,UNC Wilmington,22,16,6,0.727,1.56,-0.91,7.0,3.0,7,0,8,5,1776,1585,68.1,104.6,0.326,0.373,0.542,49.9,45.6,5.7,8.3,0.513,15.5,29.4,0.226
328,UT Arlington,22,11,11,0.5,-0.25,2.35,6.0,5.0,8,2,2,9,1633,1617,72.5,101.4,0.387,0.346,0.527,47.4,54.9,11.2,11.2,0.482,16.4,29.6,0.283
329,Utah,22,15,7,0.682,16.53,9.35,6.0,5.0,12,0,1,5,1725,1567,71.1,100.1,0.244,0.377,0.508,48.1,53.1,8.6,8.1,0.488,13.6,26.5,0.158
330,Utah State,22,19,3,0.864,14.2,4.3,7.0,2.0,10,0,5,3,1800,1518,70.3,97.1,0.321,0.367,0.517,45.3,47.9,9.5,6.6,0.48,16.2,24.1,0.233
331,Utah Tech,22,8,14,0.364,-8.87,-0.97,4.0,7.0,4,4,4,10,1532,1686,72.0,105.3,0.41,0.369,0.54,51.5,50.8,12.1,11.0,0.499,16.0,31.4,0.293
332,Utah Valley,22,9,13,0.409,-2.59,1.86,4.0,7.0,7,2,1,10,1511,1557,70.0,100.5,0.373,0.359,0.528,50.8,55.9,10.0,10.2,0.494,16.6,27.6,0.256
333,UTEP,23,12,11,0.522,-2.0,-0.4,3.0,5.0,11,3,0,7,1689,1593,72.5,95.5,0.45,0.33,0.546,51.4,46.2,10.6,8.8,0.504,23.2,31.1,0.318
334,UTSA,22,8,14,0.364,-6.77,-1.68,2.0,7.0,6,6,2,8,1765,1839,71.9,113.7,0.365,0.379,0.56,48.8,54.1,7.9,12.7,0.53,11.7,28.9,0.254
335,Valparaiso,23,6,17,0.261,-5.86,0.5,2.0,10.0,5,8,1,9,1561,1662,69.0,104.8,0.305,0.348,0.534,53.1,54.0,9.3,7.4,0.506,15.3,31.1,0.21
336,Vanderbilt,21,6,15,0.286,0.12,5.74,1.0,7.0,6,7,0,5,1394,1512,67.6,106.6,0.311,0.379,0.544,51.0,52.8,8.9,9.9,0.507,14.1,27.3,0.235
337,Vermont,23,18,5,0.783,3.06,-3.09,8.0,0.0,10,1,6,3,1680,1451,64.8,96.8,0.244,0.35,0.494,49.3,44.1,7.5,7.9,0.466,13.3,24.3,0.171
338,Villanova,21,11,10,0.524,13.9,9.09,4.0,6.0,6,4,2,5,1538,1437,65.4,101.6,0.289,0.406,0.524,48.8,54.2,8.8,13.5,0.494,14.4,25.3,0.204
339,Virginia,22,17,5,0.773,11.64,4.05,8.0,3.0,12,0,3,4,1438,1271,61.8,92.9,0.254,0.399,0.493,50.7,51.9,8.9,6.6,0.458,18.7,28.6,0.187
340,Virginia Commonwealth,22,14,8,0.636,8.93,2.75,6.0,3.0,10,5,3,1,1591,1455,66.6,98.6,0.36,0.346,0.495,47.9,43.7,10.6,7.5,0.445,13.8,27.7,0.27
341,VMI,23,4,19,0.174,-18.7,-2.95,1.0,9.0,4,6,0,11,1638,1865,74.5,108.2,0.297,0.396,0.538,50.2,50.5,11.8,8.1,0.516,13.3,29.5,0.195
342,Virginia Tech,22,13,9,0.591,12.47,7.38,5.0,6.0,10,2,1,5,1635,1523,68.1,101.7,0.292,0.345,0.529,49.0,49.2,9.5,9.4,0.497,15.7,26.9,0.211
343,Wagner,21,10,11,0.476,-10.98,-8.25,4.0,5.0,6,2,4,9,1352,1320,63.0,98.7,0.275,0.418,0.516,49.8,61.5,7.1,9.1,0.491,16.0,26.8,0.186
344,Wake Forest,21,14,7,0.667,15.14,5.33,6.0,4.0,12,0,1,5,1695,1489,70.1,99.9,0.302,0.31,0.519,48.4,39.1,8.5,9.8,0.482,14.7,26.1,0.224
345,Washington,22,12,10,0.545,12.49,8.4,4.0,7.0,9,4,2,4,1791,1701,71.7,105.5,0.345,0.343,0.535,49.6,49.8,8.3,8.5,0.505,14.1,29.9,0.234
346,Washington State,22,16,6,0.727,14.03,5.39,7.0,4.0,11,1,3,3,1681,1491,67.3,99.5,0.336,0.324,0.508,45.9,44.9,7.2,6.7,0.462,13.7,24.9,0.255
347,Weber State,23,14,9,0.609,2.36,-2.14,5.0,5.0,8,2,5,5,1734,1497,66.7,97.0,0.269,0.359,0.53,49.0,52.8,7.5,8.9,0.504,16.7,21.8,0.186
348,West Virginia,22,8,14,0.364,5.22,9.53,3.0,6.0,8,6,0,4,1507,1602,68.3,106.0,0.266,0.41,0.529,51.4,53.3,10.3,10.7,0.498,13.5,30.0,0.195
349,Western Carolina,23,16,7,0.696,0.91,-3.29,5.0,5.0,8,3,8,4,1785,1594,69.2,99.1,0.306,0.291,0.494,47.0,34.8,7.8,6.8,0.46,12.2,25.4,0.21
350,Western Illinois,23,15,8,0.652,-7.38,-6.06,8.0,2.0,7,2,8,6,1620,1500,66.9,96.4,0.249,0.319,0.481,43.3,43.7,10.9,7.5,0.45,13.1,26.3,0.176
351,Western Kentucky,22,15,7,0.682,-0.22,-3.38,4.0,4.0,10,1,4,4,1776,1646,76.9,97.2,0.299,0.403,0.508,48.1,49.6,9.7,8.8,0.473,16.5,27.2,0.215
352,Western Michigan,22,8,14,0.364,-7.97,-2.35,5.0,5.0,4,6,2,8,1601,1663,69.0,108.4,0.319,0.377,0.545,47.9,52.6,10.0,6.0,0.515,13.9,30.0,0.226
353,Wichita State,22,9,13,0.409,1.77,4.25,1.0,8.0,7,3,1,7,1593,1615,70.3,104.5,0.239,0.408,0.515,47.3,52.5,11.5,8.7,0.485,12.6,28.4,0.177
354,William & Mary,23,8,15,0.348,-11.76,-5.52,3.0,7.0,6,5,2,8,1656,1683,67.4,107.9,0.325,0.383,0.548,50.0,46.6,8.7,11.2,0.513,13.0,26.3,0.24
355,Winthrop,24,14,10,0.583,-0.24,-2.48,5.0,4.0,9,3,5,7,1895,1702,68.8,100.5,0.328,0.43,0.522,48.7,50.2,9.5,12.5,0.48,16.5,30.6,0.248
356,Wisconsin,21,16,5,0.762,18.18,9.9,8.0,2.0,11,1,3,4,1591,1417,65.6,102.2,0.309,0.367,0.544,45.6,44.9,7.0,10.0,0.517,15.6,22.7,0.214
357,Wofford,23,13,10,0.565,-3.62,-0.67,6.0,4.0,9,1,4,6,1783,1754,68.6,108.7,0.323,0.404,0.552,46.7,48.8,9.4,8.1,0.516,11.7,23.2,0.241
358,Wright State,23,12,11,0.522,-0.32,-1.94,7.0,5.0,6,4,4,6,1972,1872,72.5,111.7,0.3,0.381,0.566,49.5,45.8,9.6,6.2,0.54,14.1,29.5,0.213
359,Wyoming,22,12,10,0.545,-0.07,4.63,5.0,4.0,8,1,1,8,1608,1633,68.6,107.6,0.248,0.394,0.544,48.4,47.3,12.7,11.8,0.517,14.4,29.7,0.182
360,Xavier,22,12,10,0.545,14.21,10.12,6.0,5.0,9,4,2,5,1696,1606,71.4,102.2,0.317,0.348,0.51,47.7,60.4,9.3,11.4,0.475,13.9,29.7,0.223
361,Yale,21,15,6,0.714,4.93,0.04,6.0,0.0,6,1,7,4,1594,1393,66.7,97.7,0.256,0.409,0.509,46.2,56.5,7.9,8.8,0.475,14.6,23.3,0.193
362,Youngstown State,23,17,6,0.739,3.61,-3.92,9.0,3.0,11,1,6,5,1886,1584,71.1,96.8,0.279,0.361,0.501,45.5,54.4,8.6,7.5,0.471,15.2,26.7,0.193
