Rk,School,G,W,L,W_L_Pct,SRS,SOS,W_Conf,L_Conf,W_Home,L_Home,W_Away,L_Away,Pts_Tm,Pts_Opp,Opp_MP,Opp_FG,Opp_FGA,Opp_FG_Pct,Opp_3P,Opp_3PA,Opp_3P_Pct,Opp_FT,Opp_FTA,Opp_FT_Pct,Opp_ORB,Opp_TRB,Opp_AST,Opp_STL,Opp_BLK,Opp_TOV,Opp_PF
1,Abilene Christian,25,10,15,0.4,-5.56,-1.18,5.0,9.0,5,5,3,9,1819,1873,1015,657,1411,0.466,148,443,0.334,411,590,0.697,256,952,312,168,91,390,483
2,Air Force,24,8,16,0.333,-3.83,-0.7,1.0,11.0,4,9,4,6,1630,1705,970,588,1260,0.467,182,479,0.38,347,471,0.737,221,764,310,142,71,285,395
3,Akron,26,19,7,0.731,4.72,-1.74,11.0,2.0,11,0,7,4,1941,1685,1045,623,1470,0.424,163,542,0.301,276,408,0.676,232,831,307,164,63,316,444
4,Alabama,25,18,7,0.72,24.45,10.57,10.0,2.0,12,1,4,3,2267,1920,1000,665,1550,0.429,175,562,0.311,415,582,0.713,295,864,293,191,100,303,495
5,Alabama A&M,26,8,18,0.308,-15.54,-6.57,7.0,6.0,5,4,3,12,1811,2044,1045,655,1508,0.434,206,573,0.36,528,714,0.739,319,970,362,245,90,367,529
6,Alabama State,26,12,14,0.462,-10.36,-5.54,7.0,6.0,6,4,3,10,1799,1795,1048,582,1423,0.409,204,619,0.33,427,601,0.71,254,1015,316,165,111,382,416
7,Albany (NY),26,12,14,0.462,-7.18,-5.82,4.0,7.0,7,3,5,10,2029,2024,1040,740,1596,0.464,129,457,0.282,415,576,0.72,262,933,341,197,118,338,421
8,Alcorn State,26,9,17,0.346,-11.89,-3.33,8.0,5.0,4,3,5,14,1817,2023,1040,683,1475,0.463,261,691,0.378,396,544,0.728,269,867,416,167,109,319,463
9,American,27,14,13,0.519,-7.88,-8.46,8.0,6.0,8,4,6,9,1887,1843,1090,662,1459,0.454,231,630,0.367,288,426,0.676,214,829,341,130,68,289,434
10,Appalachian State,27,22,5,0.815,6.25,-1.99,12.0,2.0,13,0,6,4,2123,1803,1105,684,1760,0.389,181,581,0.312,254,368,0.69,308,985,288,190,63,303,444
11,Arizona,25,20,5,0.8,27.41,9.65,11.0,3.0,13,0,5,3,2267,1823,1025,665,1566,0.425,210,612,0.343,283,405,0.699,218,801,359,172,88,357,484
12,Arizona State,26,13,13,0.5,5.37,9.14,7.0,8.0,9,3,3,6,1810,1908,1040,692,1548,0.447,197,601,0.328,327,466,0.702,279,1066,392,144,70,357,437
13,Arkansas,26,13,13,0.5,5.68,8.29,4.0,9.0,10,5,2,5,1956,2024,1050,698,1605,0.435,195,563,0.346,433,599,0.723,297,962,339,163,76,290,542
14,Arkansas State,27,13,14,0.481,-0.08,-1.26,8.0,6.0,8,3,4,10,2148,2116,1085,744,1637,0.454,154,446,0.345,474,622,0.762,293,971,310,200,112,266,462
15,Arkansas-Pine Bluff,26,11,15,0.423,-15.75,-5.93,6.0,7.0,6,5,5,10,2084,2138,1040,772,1696,0.455,193,638,0.303,401,568,0.706,324,1010,442,186,91,309,477
16,Army,27,10,17,0.37,-12.0,-8.44,6.0,8.0,6,8,4,9,1648,1694,1095,603,1450,0.416,171,569,0.301,317,454,0.698,228,912,327,193,81,298,411
17,Auburn,26,20,6,0.769,22.22,7.07,9.0,4.0,13,1,3,4,2136,1742,1040,577,1512,0.382,158,530,0.298,430,580,0.741,296,897,255,170,83,348,497
18,Austin Peay,28,15,13,0.536,-5.46,-3.9,8.0,5.0,10,1,4,11,2021,1961,1135,696,1544,0.451,179,582,0.308,390,557,0.7,291,1002,347,125,86,338,430
19,Ball State,26,13,13,0.5,-6.38,-5.42,5.0,8.0,8,5,5,7,1923,1844,1050,675,1504,0.449,181,532,0.34,313,445,0.703,238,857,321,166,82,304,495
20,Baylor,26,19,7,0.731,20.35,9.31,8.0,5.0,13,1,3,4,2147,1845,1065,671,1484,0.452,181,535,0.338,322,451,0.714,247,770,344,171,85,329,501
21,Bellarmine,27,6,21,0.222,-11.74,-1.03,2.0,10.0,4,7,2,14,1842,2005,1085,717,1582,0.453,238,698,0.341,333,464,0.718,265,986,358,128,84,273,360
22,Belmont,27,16,11,0.593,1.53,2.14,9.0,7.0,10,2,5,8,2094,2076,1085,762,1681,0.453,231,695,0.332,321,445,0.721,273,964,420,186,79,337,451
23,Bethune-Cookman,26,12,14,0.462,-12.66,-8.33,7.0,6.0,9,2,3,10,1921,1917,1045,623,1438,0.433,185,533,0.347,486,669,0.726,295,927,369,228,68,442,460
24,Binghamton,25,12,13,0.48,-9.46,-4.68,4.0,8.0,8,4,4,9,1784,1784,1005,627,1498,0.419,192,575,0.334,338,477,0.709,236,838,277,169,109,230,429
25,Boise State,26,18,8,0.692,13.64,7.44,9.0,4.0,12,2,4,3,1955,1733,1045,625,1439,0.434,164,528,0.311,319,435,0.733,194,771,302,143,94,300,452
26,Boston College,26,15,11,0.577,8.95,5.98,6.0,9.0,10,4,4,5,1981,1904,1045,687,1528,0.45,204,571,0.357,326,433,0.753,236,886,347,166,85,309,415
27,Boston University,27,11,16,0.407,-10.49,-7.41,6.0,8.0,6,6,5,10,1737,1776,1080,615,1438,0.428,199,585,0.34,345,502,0.687,199,903,314,175,83,310,414
28,Bowling Green State,26,16,10,0.615,-5.23,-5.78,7.0,6.0,10,3,4,6,1955,1873,1065,705,1586,0.445,190,533,0.356,273,414,0.659,238,935,321,168,95,311,492
29,Bradley,27,18,9,0.667,8.95,2.52,10.0,6.0,11,3,5,5,2034,1845,1095,637,1508,0.422,197,569,0.346,374,522,0.716,264,886,317,185,54,354,426
30,Brigham Young,26,19,7,0.731,21.26,6.84,7.0,6.0,14,2,2,5,2162,1787,1040,647,1521,0.425,163,537,0.304,330,473,0.698,227,848,305,154,57,300,389
31,Brown,24,7,17,0.292,-5.94,-1.68,3.0,6.0,3,7,3,8,1673,1730,971,614,1378,0.446,170,511,0.333,332,467,0.711,220,843,307,154,77,280,434
32,Bryant,27,17,10,0.63,-2.62,-3.1,9.0,3.0,8,3,8,7,2145,2038,1090,713,1800,0.396,193,625,0.309,419,604,0.694,350,1160,331,189,88,347,482
33,Bucknell,27,10,17,0.37,-9.18,-4.92,7.0,7.0,4,8,6,9,1767,1882,1095,663,1513,0.438,213,634,0.336,343,482,0.712,257,904,405,179,86,285,443
34,Buffalo,26,4,22,0.154,-14.48,-2.08,2.0,11.0,2,10,2,10,1759,2063,1045,773,1616,0.478,204,571,0.357,313,446,0.702,275,960,412,202,80,278,381
35,Butler,27,16,11,0.593,13.32,9.43,7.0,9.0,11,4,3,6,2123,1996,1110,751,1713,0.438,213,656,0.325,281,383,0.734,286,963,361,184,118,309,422
36,Cal Poly,26,4,22,0.154,-13.17,-1.61,0.0,14.0,3,9,0,12,1623,1894,1055,652,1437,0.454,148,439,0.337,442,614,0.72,289,1006,305,179,86,322,462
37,Cal State Bakersfield,26,10,16,0.385,-5.84,-1.46,5.0,10.0,8,4,1,11,1785,1809,1055,598,1375,0.435,169,500,0.338,444,628,0.707,286,904,309,139,88,356,453
38,Cal State Fullerton,26,11,15,0.423,-5.34,-0.05,4.0,10.0,5,5,5,9,1744,1791,1045,625,1436,0.435,179,553,0.324,362,508,0.713,259,917,322,171,72,338,496
39,Cal State Northridge,27,17,10,0.63,-3.94,-4.58,8.0,7.0,9,4,8,6,2063,1978,1080,654,1633,0.4,236,740,0.319,434,593,0.732,273,916,384,222,92,359,520
40,California,26,11,15,0.423,6.69,8.19,7.0,8.0,8,6,3,5,1946,1985,1065,708,1582,0.448,202,570,0.354,367,511,0.718,241,919,329,152,87,269,431
41,California Baptist,25,14,11,0.56,-1.15,-2.68,7.0,7.0,10,5,4,6,1709,1647,1000,608,1393,0.436,122,372,0.328,309,425,0.727,199,824,273,132,86,270,468
42,Campbell,27,12,15,0.444,-9.51,-5.3,6.0,8.0,9,5,3,10,1895,1887,1085,690,1590,0.434,228,687,0.332,279,401,0.696,294,920,359,178,86,331,455
43,Canisius,25,10,15,0.4,-7.61,-3.9,5.0,10.0,6,3,2,11,1797,1846,1005,691,1524,0.453,163,489,0.333,301,431,0.698,263,859,356,174,78,283,406
44,Central Arkansas,29,9,20,0.31,-15.4,-4.96,5.0,8.0,5,9,4,11,2084,2257,1165,788,1744,0.452,273,733,0.372,408,573,0.712,315,1086,373,223,88,341,453
45,Central Connecticut State,25,15,10,0.6,-7.32,-8.66,9.0,3.0,8,3,7,7,1812,1663,1010,616,1457,0.423,176,519,0.339,255,386,0.661,240,845,341,179,82,332,384
46,Central Michigan,26,16,10,0.615,-6.42,-2.58,10.0,3.0,9,2,6,7,1733,1805,1065,636,1558,0.408,192,638,0.301,341,463,0.737,290,972,338,149,77,308,400
47,Charleston Southern,25,8,17,0.32,-12.32,-0.55,4.0,8.0,6,6,2,11,1728,1887,1000,690,1510,0.457,158,475,0.333,349,496,0.704,270,906,300,159,72,248,403
48,Charlotte,25,17,8,0.68,6.49,3.16,11.0,2.0,12,1,4,5,1746,1619,1010,582,1402,0.415,158,513,0.308,297,412,0.721,251,818,265,136,65,252,410
49,Chattanooga,27,18,9,0.667,0.24,-3.72,10.0,4.0,10,3,8,6,2132,1927,1090,696,1650,0.422,233,694,0.336,302,455,0.664,280,909,337,173,76,292,428
50,Chicago State,30,12,18,0.4,-9.62,-2.88,,,6,5,5,12,2073,2106,1205,769,1681,0.457,182,577,0.315,386,569,0.678,346,1051,384,215,90,442,518
51,Cincinnati,25,16,9,0.64,15.8,7.36,5.0,7.0,12,4,4,4,1890,1679,1010,610,1465,0.416,160,497,0.322,299,406,0.736,220,795,312,166,94,292,418
52,Clemson,25,17,8,0.68,15.66,8.82,7.0,7.0,9,4,5,4,1970,1799,1010,625,1490,0.419,207,603,0.343,342,472,0.725,230,832,285,159,64,236,402
53,Cleveland State,27,16,11,0.593,-2.77,-3.61,9.0,7.0,12,2,4,9,2072,1989,1090,704,1536,0.458,182,579,0.314,399,580,0.688,337,1000,358,149,89,395,464
54,Coastal Carolina,25,8,17,0.32,-10.17,-2.69,5.0,9.0,7,10,1,7,1873,1979,1010,692,1637,0.423,259,767,0.338,336,488,0.689,315,952,392,201,92,248,414
55,Colgate,28,20,8,0.714,0.6,-4.74,14.0,1.0,10,2,8,5,2004,1782,1120,657,1616,0.407,193,638,0.303,275,406,0.677,254,939,364,160,76,318,395
56,College of Charleston,27,20,7,0.741,2.22,-2.86,11.0,3.0,11,2,8,2,2165,1996,1080,734,1656,0.443,202,602,0.336,326,466,0.7,260,975,318,167,93,308,460
57,Colorado,26,17,9,0.654,15.11,7.46,8.0,7.0,13,1,2,7,2088,1889,1055,687,1564,0.439,185,540,0.343,330,460,0.717,223,774,293,202,91,294,485
58,Colorado State,26,20,6,0.769,15.26,7.55,8.0,5.0,14,1,3,5,2026,1764,1050,645,1483,0.435,166,510,0.325,308,417,0.739,242,848,308,141,70,327,431
59,Columbia,22,13,9,0.591,-3.92,-4.82,4.0,5.0,9,3,4,6,1720,1540,880,553,1311,0.422,173,560,0.309,261,368,0.709,227,742,305,133,95,285,345
60,Connecticut,27,24,3,0.889,22.77,5.85,14.0,2.0,14,0,6,3,2198,1741,1080,606,1508,0.402,161,495,0.325,368,518,0.71,266,801,289,149,77,303,472
61,Coppin State,23,2,21,0.087,-21.04,-5.69,1.0,8.0,2,5,0,15,1316,1669,930,569,1291,0.441,166,495,0.335,365,485,0.753,300,911,340,208,74,348,358
62,Cornell,23,19,4,0.826,3.98,-2.54,8.0,1.0,9,0,8,4,1922,1708,920,616,1393,0.442,187,579,0.323,289,445,0.649,261,792,316,165,71,329,372
63,Creighton,27,20,7,0.741,20.46,8.31,11.0,5.0,12,2,7,4,2195,1867,1105,743,1790,0.415,157,486,0.323,224,289,0.775,268,904,295,167,72,212,400
64,Dartmouth,22,5,17,0.227,-14.12,-1.47,1.0,8.0,5,5,0,12,1346,1552,880,570,1286,0.443,185,526,0.352,227,323,0.703,185,782,281,170,63,211,357
65,Davidson,26,15,11,0.577,5.3,2.6,5.0,8.0,9,5,4,5,1853,1730,1055,611,1446,0.423,203,612,0.332,305,447,0.682,232,892,326,154,77,304,458
66,Dayton,25,21,4,0.84,14.91,5.19,11.0,2.0,13,0,5,3,1850,1607,1000,607,1487,0.408,180,584,0.308,213,302,0.705,275,832,306,135,64,255,417
67,Delaware,27,17,10,0.63,-0.02,-4.44,9.0,5.0,7,3,8,5,2018,1870,1085,685,1617,0.424,183,596,0.307,317,450,0.704,279,925,322,164,94,286,419
68,Delaware State,25,12,13,0.48,-10.25,-7.11,5.0,4.0,6,5,4,7,1773,1765,1025,614,1408,0.436,205,557,0.368,332,475,0.699,218,774,312,184,62,386,467
69,Denver,28,15,13,0.536,-4.73,-4.48,6.0,7.0,10,3,4,9,2363,2274,1145,834,1795,0.465,215,604,0.356,391,529,0.739,300,1021,360,144,117,304,541
70,DePaul,25,3,22,0.12,-6.09,10.15,0.0,14.0,3,12,0,8,1607,2013,1000,721,1510,0.477,227,614,0.37,344,461,0.746,279,931,403,187,84,253,429
71,Detroit Mercy,28,1,27,0.036,-17.48,-2.51,1.0,16.0,1,10,0,17,1829,2248,1130,806,1646,0.49,226,610,0.37,410,525,0.781,322,1041,418,177,84,336,450
72,Drake,27,22,5,0.815,11.58,0.89,13.0,3.0,14,0,5,4,2159,1861,1100,672,1530,0.439,196,602,0.326,321,462,0.695,213,867,276,152,67,337,456
73,Drexel,27,17,10,0.63,1.73,-3.46,10.0,4.0,11,1,5,9,1968,1765,1085,641,1575,0.407,185,577,0.321,298,422,0.706,242,840,289,147,79,246,436
74,Duke,25,20,5,0.8,19.38,6.7,11.0,3.0,13,2,5,3,2008,1691,1000,623,1445,0.431,173,538,0.322,272,389,0.699,218,800,320,133,118,298,433
75,Duquesne,26,16,10,0.615,6.46,3.9,6.0,7.0,11,4,3,5,1865,1753,1040,612,1457,0.42,170,528,0.322,359,515,0.697,278,913,317,161,95,344,454
76,East Carolina,26,14,12,0.538,1.63,0.63,7.0,6.0,11,7,3,4,1816,1761,1045,619,1434,0.432,186,610,0.305,337,449,0.751,272,900,314,149,89,345,423
77,East Tennessee State,27,13,14,0.481,-4.27,-1.67,5.0,9.0,8,4,4,10,1877,1863,1080,650,1523,0.427,191,576,0.332,372,533,0.698,286,990,310,176,82,344,450
78,Eastern Illinois,27,13,14,0.481,-10.67,-5.45,7.0,7.0,8,6,4,8,1857,1802,1080,624,1422,0.439,190,541,0.351,364,500,0.728,216,932,362,141,116,394,390
79,Eastern Kentucky,26,15,11,0.577,-3.93,-2.97,10.0,2.0,11,3,4,8,2123,1986,1045,712,1674,0.425,220,596,0.369,342,474,0.722,314,952,351,187,70,307,431
80,Eastern Michigan,26,10,16,0.385,-13.39,-4.6,3.0,10.0,8,5,2,10,1759,1952,1050,711,1528,0.465,190,578,0.329,340,484,0.702,272,935,352,175,77,276,404
81,Eastern Washington,26,17,9,0.654,0.91,-0.97,11.0,2.0,9,1,8,8,2073,1908,1040,668,1548,0.432,213,626,0.34,359,496,0.724,244,819,342,178,64,311,497
82,Elon,27,12,15,0.444,-10.54,-4.86,5.0,9.0,7,5,3,10,2016,2053,1080,746,1631,0.457,218,654,0.333,343,482,0.712,314,954,393,160,86,300,436
83,Evansville,27,15,12,0.556,-2.28,0.3,6.0,10.0,10,3,4,9,1978,1975,1090,713,1627,0.438,249,704,0.354,300,412,0.728,249,953,372,172,81,334,436
84,Fairfield,26,16,10,0.615,-3.05,-6.37,10.0,5.0,8,4,8,5,1983,1853,1040,693,1526,0.454,179,547,0.327,288,409,0.704,276,918,354,156,76,364,406
85,Fairleigh Dickinson,27,13,14,0.481,-13.77,-9.01,7.0,5.0,7,6,6,7,2098,2115,1090,749,1668,0.449,234,650,0.36,383,552,0.694,312,1081,406,190,87,397,494
86,Florida,25,18,7,0.72,15.56,7.64,8.0,4.0,11,1,3,4,2119,1921,1020,696,1598,0.436,173,519,0.333,356,523,0.681,277,879,287,193,103,276,471
87,Florida A&M,24,4,20,0.167,-16.94,-2.49,2.0,11.0,2,7,2,12,1622,1917,975,656,1443,0.455,202,541,0.373,403,591,0.682,271,882,324,205,91,258,347
88,Florida Atlantic,26,20,6,0.769,14.72,4.06,10.0,3.0,10,1,4,4,2169,1892,1065,694,1589,0.437,192,572,0.336,312,427,0.731,284,892,275,146,64,318,464
89,Florida Gulf Coast,27,11,16,0.407,-6.28,-2.74,5.0,7.0,8,3,2,10,1895,1935,1085,704,1561,0.451,236,664,0.355,291,414,0.703,248,869,368,171,68,270,404
90,Florida International,26,8,18,0.308,-8.29,-1.57,3.0,8.0,7,5,1,10,1912,1989,1045,688,1446,0.476,217,551,0.394,396,551,0.719,301,1003,389,193,101,477,417
91,Florida State,26,14,12,0.538,10.26,8.6,8.0,7.0,8,7,4,4,1988,1945,1045,653,1466,0.445,200,566,0.353,439,629,0.698,284,945,317,153,66,394,498
92,Fordham,26,10,16,0.385,-1.3,0.81,4.0,9.0,4,10,4,4,1869,1924,1060,655,1435,0.456,158,422,0.374,456,632,0.722,233,940,321,178,97,367,483
93,Fresno State,26,11,15,0.423,-1.63,2.57,4.0,9.0,7,6,3,7,1796,1890,1050,706,1528,0.462,205,549,0.373,273,404,0.676,262,868,336,162,89,278,417
94,Furman,27,15,12,0.556,0.44,-2.48,9.0,5.0,11,2,4,8,2161,2038,1095,769,1701,0.452,191,582,0.328,309,453,0.682,269,973,373,205,97,327,453
95,Gardner-Webb,27,13,14,0.481,-3.67,-0.87,8.0,4.0,8,3,4,8,2004,1971,1091,667,1568,0.425,183,555,0.33,454,638,0.712,253,987,306,162,91,321,489
96,George Mason,25,17,8,0.68,7.07,1.36,6.0,6.0,12,2,4,5,1842,1681,1000,575,1435,0.401,207,599,0.346,324,445,0.728,249,795,282,168,89,259,453
97,George Washington,25,14,11,0.56,-1.14,-0.68,3.0,9.0,11,5,1,5,1957,1953,1035,729,1717,0.425,222,658,0.337,273,367,0.744,302,976,357,171,95,270,424
98,Georgetown,25,8,17,0.32,0.83,6.79,1.0,13.0,7,9,1,8,1773,1922,1010,705,1462,0.482,190,552,0.344,322,454,0.709,252,862,390,184,95,283,410
99,Georgia,25,14,11,0.56,9.05,7.37,4.0,8.0,11,4,3,4,1903,1861,1005,670,1547,0.433,187,581,0.322,334,461,0.725,288,947,361,163,103,299,471
100,Georgia Southern,27,5,22,0.185,-10.64,-2.2,5.0,9.0,3,5,2,14,1927,2155,1090,733,1582,0.463,220,592,0.372,469,673,0.697,333,1042,375,204,107,332,420
101,Georgia State,26,12,14,0.462,-3.59,-2.13,6.0,8.0,7,3,5,11,2005,1931,1050,679,1590,0.427,172,605,0.284,401,570,0.704,282,985,335,141,110,273,415
102,Georgia Tech,26,11,15,0.423,3.95,8.02,4.0,11.0,7,6,2,8,1843,1949,1060,677,1614,0.419,192,628,0.306,403,547,0.737,296,954,337,181,85,239,437
103,Gonzaga,26,20,6,0.769,16.9,1.9,10.0,2.0,12,2,5,2,2231,1790,1040,644,1604,0.401,193,596,0.324,309,415,0.745,259,812,290,149,72,309,448
104,Grambling,26,13,13,0.5,-11.34,-4.25,10.0,3.0,7,3,5,8,1737,1833,1043,651,1455,0.447,171,487,0.351,360,490,0.735,268,856,366,182,71,340,410
105,Grand Canyon,26,24,2,0.923,10.17,-1.4,14.0,1.0,14,0,7,1,2097,1758,1045,627,1522,0.412,165,509,0.324,339,481,0.705,269,842,297,159,70,363,528
106,Green Bay,27,17,10,0.63,-3.39,-3.99,12.0,4.0,10,2,7,7,1869,1805,1090,637,1496,0.426,158,533,0.296,373,516,0.723,250,857,328,169,103,257,409
107,Hampton,27,6,21,0.222,-16.26,-4.63,1.0,13.0,4,9,0,10,1992,2106,1080,754,1691,0.446,210,655,0.321,388,509,0.762,303,986,353,202,74,298,441
108,Harvard,22,13,9,0.591,-2.89,-1.65,4.0,5.0,8,4,5,5,1576,1574,885,580,1364,0.425,183,563,0.325,231,340,0.679,258,809,297,149,81,248,381
109,Hawaii,27,15,12,0.556,0.69,-1.63,7.0,8.0,10,6,3,5,1960,1861,1090,673,1514,0.445,127,398,0.319,388,530,0.732,222,856,248,169,64,299,487
110,High Point,28,22,6,0.786,2.56,-5.02,11.0,2.0,14,1,6,4,2377,2077,1135,734,1650,0.445,180,519,0.347,429,583,0.736,236,843,330,139,82,277,610
111,Hofstra,27,16,11,0.593,1.38,-2.12,9.0,5.0,9,2,4,9,2016,1872,1085,652,1569,0.416,224,651,0.344,344,460,0.748,288,968,357,152,65,321,385
112,Holy Cross,27,8,19,0.296,-17.93,-7.54,5.0,9.0,4,7,3,11,1765,2007,1085,718,1580,0.454,236,617,0.382,335,459,0.73,261,970,371,182,88,242,379
113,Houston,26,23,3,0.885,26.84,8.3,10.0,3.0,15,0,4,3,1921,1439,1045,477,1277,0.374,157,530,0.296,328,508,0.646,258,860,294,125,72,417,421
114,Houston Christian,24,6,18,0.25,-18.59,-2.59,4.0,9.0,5,5,1,13,1700,1980,965,748,1606,0.466,184,554,0.332,300,428,0.701,287,924,397,228,121,251,433
115,Howard,26,11,15,0.423,-8.61,-6.11,5.0,4.0,6,4,5,8,1958,1973,1060,685,1540,0.445,184,544,0.338,419,604,0.694,297,881,330,199,87,329,495
116,Idaho,26,10,16,0.385,-8.83,-3.24,4.0,9.0,6,8,3,8,1796,1840,1045,638,1408,0.453,196,546,0.359,368,513,0.717,229,878,342,164,91,295,394
117,Idaho State,27,11,16,0.407,-7.27,-4.27,6.0,8.0,7,3,4,12,1876,1861,1095,683,1442,0.474,150,434,0.346,345,460,0.75,210,819,328,172,64,330,476
118,Illinois,25,19,6,0.76,20.15,7.75,10.0,4.0,13,2,4,4,2078,1768,1010,664,1602,0.414,141,442,0.319,299,422,0.709,256,835,269,141,80,229,455
119,Illinois State,27,13,14,0.481,-1.15,0.89,7.0,9.0,8,6,4,6,1802,1836,1080,665,1490,0.446,196,578,0.339,310,417,0.743,217,891,349,138,89,306,501
120,Illinois-Chicago,27,10,17,0.37,-1.27,0.66,3.0,13.0,5,8,3,8,1863,1862,1080,642,1532,0.419,156,525,0.297,422,557,0.758,266,963,319,181,95,327,378
121,Incarnate Word,26,8,18,0.308,-14.93,-7.55,3.0,10.0,5,6,3,11,1899,2026,1050,704,1564,0.45,185,532,0.348,433,607,0.713,277,910,360,210,107,301,456
122,Indiana,25,14,11,0.56,7.61,9.17,6.0,8.0,11,4,2,5,1823,1862,1000,637,1526,0.417,210,615,0.341,378,511,0.74,286,889,334,183,83,260,488
123,Indiana State,27,22,5,0.815,12.59,1.28,13.0,3.0,11,1,7,4,2276,1952,1085,728,1673,0.435,181,572,0.316,315,433,0.727,241,877,296,170,95,314,468
124,Iona,25,13,12,0.52,-2.7,-4.74,8.0,6.0,8,4,4,5,1828,1777,1000,599,1319,0.454,188,546,0.344,391,535,0.731,249,900,337,138,99,395,398
125,Iowa,27,16,11,0.593,13.76,8.39,8.0,8.0,11,3,3,7,2253,2108,1085,756,1671,0.452,212,599,0.354,384,540,0.711,306,988,409,163,107,334,470
126,Iowa State,26,20,6,0.769,22.34,7.03,9.0,4.0,15,0,4,4,2033,1635,1040,542,1337,0.405,204,610,0.334,347,481,0.721,243,839,323,162,84,460,486
127,IUPUI,28,6,22,0.214,-21.55,-4.15,2.0,15.0,4,9,2,11,1842,2239,1125,811,1599,0.507,234,611,0.383,383,535,0.716,290,928,460,198,94,372,468
128,Jackson State,26,12,14,0.462,-9.82,-5.4,8.0,5.0,4,2,6,11,1838,1953,1040,683,1516,0.451,202,597,0.338,385,539,0.714,288,941,378,201,101,355,464
129,Jacksonville,27,13,14,0.481,-10.64,-4.26,4.0,9.0,10,1,2,13,1933,1955,1085,659,1534,0.43,202,596,0.339,435,621,0.7,288,890,345,200,91,346,478
130,Jacksonville State,26,12,14,0.462,-1.94,-2.12,4.0,7.0,7,5,4,9,1818,1688,1045,600,1426,0.421,159,501,0.317,329,472,0.697,228,810,267,177,80,327,446
131,James Madison,27,24,3,0.889,9.21,-4.45,11.0,3.0,14,1,8,2,2289,1863,1095,659,1590,0.414,160,560,0.286,385,534,0.721,267,923,278,157,91,410,464
132,Kansas,26,20,6,0.769,18.27,9.95,8.0,5.0,13,0,3,5,1992,1757,1045,618,1559,0.396,208,641,0.324,313,446,0.702,259,864,316,177,72,316,423
133,Kansas City,27,12,15,0.444,-6.04,-3.37,6.0,6.0,9,3,3,9,1940,1897,1100,647,1453,0.445,167,509,0.328,436,614,0.71,237,875,320,167,74,335,459
134,Kansas State,26,15,11,0.577,11.14,8.67,5.0,8.0,12,3,2,6,1854,1790,1070,630,1568,0.402,181,584,0.31,349,503,0.694,305,905,330,212,85,315,465
135,Kennesaw State,27,14,13,0.519,-6.86,-5.15,5.0,8.0,9,4,3,9,2254,2170,1090,736,1683,0.437,221,651,0.339,477,669,0.713,312,1055,347,184,121,370,526
136,Kent State,26,13,13,0.5,0.04,-2.21,6.0,7.0,7,6,4,6,1978,1861,1060,650,1451,0.448,197,597,0.33,364,505,0.721,244,851,337,177,85,358,469
137,Kentucky,25,18,7,0.72,17.61,6.81,8.0,4.0,11,4,5,2,2204,1934,1015,674,1619,0.416,209,664,0.315,377,533,0.707,310,941,366,157,100,305,422
138,La Salle,26,12,14,0.462,-3.35,0.57,3.0,10.0,8,6,3,8,1919,1951,1060,702,1556,0.451,174,501,0.347,373,511,0.73,278,994,357,133,91,289,415
139,Lafayette,28,11,17,0.393,-9.91,-5.35,10.0,5.0,5,8,6,7,1778,1885,1140,654,1566,0.418,204,602,0.339,373,505,0.739,274,1016,327,178,80,326,415
140,Lamar,26,15,11,0.577,-4.6,-7.77,9.0,4.0,10,1,3,10,2093,1942,1055,637,1523,0.418,226,648,0.349,442,622,0.711,298,925,394,187,86,373,486
141,Le Moyne,26,12,14,0.462,-10.69,-7.95,7.0,5.0,8,2,4,12,1919,1865,1045,678,1563,0.434,234,700,0.334,275,387,0.711,294,1000,386,158,63,357,345
142,Lehigh,25,10,15,0.4,-8.58,-5.92,7.0,7.0,6,5,4,10,1833,1814,1020,658,1483,0.444,194,546,0.355,304,430,0.707,209,903,298,167,85,323,440
143,Liberty,26,16,10,0.615,3.98,-0.41,5.0,6.0,10,2,2,6,1957,1681,1050,616,1425,0.432,146,467,0.313,303,425,0.713,200,856,246,144,94,315,415
144,Lindenwood,27,8,19,0.296,-18.45,-6.99,2.0,12.0,4,8,2,11,1748,1948,1085,670,1483,0.452,209,570,0.367,399,557,0.716,253,970,345,169,102,336,508
145,Lipscomb,28,17,11,0.607,-2.0,-4.3,8.0,5.0,10,1,5,9,2290,2145,1120,808,1768,0.457,238,671,0.355,291,405,0.719,290,982,346,141,101,322,440
146,Little Rock,27,16,11,0.593,-4.66,-7.11,10.0,4.0,12,4,4,6,2085,2019,1090,694,1613,0.43,194,600,0.323,437,585,0.747,308,959,331,145,81,341,470
147,Long Beach State,26,17,9,0.654,-0.73,-1.82,9.0,5.0,7,2,9,5,2050,1973,1050,688,1611,0.427,253,739,0.342,344,494,0.696,297,929,409,197,68,380,525
148,Long Island University,25,6,19,0.24,-17.94,-6.94,5.0,8.0,4,5,1,14,1666,1941,1010,682,1492,0.457,155,500,0.31,422,609,0.693,262,955,377,218,100,281,401
149,Longwood,27,16,11,0.593,-2.79,-6.49,4.0,8.0,11,3,5,8,2030,1809,1095,643,1484,0.433,183,553,0.331,340,504,0.675,219,804,307,173,73,376,538
150,Louisiana,27,17,10,0.63,2.15,-1.57,9.0,5.0,10,2,5,7,2082,1914,1080,681,1510,0.451,127,479,0.265,425,598,0.711,290,930,299,175,106,396,422
151,Louisiana State,25,13,12,0.52,9.59,6.63,5.0,7.0,9,4,2,6,1932,1858,1005,637,1514,0.421,216,640,0.338,368,490,0.751,299,895,324,202,100,331,427
152,Louisiana Tech,26,18,8,0.692,6.78,-0.31,8.0,3.0,13,1,5,7,1953,1652,1050,580,1491,0.389,170,522,0.326,322,458,0.703,285,860,254,183,82,345,480
153,Louisiana-Monroe,25,10,15,0.4,-9.38,-1.51,5.0,9.0,7,5,3,10,1757,1862,1005,617,1452,0.425,238,674,0.353,390,527,0.74,265,875,363,179,99,296,458
154,Louisville,26,8,18,0.308,1.07,6.53,3.0,12.0,7,7,1,9,1909,2051,1045,730,1558,0.469,219,610,0.359,372,502,0.741,246,890,403,190,105,298,514
155,Loyola (IL),26,19,7,0.731,6.21,1.61,11.0,2.0,12,2,6,3,1922,1756,1040,591,1482,0.399,190,547,0.347,384,537,0.715,233,864,295,171,97,308,435
156,Loyola (MD),27,6,21,0.222,-15.27,-6.07,4.0,10.0,1,9,5,11,1745,1950,1090,704,1519,0.463,203,568,0.357,339,486,0.698,229,869,358,207,100,280,451
157,Loyola Marymount,26,10,16,0.385,0.41,2.01,3.0,9.0,7,8,2,5,1877,1876,1040,693,1527,0.454,156,462,0.338,334,450,0.742,236,843,344,155,101,233,419
158,Maine,26,11,15,0.423,-5.79,-4.03,3.0,8.0,5,4,4,11,1757,1749,1040,640,1437,0.445,148,478,0.31,321,476,0.674,232,902,335,159,93,345,388
159,Manhattan,24,5,19,0.208,-15.86,-3.86,2.0,13.0,2,8,3,11,1604,1868,970,692,1475,0.469,184,509,0.361,300,398,0.754,244,916,411,208,100,289,333
160,Marist,23,14,9,0.609,-4.71,-8.53,9.0,5.0,7,3,7,6,1512,1424,920,496,1203,0.412,145,461,0.315,287,422,0.68,217,777,218,149,58,333,344
161,Marquette,25,19,6,0.76,18.93,9.89,10.0,4.0,11,1,6,4,1943,1717,1000,612,1438,0.426,208,616,0.338,285,386,0.738,263,878,360,147,70,384,364
162,Marshall,27,12,15,0.444,-4.3,-1.45,7.0,7.0,8,5,3,7,2017,2058,1080,752,1705,0.441,208,607,0.343,346,484,0.715,284,1048,373,205,76,323,444
163,Maryland,27,14,13,0.519,12.06,7.17,6.0,10.0,11,4,3,7,1886,1754,1095,616,1500,0.411,142,443,0.321,380,499,0.762,274,931,281,159,96,344,527
164,Maryland-Baltimore County,27,9,18,0.333,-9.65,-5.42,4.0,8.0,6,8,3,10,2136,2227,1080,824,1805,0.457,204,631,0.323,375,510,0.735,324,1052,363,229,89,305,431
165,Maryland-Eastern Shore,22,8,14,0.364,-16.84,-5.63,3.0,5.0,8,3,0,12,1450,1539,895,551,1252,0.44,146,451,0.324,291,446,0.652,231,817,274,156,62,302,338
166,Massachusetts,26,17,9,0.654,8.71,0.48,8.0,6.0,12,2,2,6,2071,1857,1045,619,1481,0.418,199,571,0.349,420,581,0.723,276,881,337,160,83,354,484
167,Massachusetts-Lowell,24,17,7,0.708,-1.24,-6.58,8.0,3.0,7,3,10,4,1922,1649,965,614,1510,0.407,147,521,0.282,274,384,0.714,244,789,257,182,77,298,439
168,McNeese State,26,23,3,0.885,7.98,-5.75,12.0,1.0,13,0,9,3,2090,1582,1040,527,1396,0.378,211,675,0.313,317,442,0.717,278,854,311,121,81,432,467
169,Memphis,26,18,8,0.692,8.05,4.4,7.0,6.0,10,2,6,5,2085,1990,1050,692,1634,0.424,246,701,0.351,360,500,0.72,334,956,361,198,112,363,494
170,Mercer,27,12,15,0.444,-5.74,-2.45,5.0,9.0,8,6,3,8,1877,1916,1080,652,1475,0.442,175,515,0.34,437,603,0.725,273,950,295,182,80,342,415
171,Merrimack,27,17,10,0.63,-4.41,-6.97,11.0,2.0,10,1,6,8,1873,1784,1090,642,1546,0.415,162,499,0.325,338,482,0.701,341,1033,382,193,90,446,455
172,Miami (FL),26,15,11,0.577,11.51,6.16,6.0,9.0,11,3,2,7,2025,1886,1045,698,1627,0.429,236,738,0.32,254,354,0.718,267,897,399,190,90,306,396
173,Miami (OH),26,12,14,0.462,-6.44,-3.81,6.0,7.0,8,4,4,10,1868,1842,1045,652,1512,0.431,176,555,0.317,362,494,0.733,266,927,311,162,90,316,460
174,Michigan,26,8,18,0.308,7.57,11.22,3.0,12.0,5,8,2,7,1956,2051,1055,753,1641,0.459,190,533,0.356,355,486,0.73,293,905,342,194,104,254,444
175,Michigan State,27,17,10,0.63,18.6,9.79,9.0,7.0,13,3,3,5,2026,1788,1085,614,1509,0.407,208,642,0.324,352,479,0.735,266,907,332,139,81,342,471
176,Middle Tennessee,26,11,15,0.423,-7.28,-0.69,5.0,6.0,9,6,1,7,1698,1793,1065,671,1531,0.438,147,462,0.318,304,427,0.712,281,915,280,179,90,296,446
177,Milwaukee,27,14,13,0.519,-5.97,-3.45,9.0,7.0,9,3,4,9,2105,2121,1100,739,1686,0.438,225,637,0.353,418,556,0.752,330,995,412,197,117,320,478
178,Minnesota,25,16,9,0.64,11.1,4.1,7.0,7.0,14,3,2,5,1907,1732,1005,633,1481,0.427,146,430,0.34,320,449,0.713,269,838,347,183,81,280,427
179,Mississippi,25,19,6,0.76,10.22,6.02,6.0,6.0,14,1,3,5,1899,1794,1000,647,1497,0.432,182,553,0.329,318,444,0.716,315,913,355,161,84,323,422
180,Mississippi State,25,17,8,0.68,14.26,7.5,6.0,6.0,10,2,1,6,1853,1684,1000,588,1448,0.406,171,601,0.285,337,459,0.734,241,819,280,184,84,311,453
181,Mississippi Valley State,26,0,26,0.0,-27.19,-1.88,0.0,13.0,0,7,0,19,1407,2065,1045,713,1445,0.493,193,525,0.368,446,627,0.711,293,940,380,244,85,283,442
182,Missouri,26,8,18,0.308,4.25,6.67,0.0,13.0,6,9,2,7,1871,1934,1045,649,1482,0.438,195,576,0.339,441,592,0.745,317,972,335,170,81,342,432
183,Missouri State,27,15,12,0.556,1.48,0.74,7.0,9.0,8,4,4,8,1949,1929,1100,706,1700,0.415,206,632,0.326,311,436,0.713,260,934,332,175,86,249,454
184,Monmouth,27,15,12,0.556,-2.13,-1.8,8.0,6.0,12,1,1,11,1956,1965,1081,675,1575,0.429,231,681,0.339,384,526,0.73,316,1005,379,155,102,334,433
185,Montana,26,17,9,0.654,-0.12,-2.34,8.0,5.0,10,3,7,6,2008,1864,1045,671,1478,0.454,165,474,0.348,357,493,0.724,212,841,308,141,87,265,407
186,Montana State,26,11,15,0.423,-6.17,-3.04,6.0,7.0,8,6,3,9,1927,1942,1050,694,1466,0.473,165,491,0.336,389,547,0.711,236,922,342,156,68,354,452
187,Morehead State,28,20,8,0.714,-0.23,-4.68,11.0,4.0,12,1,8,7,2118,1783,1120,629,1603,0.392,159,532,0.299,366,490,0.747,269,855,269,170,65,293,452
188,Morgan State,24,8,16,0.333,-16.8,-4.12,4.0,4.0,6,3,3,11,1737,1885,970,669,1478,0.453,163,477,0.342,384,562,0.683,316,906,322,196,92,307,370
189,Mount St. Mary's,26,11,15,0.423,-6.1,-7.37,7.0,8.0,7,3,4,12,1890,1857,1055,653,1521,0.429,180,513,0.351,371,489,0.759,259,849,325,236,76,341,387
190,Murray State,27,11,16,0.407,2.35,1.85,8.0,8.0,7,7,4,7,1911,1865,1085,679,1488,0.456,224,630,0.356,283,404,0.7,224,911,351,128,86,329,417
191,Navy,25,8,17,0.32,-12.27,-8.15,4.0,10.0,7,5,1,12,1657,1698,1010,584,1303,0.448,187,554,0.338,343,484,0.709,233,899,331,117,125,365,455
192,NC State,26,16,10,0.615,10.1,5.79,8.0,7.0,11,4,4,4,1970,1858,1050,645,1488,0.433,184,530,0.347,384,532,0.722,267,971,315,129,81,344,419
193,Nebraska,26,18,8,0.692,13.63,6.67,8.0,7.0,16,1,1,7,2001,1820,1055,652,1633,0.399,226,689,0.328,290,425,0.682,320,962,347,174,98,304,421
194,Nevada,27,21,6,0.778,13.16,4.28,8.0,5.0,13,2,5,3,2058,1794,1085,626,1513,0.414,201,630,0.319,341,499,0.683,263,902,339,134,66,336,575
195,Nevada-Las Vegas,24,14,10,0.583,7.65,6.52,7.0,5.0,9,5,5,2,1791,1674,970,597,1365,0.437,165,500,0.33,315,417,0.755,255,830,340,134,80,319,397
196,New Hampshire,24,14,10,0.583,-4.13,-2.91,6.0,5.0,7,3,7,7,1806,1757,965,645,1533,0.421,158,582,0.271,309,412,0.75,240,950,322,186,107,291,392
197,New Mexico,26,20,6,0.769,16.43,4.71,8.0,5.0,11,2,5,4,2172,1846,1040,651,1517,0.429,163,529,0.308,381,534,0.713,253,910,353,154,110,395,479
198,New Mexico State,26,11,15,0.423,-7.05,1.86,5.0,6.0,11,1,0,12,1780,1866,1055,604,1477,0.409,209,630,0.332,449,641,0.7,262,922,339,196,59,322,440
199,New Orleans,27,8,19,0.296,-16.82,-4.91,3.0,11.0,7,5,1,13,2021,2174,1086,777,1638,0.474,181,529,0.342,439,618,0.71,321,1076,420,166,114,397,537
200,Niagara,25,14,11,0.56,-6.14,-6.14,10.0,5.0,5,7,9,4,1873,1824,1015,683,1461,0.467,142,415,0.342,316,454,0.696,208,777,273,166,84,282,457
201,Nicholls State,26,14,12,0.538,-8.04,-3.51,9.0,4.0,8,2,6,8,1896,1947,1080,694,1594,0.435,175,559,0.313,384,581,0.661,322,993,342,207,97,298,455
202,NJIT,24,7,17,0.292,-13.59,-3.94,3.0,9.0,5,7,2,10,1624,1770,960,622,1376,0.452,168,479,0.351,358,536,0.668,282,924,333,150,86,293,396
203,Norfolk State,26,17,9,0.654,-6.18,-5.82,7.0,2.0,11,0,4,7,1933,1759,1045,571,1405,0.406,214,649,0.33,403,573,0.703,278,876,341,150,79,408,491
204,North Alabama,27,13,14,0.481,-6.08,-4.08,7.0,6.0,10,4,3,10,2075,2048,1106,700,1591,0.44,192,566,0.339,456,642,0.71,272,962,338,150,88,283,475
205,North Carolina,26,20,6,0.769,20.61,9.19,12.0,3.0,11,1,6,2,2154,1857,1045,667,1622,0.411,180,595,0.303,343,457,0.751,239,885,271,147,98,288,495
206,North Carolina A&T,27,7,20,0.259,-15.04,-3.22,5.0,9.0,4,6,2,11,1785,2104,1080,780,1611,0.484,205,580,0.353,339,491,0.69,314,1093,400,142,99,307,455
207,North Carolina Central,24,13,11,0.542,-8.35,-6.4,5.0,4.0,8,2,5,8,1808,1637,970,567,1362,0.416,135,498,0.271,368,507,0.726,267,857,302,141,85,344,434
208,North Dakota,28,17,11,0.607,-6.15,-5.47,9.0,4.0,8,4,7,7,2111,2016,1125,736,1646,0.447,186,561,0.332,358,478,0.749,250,949,304,171,55,302,499
209,North Dakota State,27,13,14,0.481,-6.55,-2.38,6.0,6.0,8,3,5,10,2064,2014,1115,744,1621,0.459,187,533,0.351,339,463,0.732,218,886,318,142,108,269,446
210,North Florida,28,15,13,0.536,-5.97,-4.13,8.0,5.0,10,4,5,9,2210,2126,1130,777,1678,0.463,176,515,0.342,396,540,0.733,268,999,357,189,83,306,427
211,North Texas,25,14,11,0.56,9.04,4.43,7.0,6.0,10,2,3,5,1686,1528,1010,521,1312,0.397,144,469,0.307,342,480,0.713,276,816,237,173,95,313,376
212,Northeastern,27,10,17,0.37,-5.27,-2.49,5.0,9.0,5,5,4,11,1899,1974,1080,716,1511,0.474,224,590,0.38,318,421,0.755,236,801,364,183,89,299,424
213,Northern Arizona,27,12,15,0.444,-11.58,-3.36,5.0,8.0,6,3,5,11,1827,2049,1080,725,1541,0.47,174,538,0.323,425,591,0.719,288,1004,334,193,70,332,456
214,Northern Colorado,26,16,10,0.615,-3.24,-4.2,9.0,4.0,10,2,5,7,2096,2023,1075,721,1598,0.451,237,651,0.364,344,459,0.749,237,903,334,176,82,308,444
215,Northern Illinois,26,9,17,0.346,-9.22,-0.68,3.0,10.0,5,7,3,10,1921,2030,1055,723,1609,0.449,204,558,0.366,380,550,0.691,306,972,370,176,62,289,493
216,Northern Iowa,27,15,12,0.556,3.77,3.16,9.0,7.0,9,3,5,7,1964,1908,1090,668,1509,0.443,216,626,0.345,356,457,0.779,202,882,288,169,87,308,468
217,Northern Kentucky,27,14,13,0.519,-3.09,-2.49,9.0,7.0,10,3,4,10,1983,1946,1095,703,1605,0.438,213,697,0.306,327,442,0.74,306,967,395,171,93,397,488
218,Northwestern,26,18,8,0.692,11.92,7.11,9.0,6.0,13,1,3,6,1934,1809,1060,610,1354,0.451,183,511,0.358,406,559,0.726,231,870,357,133,99,343,443
219,Northwestern State,27,8,19,0.296,-13.74,-4.26,6.0,8.0,6,5,2,12,1888,2054,1080,720,1567,0.459,187,575,0.325,427,612,0.698,332,1021,367,192,111,362,480
220,Notre Dame,25,9,16,0.36,3.55,6.99,4.0,10.0,7,8,1,7,1547,1633,1015,591,1422,0.416,174,517,0.337,277,385,0.719,229,848,304,173,83,263,365
221,Oakland,28,18,10,0.643,2.5,-0.9,13.0,4.0,8,2,8,7,2153,2058,1140,742,1690,0.439,239,704,0.339,335,462,0.725,294,957,456,173,78,318,449
222,Ohio,26,14,12,0.538,-0.69,-3.81,8.0,5.0,10,3,2,7,2037,1879,1055,658,1528,0.431,195,576,0.339,368,518,0.71,297,944,297,126,85,333,444
223,Ohio State,26,15,11,0.577,12.52,7.83,5.0,10.0,11,4,0,7,1934,1812,1056,659,1523,0.433,179,499,0.359,315,443,0.711,270,888,291,124,68,277,471
224,Oklahoma,26,18,8,0.692,15.93,6.62,6.0,7.0,13,3,2,4,1974,1732,1040,606,1495,0.405,160,551,0.29,360,479,0.752,233,825,294,181,95,304,461
225,Oklahoma State,25,11,14,0.44,7.11,6.67,3.0,9.0,10,5,0,7,1783,1772,1010,662,1463,0.452,157,471,0.333,291,397,0.733,221,830,301,195,73,291,418
226,Old Dominion,27,6,21,0.222,-7.0,-0.84,2.0,12.0,4,9,1,10,1904,2050,1085,686,1591,0.431,241,693,0.348,437,614,0.712,305,1080,398,165,112,354,412
227,Omaha,28,13,15,0.464,-5.86,-4.44,6.0,7.0,10,3,2,11,2115,2045,1130,712,1581,0.45,242,681,0.355,379,510,0.743,229,939,348,146,67,325,520
228,Oral Roberts,26,11,15,0.423,-6.22,-1.22,5.0,8.0,9,4,2,11,1935,1974,1050,703,1605,0.438,224,626,0.358,344,479,0.718,308,1023,340,134,71,290,365
229,Oregon,25,17,8,0.68,11.8,7.44,9.0,5.0,11,2,5,3,1907,1798,1005,642,1425,0.451,168,491,0.342,346,482,0.718,227,843,312,137,93,314,449
230,Oregon State,26,11,15,0.423,2.68,8.12,3.0,12.0,11,5,0,7,1769,1869,1070,654,1497,0.437,178,566,0.314,383,536,0.715,290,906,361,170,83,311,500
231,Pacific,28,6,22,0.214,-15.14,0.44,0.0,13.0,5,10,1,12,1826,2195,1130,775,1612,0.481,225,645,0.349,420,578,0.727,275,1044,390,177,92,336,511
232,Penn State,26,12,14,0.462,8.25,6.83,6.0,9.0,10,4,2,6,1944,1907,1050,682,1492,0.457,150,488,0.307,393,509,0.772,282,965,379,152,75,394,446
233,Pennsylvania,24,9,15,0.375,-3.11,0.98,1.0,8.0,8,4,1,9,1759,1750,980,644,1424,0.452,215,607,0.354,247,356,0.694,215,804,357,145,77,247,366
234,Pepperdine,28,11,17,0.393,-2.59,1.68,4.0,9.0,9,7,2,7,2035,2098,1120,761,1558,0.488,182,478,0.381,394,531,0.742,215,916,372,162,65,323,501
235,Pittsburgh,26,17,9,0.654,12.92,5.15,8.0,7.0,10,5,6,3,1949,1747,1040,622,1454,0.428,174,573,0.304,329,431,0.763,206,863,323,134,98,292,445
236,Portland,28,9,19,0.321,-9.76,1.13,3.0,10.0,7,5,2,11,2016,2259,1120,826,1771,0.466,308,806,0.382,299,424,0.705,273,1012,481,189,71,272,500
237,Portland State,27,16,11,0.593,-5.8,-3.84,7.0,7.0,10,2,5,8,1948,1928,1089,697,1586,0.439,204,577,0.354,330,487,0.678,287,1022,374,155,102,346,446
238,Prairie View,26,10,16,0.385,-13.69,-5.4,5.0,8.0,5,4,4,12,1849,1994,1040,680,1417,0.48,159,461,0.345,475,680,0.699,274,972,337,176,117,445,514
239,Presbyterian,28,12,16,0.429,-8.97,-4.93,4.0,9.0,7,7,4,8,2108,2076,1125,693,1515,0.457,186,531,0.35,504,678,0.743,256,942,313,169,94,355,528
240,Princeton,22,19,3,0.864,7.6,-1.05,7.0,2.0,10,0,8,3,1675,1419,880,527,1235,0.427,152,467,0.325,213,288,0.74,180,698,250,106,61,234,357
241,Providence,26,17,9,0.654,12.89,7.12,8.0,7.0,14,2,2,6,1918,1768,1055,644,1572,0.41,169,522,0.324,311,427,0.728,271,920,258,173,75,326,466
242,Purdue,26,23,3,0.885,25.4,10.9,12.0,3.0,13,0,5,3,2195,1818,1050,679,1634,0.416,198,623,0.318,260,369,0.705,233,769,390,177,61,256,528
243,Purdue Fort Wayne,27,17,10,0.63,-0.66,-6.42,8.0,8.0,9,5,6,5,2191,1920,1085,691,1550,0.446,173,558,0.31,365,513,0.712,274,1009,345,148,76,461,461
244,Queens (NC),28,11,17,0.393,-8.86,-2.52,5.0,8.0,10,3,0,14,2248,2300,1120,837,1792,0.467,227,669,0.339,399,536,0.744,304,1060,348,181,127,330,500
245,Quinnipiac,25,19,6,0.76,-3.87,-7.08,11.0,3.0,11,2,8,4,1957,1812,1005,654,1546,0.423,193,579,0.333,311,444,0.7,246,845,346,172,92,330,394
246,Radford,27,13,14,0.481,-5.67,-2.75,3.0,9.0,7,4,3,10,1950,1939,1095,687,1567,0.438,194,611,0.318,371,515,0.72,308,931,311,135,71,285,407
247,Rhode Island,25,11,14,0.44,-0.63,3.17,5.0,7.0,9,5,2,6,1846,1899,1000,693,1544,0.449,213,602,0.354,300,457,0.656,266,857,359,177,117,228,461
248,Rice,25,9,16,0.36,-3.12,2.34,3.0,9.0,5,8,4,5,1831,1918,1015,697,1532,0.455,214,589,0.363,310,419,0.74,255,893,379,192,88,269,395
249,Richmond,25,18,7,0.72,8.87,1.43,10.0,2.0,12,1,5,4,1824,1638,1005,585,1482,0.395,186,614,0.303,282,390,0.723,251,945,276,110,70,290,383
250,Rider,26,10,16,0.385,-6.74,-3.74,7.0,8.0,6,4,4,12,1898,1927,1055,664,1536,0.432,206,608,0.339,393,560,0.702,269,908,348,206,79,293,418
251,Robert Morris,27,10,17,0.37,-8.23,-4.51,6.0,10.0,7,6,3,11,2024,2058,1100,725,1561,0.464,185,545,0.339,423,583,0.726,249,881,370,195,73,310,442
252,Rutgers,25,14,11,0.56,8.92,7.44,6.0,8.0,11,3,3,6,1672,1635,1005,566,1421,0.398,174,558,0.312,329,469,0.701,282,984,298,160,104,378,436
253,Sacramento State,27,6,21,0.222,-12.3,-2.54,2.0,12.0,5,7,1,12,1777,1904,1080,683,1470,0.465,199,550,0.362,339,478,0.709,207,772,350,204,79,254,444
254,Sacred Heart,27,13,14,0.481,-10.85,-8.85,7.0,5.0,9,3,3,11,1981,1958,1080,697,1578,0.442,226,633,0.357,338,499,0.677,315,1004,408,175,94,404,428
255,Saint Francis (PA),26,8,18,0.308,-17.6,-7.27,3.0,10.0,6,7,2,11,1712,1893,1045,672,1485,0.453,188,555,0.339,361,518,0.697,284,909,346,180,107,319,443
256,Saint Joseph's,26,16,10,0.615,6.02,0.45,6.0,7.0,11,3,3,7,1994,1849,1045,642,1550,0.414,237,697,0.34,328,469,0.699,290,926,370,181,102,334,410
257,Saint Louis,26,9,17,0.346,-2.19,4.17,2.0,11.0,7,6,1,9,1916,2039,1040,701,1554,0.451,228,658,0.347,409,554,0.738,268,928,350,176,107,266,458
258,Saint Mary's (CA),28,22,6,0.786,16.98,3.24,13.0,0.0,13,3,8,0,2074,1624,1130,574,1478,0.388,140,449,0.312,336,476,0.706,215,783,261,141,70,318,450
259,Saint Peter's,24,13,11,0.542,-4.87,-5.87,9.0,6.0,6,4,7,7,1553,1527,965,510,1204,0.424,144,432,0.333,363,523,0.694,223,784,266,170,96,345,451
260,Sam Houston,26,15,11,0.577,-2.06,-0.47,8.0,3.0,10,2,4,9,1862,1843,1050,652,1503,0.434,189,596,0.317,350,505,0.693,250,930,353,184,110,357,455
261,Samford,27,23,4,0.852,7.6,-3.76,12.0,2.0,15,0,8,4,2371,1997,1080,687,1600,0.429,210,620,0.339,413,588,0.702,321,958,366,219,103,467,497
262,San Diego,28,16,12,0.571,-3.32,0.79,6.0,7.0,11,6,4,5,2051,2141,1120,751,1667,0.451,217,668,0.325,422,602,0.701,307,1023,455,223,93,361,467
263,San Diego State,27,20,7,0.741,16.03,9.11,9.0,5.0,13,0,4,7,2035,1808,1095,631,1542,0.409,194,642,0.302,352,492,0.715,257,885,319,169,72,356,515
264,San Francisco,28,21,7,0.75,10.32,-0.98,10.0,3.0,13,1,6,4,2200,1826,1125,625,1480,0.422,187,572,0.327,389,556,0.7,211,815,294,164,55,401,432
265,San Jose State,27,9,18,0.333,-3.36,2.14,2.0,12.0,6,7,1,10,1919,2017,1090,718,1524,0.471,202,530,0.381,379,542,0.699,252,952,371,131,70,289,400
266,Santa Clara,27,17,10,0.63,5.69,1.57,8.0,4.0,9,4,5,4,2079,1935,1080,673,1618,0.416,190,609,0.312,399,555,0.719,268,865,327,197,65,278,478
267,Seattle,26,16,10,0.615,3.62,-0.94,9.0,6.0,12,3,4,7,1935,1766,1070,615,1492,0.412,154,518,0.297,382,553,0.691,239,862,287,165,85,333,498
268,Seton Hall,26,17,9,0.654,11.78,7.62,10.0,5.0,11,3,5,4,1904,1796,1055,636,1539,0.413,213,638,0.334,311,414,0.751,276,840,360,197,117,314,439
269,Siena,26,4,22,0.154,-19.23,-4.42,3.0,12.0,2,10,2,10,1567,1952,1040,724,1591,0.455,183,515,0.355,321,441,0.728,297,916,354,242,93,262,434
270,South Alabama,27,13,14,0.481,-5.69,-2.15,5.0,9.0,9,6,4,8,1982,2047,1100,738,1636,0.451,188,587,0.32,383,555,0.69,312,1045,324,189,106,329,416
271,South Carolina,26,21,5,0.808,11.05,4.66,9.0,4.0,13,2,5,3,1866,1700,1045,618,1460,0.423,154,455,0.338,310,429,0.723,239,828,284,152,110,258,421
272,South Carolina State,26,10,16,0.385,-11.48,-4.19,5.0,4.0,7,4,3,12,1853,2003,1050,652,1422,0.459,190,553,0.344,509,686,0.742,252,882,375,210,104,382,486
273,South Carolina Upstate,26,9,17,0.346,-8.56,-1.86,4.0,9.0,5,6,4,11,1862,1903,1055,642,1417,0.453,171,523,0.327,448,637,0.703,276,968,305,161,80,354,430
274,South Dakota,27,10,17,0.37,-11.89,-4.39,3.0,9.0,7,5,2,11,2063,2137,1100,787,1761,0.447,239,663,0.36,324,454,0.714,292,944,371,176,99,243,461
275,South Dakota State,27,15,12,0.556,-1.27,-2.39,8.0,4.0,9,3,4,5,2072,1963,1090,678,1622,0.418,267,760,0.351,340,450,0.756,252,931,344,187,87,311,474
276,South Florida,24,19,5,0.792,6.72,0.05,12.0,1.0,13,2,5,3,1811,1651,960,587,1384,0.424,163,523,0.312,314,465,0.675,257,863,306,147,74,308,441
277,Southeast Missouri State,27,8,19,0.296,-17.75,-6.18,3.0,11.0,8,5,0,13,1825,1975,1085,706,1515,0.466,135,440,0.307,428,624,0.686,242,962,339,188,86,344,438
278,Southeastern Louisiana,27,13,14,0.481,-9.29,-4.0,8.0,6.0,8,3,5,9,1871,1910,1090,674,1558,0.433,225,686,0.328,337,462,0.729,292,903,408,186,88,322,438
279,Southern,26,16,10,0.615,-6.73,-4.04,10.0,3.0,10,0,6,10,1920,1828,1050,610,1388,0.439,165,525,0.314,443,624,0.71,244,896,341,172,84,453,459
280,Southern California,26,10,16,0.385,7.83,8.68,4.0,11.0,7,6,1,8,1942,1964,1060,686,1591,0.431,226,617,0.366,366,498,0.735,312,965,409,180,95,346,447
281,Southern Illinois,27,17,10,0.63,5.46,0.54,9.0,7.0,12,4,4,5,1969,1810,1090,655,1466,0.447,135,462,0.292,365,518,0.705,222,847,291,154,94,295,475
282,SIU Edwardsville,27,15,12,0.556,-7.59,-6.67,8.0,6.0,12,2,1,10,1936,1866,1080,650,1504,0.432,206,576,0.358,360,499,0.721,271,932,350,146,90,335,448
283,Southern Indiana,28,8,20,0.286,-12.43,-4.23,5.0,10.0,5,8,3,12,1926,2038,1125,666,1570,0.424,191,580,0.329,515,708,0.727,272,990,343,187,94,327,518
284,Southern Methodist,26,19,7,0.731,14.42,2.62,10.0,3.0,13,2,5,4,2022,1708,1040,607,1525,0.398,166,558,0.297,328,475,0.691,307,882,337,189,133,343,386
285,Southern Mississippi,27,15,12,0.556,-4.44,-2.56,8.0,6.0,10,2,5,7,1900,1894,1080,678,1587,0.427,194,567,0.342,344,509,0.676,299,984,334,210,78,330,465
286,Southern Utah,26,9,17,0.346,-4.59,-0.63,4.0,11.0,6,6,2,11,1962,2005,1045,753,1597,0.472,144,446,0.323,355,501,0.709,301,978,338,176,95,326,513
287,St. Bonaventure,25,16,9,0.64,9.05,2.05,7.0,6.0,10,3,4,4,1861,1686,1005,596,1351,0.441,171,538,0.318,323,467,0.692,223,782,330,118,70,324,398
288,St. John's (NY),26,14,12,0.538,14.73,9.46,6.0,9.0,10,4,2,6,1979,1842,1040,637,1498,0.425,174,528,0.33,394,540,0.73,285,901,333,176,85,340,410
289,St. Thomas,27,17,10,0.63,-0.8,-5.42,7.0,5.0,10,2,6,7,1992,1763,1085,639,1438,0.444,185,551,0.336,300,420,0.714,223,852,314,134,67,329,449
290,Stanford,25,12,13,0.48,9.04,7.56,7.0,8.0,9,4,3,6,1937,1900,1015,708,1584,0.447,203,584,0.348,281,410,0.685,241,872,311,181,71,272,411
291,Stephen F. Austin,25,14,11,0.56,0.64,-2.06,7.0,7.0,8,5,4,5,1923,1776,1020,564,1370,0.412,185,500,0.37,463,642,0.721,256,797,300,209,86,436,515
292,Stetson,27,17,10,0.63,-3.93,-2.51,9.0,3.0,10,1,5,9,2066,1920,1085,720,1663,0.433,211,639,0.33,269,383,0.702,295,931,379,162,74,259,420
293,Stonehill,28,3,25,0.107,-19.67,-5.27,1.0,12.0,3,7,0,18,1777,2139,1125,742,1702,0.436,279,805,0.347,376,509,0.739,321,1102,460,227,116,344,394
294,Stony Brook,27,14,13,0.519,-4.72,-2.37,7.0,7.0,10,3,4,10,1945,1965,1095,711,1640,0.434,248,693,0.358,295,425,0.694,292,1001,419,156,65,297,415
295,Syracuse,27,17,10,0.63,8.7,9.31,8.0,8.0,12,2,3,6,2048,2015,1080,748,1662,0.45,210,626,0.335,309,436,0.709,313,1039,378,168,83,403,436
296,Tarleton State,25,18,7,0.72,-0.26,-0.54,11.0,3.0,8,2,8,5,1808,1687,1005,587,1363,0.431,169,504,0.335,344,502,0.685,278,863,298,146,98,367,420
297,TCU,26,18,8,0.692,15.8,5.64,7.0,6.0,11,2,5,4,2119,1855,1060,660,1498,0.441,167,523,0.319,368,518,0.71,259,831,373,180,91,390,466
298,Temple,26,9,17,0.346,-2.49,1.79,2.0,11.0,5,7,2,7,1851,1928,1065,668,1511,0.442,197,601,0.328,395,533,0.741,270,1010,365,157,91,329,433
299,Tennessee,26,20,6,0.769,21.56,8.67,10.0,3.0,12,1,6,3,2081,1746,1040,584,1519,0.384,191,610,0.313,387,551,0.702,289,907,279,170,72,348,469
300,Tennessee State,27,15,12,0.556,-9.12,-7.12,8.0,6.0,9,3,5,8,1962,1893,1085,641,1518,0.422,165,502,0.329,446,619,0.721,293,950,307,180,98,361,457
301,Tennessee Tech,27,9,18,0.333,-14.19,-5.74,4.0,10.0,6,7,3,11,1825,1983,1090,745,1621,0.46,210,601,0.349,283,369,0.767,253,974,406,180,87,292,431
302,Tennessee-Martin,27,17,10,0.63,-5.77,-5.73,10.0,4.0,10,2,7,7,2167,2061,1090,759,1834,0.414,240,745,0.322,303,415,0.73,298,1033,390,195,117,294,466
303,Texas,26,17,9,0.654,15.84,8.08,6.0,7.0,12,4,3,4,1967,1765,1045,635,1495,0.425,166,485,0.342,329,474,0.694,280,879,298,173,99,332,422
304,Texas A&M,26,15,11,0.577,12.42,8.12,6.0,7.0,9,4,4,5,1926,1814,1045,623,1493,0.417,224,657,0.341,344,476,0.723,263,875,363,135,144,299,510
305,Texas A&M-Commerce,27,10,17,0.37,-13.02,-2.68,4.0,10.0,7,6,3,11,1937,2006,1110,703,1550,0.454,163,482,0.338,437,601,0.727,295,1039,348,151,97,373,386
306,Texas A&M-Corpus Christi,26,16,10,0.615,-3.74,-5.05,9.0,4.0,10,2,6,7,1954,1726,1050,551,1361,0.405,155,512,0.303,469,651,0.72,212,875,286,176,114,393,484
307,Texas Southern,24,10,14,0.417,-9.38,-4.43,8.0,5.0,5,3,4,10,1632,1710,965,587,1374,0.427,165,499,0.331,371,534,0.695,263,900,314,164,90,307,402
308,Texas State,27,11,16,0.407,-5.3,0.54,4.0,10.0,7,4,4,10,1837,1892,1080,663,1509,0.439,164,523,0.314,402,551,0.73,262,901,318,203,106,328,462
309,Texas Tech,26,19,7,0.731,16.2,8.39,8.0,5.0,14,1,2,5,1990,1787,1045,659,1554,0.424,195,595,0.328,274,393,0.697,295,884,307,152,91,301,440
310,Texas-Rio Grande Valley,25,6,19,0.24,-11.54,-0.93,2.0,12.0,5,7,1,10,1838,2012,1010,714,1540,0.464,170,501,0.339,414,558,0.742,294,991,414,195,114,384,509
311,The Citadel,27,10,17,0.37,-6.06,-3.27,2.0,12.0,6,6,2,11,1892,1883,1085,713,1595,0.447,222,647,0.343,235,325,0.723,233,867,392,180,105,293,448
312,Toledo,26,17,9,0.654,2.63,-0.75,11.0,2.0,11,2,6,4,2093,2005,1050,757,1550,0.488,201,577,0.348,290,401,0.723,240,868,360,157,104,342,467
313,Towson,27,16,11,0.593,-0.06,-1.87,9.0,5.0,11,1,5,5,1823,1725,1095,620,1459,0.425,169,528,0.32,316,456,0.693,249,851,298,161,97,302,431
314,Troy,27,18,9,0.667,2.54,-2.67,11.0,3.0,15,2,3,7,2157,1875,1095,650,1554,0.418,184,524,0.351,391,571,0.685,290,933,292,208,111,402,481
315,Tulane,25,13,12,0.52,4.73,2.1,4.0,9.0,10,4,2,6,2096,2003,1020,703,1636,0.43,238,697,0.341,359,509,0.705,332,1004,394,162,89,334,500
316,Tulsa,25,13,12,0.52,-0.21,-0.96,4.0,9.0,12,4,1,7,1893,1834,1015,647,1533,0.422,187,590,0.317,353,504,0.7,296,958,329,180,62,337,472
317,UAB,25,17,8,0.68,5.01,4.13,9.0,3.0,11,3,5,4,1920,1863,1020,673,1525,0.441,187,560,0.334,330,457,0.722,284,875,325,184,107,293,467
318,UC Davis,26,15,11,0.577,-1.16,-2.7,10.0,5.0,9,6,5,5,1858,1763,1050,607,1420,0.427,153,480,0.319,396,543,0.729,261,877,292,182,74,394,493
319,UC Irvine,26,19,7,0.731,7.48,-0.24,12.0,2.0,10,0,6,7,1982,1729,1045,610,1507,0.405,150,460,0.326,359,502,0.715,267,856,300,157,93,332,449
320,UC Riverside,27,12,15,0.444,-4.01,0.03,7.0,8.0,9,3,2,12,1867,1915,1081,681,1501,0.454,177,497,0.356,376,515,0.73,217,962,372,134,100,292,445
321,UC San Diego,26,17,9,0.654,4.26,-1.61,11.0,3.0,12,1,5,7,1995,1764,1050,653,1510,0.432,183,543,0.337,275,398,0.691,256,897,320,110,93,312,441
322,UC Santa Barbara,25,14,11,0.56,-1.11,-2.24,7.0,8.0,8,6,5,5,1891,1803,1005,678,1506,0.45,162,510,0.318,285,425,0.671,228,777,301,173,68,245,448
323,Central Florida,25,13,12,0.52,11.68,6.76,4.0,9.0,10,5,1,7,1797,1674,1005,558,1370,0.407,172,516,0.333,386,524,0.737,236,879,321,175,87,365,441
324,UCLA,26,14,12,0.538,8.37,7.29,9.0,6.0,8,5,5,4,1722,1667,1040,571,1377,0.415,194,603,0.322,331,470,0.704,228,833,281,141,68,317,493
325,UNC Asheville,28,19,9,0.679,-0.43,-2.03,11.0,2.0,12,1,4,6,2257,2053,1130,731,1707,0.428,190,623,0.305,401,562,0.714,319,973,332,176,89,358,579
326,UNC Greensboro,27,19,8,0.704,0.41,-1.87,10.0,4.0,9,3,7,5,2052,1885,1090,629,1550,0.406,227,711,0.319,400,546,0.733,278,924,308,158,75,307,429
327,UNC Wilmington,26,19,7,0.731,2.59,-2.36,10.0,4.0,9,1,9,5,2091,1833,1050,658,1493,0.441,191,549,0.348,326,470,0.694,267,900,291,107,72,314,468
328,UT Arlington,26,13,13,0.5,0.27,1.43,8.0,7.0,9,3,3,10,1934,1894,1045,636,1516,0.42,184,524,0.351,438,600,0.73,276,891,352,204,92,361,502
329,Utah,26,16,10,0.615,15.44,10.02,7.0,8.0,12,2,2,6,2035,1894,1055,701,1662,0.422,213,616,0.346,279,417,0.669,279,959,370,166,86,273,445
330,Utah State,27,22,5,0.815,13.31,5.47,10.0,4.0,12,1,6,4,2150,1870,1090,673,1568,0.429,159,573,0.277,365,501,0.729,242,872,331,177,64,332,492
331,Utah Tech,26,10,16,0.385,-7.27,-0.47,6.0,9.0,6,5,4,11,1813,1971,1050,671,1540,0.436,192,578,0.332,437,623,0.701,309,969,337,216,100,350,499
332,Utah Valley,26,12,14,0.462,-0.77,1.11,7.0,8.0,8,3,3,10,1793,1795,1045,632,1492,0.424,165,516,0.32,366,532,0.688,255,942,358,180,97,337,479
333,UTEP,26,13,13,0.5,-2.23,-1.23,4.0,7.0,12,3,0,9,1933,1828,1050,622,1369,0.454,147,457,0.322,437,611,0.715,258,912,292,193,93,501,525
334,UTSA,26,8,18,0.308,-7.22,-1.1,2.0,11.0,6,7,2,11,2049,2169,1060,758,1660,0.457,239,624,0.383,414,587,0.705,291,998,411,158,114,246,472
335,Valparaiso,27,6,21,0.222,-7.42,1.24,2.0,14.0,5,10,1,11,1841,2027,1080,740,1576,0.47,196,549,0.357,351,510,0.688,287,1054,401,169,70,339,426
336,Vanderbilt,25,7,18,0.28,-0.37,7.59,2.0,10.0,7,8,0,7,1658,1857,1000,658,1458,0.451,214,562,0.381,327,424,0.771,244,924,361,149,85,265,437
337,Vermont,27,21,6,0.778,2.46,-3.78,11.0,1.0,11,1,8,4,1951,1695,1085,629,1537,0.409,172,537,0.32,265,383,0.692,219,894,270,133,75,260,398
338,Villanova,26,15,11,0.577,15.69,9.23,8.0,7.0,9,4,3,6,1881,1713,1065,612,1479,0.414,207,638,0.324,282,394,0.716,224,875,342,143,103,286,383
339,Virginia,27,20,7,0.741,11.22,5.67,11.0,5.0,14,1,4,5,1731,1581,1085,563,1413,0.398,179,571,0.313,274,373,0.735,254,913,294,140,75,344,352
340,Virginia Commonwealth,26,17,9,0.654,8.64,3.22,9.0,4.0,11,5,5,2,1862,1721,1045,592,1477,0.401,153,525,0.291,384,518,0.741,256,857,271,193,62,280,454
341,VMI,27,4,23,0.148,-18.9,-2.4,1.0,13.0,4,8,0,13,1898,2206,1085,809,1773,0.456,245,699,0.351,343,526,0.652,308,1045,410,241,87,316,428
342,Virginia Tech,26,15,11,0.577,12.85,7.81,7.0,8.0,12,2,1,7,1940,1809,1040,658,1483,0.444,170,507,0.335,323,445,0.726,237,821,325,168,77,309,442
343,Wagner,24,12,12,0.5,-11.67,-9.13,6.0,6.0,6,3,6,9,1536,1508,975,551,1287,0.428,158,524,0.302,248,372,0.667,213,842,331,114,77,278,330
344,Wake Forest,26,17,9,0.654,16.56,6.48,9.0,6.0,14,0,2,7,2065,1803,1050,655,1550,0.423,158,504,0.313,335,464,0.722,245,860,271,152,98,297,460
345,Washington,26,14,12,0.538,12.61,8.18,6.0,9.0,10,5,3,5,2103,1988,1060,710,1614,0.44,189,568,0.333,379,545,0.695,283,926,355,163,86,310,490
346,Washington State,26,20,6,0.769,14.86,5.86,11.0,4.0,13,1,5,3,1963,1729,1050,604,1481,0.408,154,478,0.322,367,487,0.754,235,830,271,136,72,276,449
347,Weber State,27,18,9,0.667,1.82,-2.93,9.0,5.0,10,2,7,5,2036,1775,1085,658,1466,0.449,172,528,0.326,287,406,0.707,200,862,336,136,75,337,482
348,West Virginia,26,9,17,0.346,4.48,10.25,4.0,9.0,9,7,0,6,1788,1938,1045,698,1605,0.435,226,674,0.335,316,432,0.731,277,937,386,194,109,267,475
349,Western Carolina,27,19,8,0.704,1.47,-2.82,8.0,6.0,11,3,8,5,2067,1857,1090,677,1645,0.412,157,479,0.328,346,502,0.689,266,954,236,146,76,262,447
350,Western Illinois,27,17,10,0.63,-7.4,-6.66,10.0,4.0,7,4,10,6,1869,1741,1090,656,1621,0.405,145,500,0.29,284,395,0.719,270,886,282,195,83,282,444
351,Western Kentucky,26,19,7,0.731,1.24,-3.11,8.0,4.0,12,1,6,4,2089,1919,1041,683,1667,0.41,198,668,0.296,355,508,0.699,287,956,333,198,104,368,465
352,Western Michigan,26,9,17,0.346,-9.28,-2.88,6.0,7.0,5,6,2,11,1835,1939,1050,692,1550,0.446,205,602,0.341,350,493,0.71,277,914,365,182,61,296,455
353,Wichita State,26,10,16,0.385,1.52,4.28,2.0,11.0,8,4,1,9,1875,1914,1045,694,1648,0.421,216,652,0.331,310,419,0.74,283,929,362,211,94,265,388
354,William & Mary,27,8,19,0.296,-11.4,-4.88,3.0,11.0,6,6,2,11,1887,1946,1085,688,1547,0.445,191,578,0.33,379,521,0.727,258,964,319,160,98,268,466
355,Winthrop,27,16,11,0.593,0.02,-3.06,7.0,5.0,10,3,6,8,2121,1901,1105,654,1575,0.415,203,672,0.302,390,518,0.753,304,920,323,181,112,368,588
356,Wisconsin,27,18,9,0.667,16.33,10.7,10.0,6.0,13,2,3,7,2006,1854,1090,669,1476,0.453,186,512,0.363,330,463,0.713,201,808,300,129,104,297,512
357,Wofford,27,15,12,0.556,-3.21,-1.09,8.0,6.0,10,2,5,7,2030,1993,1100,691,1588,0.435,228,652,0.35,383,515,0.744,230,887,343,179,76,258,454
358,Wright State,27,15,12,0.556,-0.25,-2.81,10.0,6.0,8,5,5,6,2310,2180,1085,795,1680,0.473,234,644,0.363,356,500,0.712,271,871,366,193,73,319,485
359,Wyoming,26,13,13,0.5,-0.28,5.26,6.0,7.0,8,3,2,9,1895,1959,1045,722,1577,0.458,215,633,0.34,300,410,0.732,258,852,345,222,108,290,513
360,Xavier,25,13,12,0.52,13.54,10.82,7.0,7.0,10,5,2,6,1893,1825,1000,654,1550,0.422,179,544,0.329,338,472,0.716,280,904,400,160,117,284,457
361,Yale,24,17,7,0.708,4.81,0.35,8.0,1.0,7,1,8,5,1812,1606,975,574,1385,0.414,191,578,0.33,267,352,0.759,191,765,329,127,80,255,377
362,Youngstown State,28,19,9,0.679,2.17,-4.16,11.0,6.0,13,2,6,7,2304,1993,1125,722,1719,0.42,211,626,0.337,338,486,0.695,287,951,390,168,79,334,478
