Rk,School,Conf,AP_Rank,W,L,Pts,Opp,MOV,SOS,OSRS,DSRS,SRS,Adj_ORtg,Adj_DRtg,Adj_NRtg
1,Houston,Big 12,1.0,30,3,74.0,56.6,17.39,9.91,6.65,20.66,27.31,121.05,80.07,40.98
2,Arizona,Pac-12,5.0,25,8,87.9,72.2,15.7,9.7,19.53,5.87,25.4,122.91,88.84,34.08
3,Purdue,Big Ten,3.0,29,3,83.7,70.0,13.69,11.4,15.77,9.32,25.09,126.98,91.65,35.33
4,Connecticut,Big East,2.0,30,3,81.7,64.6,17.09,7.37,12.09,12.37,24.46,126.74,91.61,35.13
5,Auburn,SEC,13.0,25,7,83.6,68.1,15.44,7.63,14.03,9.04,23.07,121.85,89.46,32.38
6,Iowa State,Big 12,6.0,26,7,75.8,61.9,13.85,8.29,7.72,14.42,22.14,116.1,84.55,31.55
7,Tennessee,SEC,4.0,24,8,79.5,67.9,11.59,10.23,10.34,11.49,21.83,117.83,87.19,30.64
8,North Carolina,ACC,7.0,27,6,81.6,69.8,11.82,9.71,13.43,8.1,21.53,119.16,88.99,30.18
9,Alabama,SEC,16.0,21,11,90.8,81.1,9.69,11.46,22.18,-1.04,21.15,126.81,97.26,29.55
10,Brigham Young,Big 12,20.0,23,10,81.8,69.9,11.94,8.43,13.63,6.74,20.37,121.86,93.02,28.84
11,Duke,ACC,9.0,24,8,79.8,67.4,12.41,7.87,11.13,9.15,20.28,122.96,93.24,29.72
12,Baylor,Big 12,11.0,23,10,80.5,71.2,9.33,11.43,13.23,7.01,20.24,125.32,96.01,29.31
13,Creighton,Big East,10.0,23,9,80.5,69.7,10.81,9.27,12.22,7.87,20.08,122.34,93.35,28.99
14,Marquette,Big East,8.0,25,8,78.9,69.6,9.33,10.59,11.96,7.97,19.93,120.28,92.3,27.98
15,Illinois,Big Ten,12.0,24,8,83.7,73.0,10.75,8.9,15.98,3.67,19.65,123.48,96.04,27.45
16,Michigan State,Big Ten,,19,14,73.1,65.9,7.18,10.74,4.46,13.47,17.92,114.77,89.55,25.22
17,Kansas,Big 12,14.0,22,10,75.3,68.7,6.56,11.78,8.54,9.15,17.68,115.42,90.27,25.15
18,Kentucky,SEC,15.0,23,9,89.4,79.7,9.75,7.93,19.95,-2.27,17.68,122.54,98.42,24.12
19,Gonzaga,WCC,19.0,25,7,84.9,69.0,15.91,3.05,12.57,4.77,17.34,121.15,96.52,24.62
20,Saint Mary's (CA),WCC,23.0,26,7,74.2,58.7,15.52,3.45,1.69,15.29,16.98,115.33,89.29,26.03
21,Wisconsin,Big Ten,,21,12,74.7,69.1,5.58,11.1,8.22,8.46,16.68,120.58,95.76,24.82
22,Colorado,Pac-12,,24,9,79.6,71.1,8.58,7.79,10.27,6.09,16.36,118.33,95.23,23.1
23,St. John's (NY),Big East,,20,13,78.8,71.9,6.91,9.42,10.87,5.46,16.32,118.19,94.81,23.38
24,Texas,Big 12,,20,12,76.5,69.9,6.66,9.47,8.75,7.38,16.13,117.62,94.27,23.35
25,Texas Tech,Big 12,,23,10,75.6,69.3,6.24,9.82,8.07,7.98,16.06,118.63,95.18,23.46
26,New Mexico,MWC,,24,9,82.4,71.1,11.27,5.22,12.8,3.09,15.89,110.84,89.46,21.37
27,Florida,SEC,,23,10,85.4,78.0,7.42,8.34,15.96,-0.19,15.77,119.13,97.49,21.64
28,TCU,Big 12,,21,12,79.2,71.2,8.0,7.71,11.06,4.65,15.71,115.08,93.58,21.5
29,Cincinnati,Big 12,,20,14,74.6,67.9,6.74,8.9,6.44,9.2,15.64,113.94,91.68,22.26
30,San Diego State,MWC,21.0,24,9,75.0,66.5,8.48,8.24,5.7,9.83,15.53,113.35,90.66,22.69
31,Nebraska,Big Ten,,23,9,77.3,69.2,8.06,7.26,8.71,6.62,15.33,115.41,93.75,21.67
32,Oklahoma,Big 12,,20,12,75.4,68.8,6.59,8.6,7.07,8.12,15.19,116.25,94.71,21.53
33,Wake Forest,ACC,,20,13,78.2,70.5,7.73,7.47,10.1,5.09,15.19,118.08,96.17,21.92
34,Utah,Pac-12,,19,14,78.1,72.6,5.42,9.64,10.08,4.99,15.07,114.86,93.69,21.17
35,Clemson,ACC,,21,11,77.4,71.3,6.09,8.86,8.16,6.8,14.95,118.22,96.81,21.41
36,Mississippi State,SEC,,21,12,75.0,68.9,6.09,8.83,5.31,9.61,14.92,113.0,92.03,20.96
37,Villanova,Big East,,18,15,70.5,65.5,5.03,9.83,2.41,12.45,14.86,112.94,91.12,21.82
38,Pittsburgh,ACC,,22,11,75.6,67.6,7.97,6.88,5.81,9.03,14.85,116.23,95.25,20.98
39,Florida Atlantic,AAC,,25,7,82.8,73.3,9.59,4.81,12.0,2.4,14.4,119.63,99.07,20.55
40,Washington State,Pac-12,18.0,24,9,74.3,66.9,7.42,6.89,3.91,10.41,14.32,114.34,93.78,20.56
41,Ohio State,Big Ten,,20,13,74.9,69.5,5.42,8.71,6.11,8.02,14.13,116.11,96.13,19.98
42,Boise State,MWC,,22,10,75.8,67.5,8.28,7.47,6.33,7.54,13.87,115.69,94.69,21.0
43,Dayton,A-10,25.0,24,7,74.7,66.3,8.45,5.13,5.41,8.17,13.58,118.74,98.3,20.44
44,Colorado State,MWC,,24,9,76.8,68.2,8.64,7.42,5.47,8.04,13.51,113.04,92.87,20.17
45,Nevada,MWC,,26,7,76.4,67.1,9.36,4.78,5.86,7.55,13.41,114.29,94.73,19.56
46,Iowa,Big Ten,,18,14,82.9,79.0,3.97,9.27,14.58,-1.34,13.24,119.37,101.41,17.96
47,Texas A&M,SEC,,20,13,74.3,70.1,4.24,8.92,4.9,8.27,13.17,115.2,95.84,19.36
48,Central Florida,Big 12,,17,15,71.5,67.5,4.06,8.8,3.59,9.27,12.86,108.05,90.06,17.99
49,Indiana State,MVC,,28,6,84.4,72.0,12.41,0.91,12.01,0.78,12.79,117.45,99.76,17.69
50,Northwestern,Big Ten,,21,11,73.7,69.0,4.69,8.09,4.99,7.79,12.78,116.93,98.16,18.78
51,Providence,Big East,,21,13,72.9,69.0,3.88,8.85,3.92,8.81,12.73,109.05,91.28,17.77
52,Xavier,Big East,,16,17,75.8,74.5,1.3,11.01,8.61,3.71,12.32,112.24,94.57,17.67
53,Butler,Big East,,18,14,77.3,73.7,3.53,9.48,8.61,3.68,12.29,113.23,96.16,17.06
54,Utah State,MWC,22.0,27,6,79.8,70.3,9.52,4.79,9.11,3.1,12.21,114.54,96.95,17.59
55,Washington,Pac-12,,17,15,80.6,77.1,3.47,8.66,12.15,-0.02,12.13,114.62,97.48,17.15
56,Oregon,Pac-12,,22,11,75.3,72.0,3.36,8.62,6.2,5.79,11.98,114.45,97.35,17.1
57,Kansas State,Big 12,,19,14,71.9,70.5,1.39,10.42,4.75,7.06,11.81,109.83,92.85,16.99
58,Virginia Tech,ACC,,18,14,75.0,71.1,3.94,7.87,7.07,4.74,11.81,116.43,98.79,17.64
59,South Carolina,SEC,17.0,26,7,72.0,67.0,5.06,6.51,1.56,10.02,11.58,113.72,96.72,17.0
60,Seton Hall,Big East,,20,12,72.8,70.2,2.63,8.77,4.08,7.31,11.4,112.51,96.33,16.18
61,Drake,MVC,,28,6,80.5,70.5,9.97,1.54,8.47,2.73,11.2,115.27,99.02,16.24
62,NC State,ACC,,21,14,76.1,72.6,3.54,7.59,7.58,3.55,11.13,114.54,98.62,15.92
63,Virginia,ACC,,23,10,63.6,59.6,4.0,7.01,-6.48,17.48,11.01,106.31,89.8,16.51
64,Maryland,Big Ten,,16,17,69.0,65.9,3.15,7.72,0.24,10.63,10.87,107.39,92.21,15.18
65,Southern Methodist,AAC,,20,12,76.3,67.8,8.53,2.51,4.47,6.23,10.7,110.85,95.63,15.21
66,Minnesota,Big Ten,,18,14,75.4,71.8,3.66,6.28,5.66,4.28,9.94,113.51,99.73,13.78
67,Grand Canyon,WAC,,28,4,79.5,66.7,12.81,-1.78,5.15,4.68,9.84,111.56,97.02,14.55
68,San Francisco,WCC,,23,10,77.9,66.3,11.58,-0.07,3.54,6.18,9.72,111.77,96.79,14.97
69,Bradley,MVC,,22,11,74.6,67.0,7.55,2.58,3.69,5.98,9.67,112.4,98.17,14.23
70,Miami (FL),ACC,,15,17,75.8,73.6,2.13,7.48,6.45,3.16,9.6,111.53,99.0,12.53
71,Southern California,Pac-12,,15,18,74.1,74.3,-0.18,9.79,5.57,4.03,9.6,110.48,97.11,13.37
72,Florida State,ACC,,17,16,76.5,76.3,0.24,9.28,7.65,1.87,9.52,110.63,97.26,13.37
73,Boston College,ACC,,19,15,74.6,72.1,2.47,7.01,5.8,3.67,9.48,113.21,99.61,13.6
74,Penn State,Big Ten,,16,17,75.1,73.4,1.7,7.79,6.68,2.8,9.48,111.01,97.54,13.48
75,Memphis,AAC,,22,10,80.5,75.8,4.75,4.52,10.13,-0.86,9.27,112.62,99.5,13.12
76,Nevada-Las Vegas,MWC,,19,12,73.2,67.8,5.39,6.39,2.77,6.21,8.97,111.8,98.2,13.6
77,Virginia Commonwealth,A-10,,21,12,72.3,67.2,5.12,3.77,1.63,7.26,8.89,110.03,96.83,13.2
78,North Texas,AAC,,18,14,69.1,63.1,5.97,4.23,-3.28,12.14,8.86,109.5,95.98,13.52
79,James Madison,Sun Belt,,31,3,84.4,69.2,15.18,-4.77,7.93,0.78,8.72,111.64,99.62,12.02
80,Louisiana State,SEC,,17,15,76.3,74.7,1.66,7.02,6.5,2.18,8.67,110.7,98.36,12.34
81,Georgia,SEC,,17,16,74.8,74.6,0.21,8.37,4.37,4.21,8.58,108.75,96.46,12.29
82,Mississippi,SEC,,20,12,74.9,73.9,1.03,7.55,5.07,3.5,8.58,112.79,100.65,12.14
83,Syracuse,ACC,,20,12,76.3,75.6,0.69,9.21,6.75,1.6,8.34,110.35,98.2,12.16
84,Richmond,A-10,,23,9,72.3,66.1,6.25,2.07,0.92,7.4,8.32,108.07,96.06,12.01
85,Indiana,Big Ten,,19,14,72.3,74.3,-2.0,10.06,4.16,3.91,8.06,109.87,98.3,11.57
86,Massachusetts,A-10,,20,11,77.5,70.7,6.71,1.16,5.43,2.44,7.87,111.1,99.98,11.11
87,South Florida,AAC,24.0,24,6,75.6,68.3,7.33,0.49,2.89,4.94,7.82,109.21,97.9,11.31
88,UCLA,Pac-12,,16,17,66.0,65.5,0.52,8.11,-3.58,11.34,7.77,107.46,96.23,11.24
89,Rutgers,Big Ten,,15,17,65.4,66.5,-1.16,8.87,-3.0,10.71,7.72,100.09,89.3,10.78
90,Princeton,Ivy,,24,3,76.9,65.1,11.81,-1.74,3.08,4.63,7.71,116.39,104.17,12.22
91,Stanford,Pac-12,,14,18,76.3,76.5,-0.13,7.82,7.09,0.6,7.69,110.69,100.34,10.34
92,St. Bonaventure,A-10,,20,12,73.9,68.6,5.28,2.1,3.03,4.35,7.38,112.83,101.87,10.96
93,UC Irvine,Big West,,24,9,77.7,67.8,9.91,-1.01,3.54,3.79,7.33,108.07,97.87,10.2
94,McNeese State,Southland,,30,3,80.4,61.5,18.91,-7.24,1.8,5.38,7.17,113.56,101.83,11.73
95,Loyola (IL),A-10,,23,9,73.4,67.3,6.13,2.47,1.11,6.04,7.15,104.59,93.86,10.73
96,Duquesne,A-10,,22,11,71.2,66.7,4.55,3.9,-0.11,7.2,7.09,106.53,96.18,10.35
97,Saint Joseph's,A-10,,21,12,76.0,70.5,5.48,1.45,4.77,2.17,6.94,110.79,100.55,10.24
98,Oklahoma State,Big 12,,12,20,71.0,72.7,-1.72,8.57,2.92,3.92,6.85,109.22,99.75,9.48
99,George Mason,A-10,,20,12,71.0,65.9,5.13,2.17,-1.25,7.93,6.68,109.27,99.04,10.23
100,Appalachian State,Sun Belt,,27,6,78.5,66.5,11.91,-2.54,1.69,4.77,6.46,106.12,96.58,9.54
101,Arkansas,SEC,,16,17,77.8,79.8,-2.03,8.46,7.73,-1.3,6.43,109.67,100.88,8.79
102,Samford,Southern,,29,5,86.0,73.9,12.03,-3.66,10.19,-3.88,6.31,111.43,103.44,7.99
103,Michigan,Big Ten,,8,24,72.9,79.0,-6.06,11.68,5.13,0.49,5.62,110.87,103.34,7.53
104,Santa Clara,WCC,,20,13,76.9,72.2,4.67,1.96,4.75,0.86,5.61,109.06,101.26,7.8
105,California,Pac-12,,13,19,74.0,77.0,-3.06,8.35,4.94,0.34,5.29,108.83,100.86,7.97
106,Louisiana Tech,CUSA,,22,10,74.8,64.5,10.22,-1.45,-0.62,5.68,5.06,105.85,97.89,7.95
107,Notre Dame,ACC,,13,20,64.0,67.2,-3.12,8.1,-4.34,9.32,4.98,102.93,95.96,6.98
108,Arizona State,Pac-12,,14,18,69.0,74.0,-4.97,9.9,0.49,4.45,4.93,103.58,96.81,6.77
109,Yale,Ivy,,20,9,75.8,67.1,8.69,-0.6,0.86,3.88,4.73,108.8,101.47,7.33
110,Georgia Tech,ACC,,14,18,71.0,75.2,-4.22,8.81,3.17,1.42,4.59,108.32,101.93,6.39
111,UAB,AAC,,21,11,77.1,75.2,1.94,3.72,5.3,-0.73,4.56,110.72,104.1,6.62
112,Charlotte,AAC,,19,12,68.7,65.6,3.13,2.77,-3.24,7.67,4.43,108.11,101.39,6.72
113,West Virginia,Big 12,,9,23,69.8,76.8,-7.03,11.32,3.77,0.52,4.29,109.21,102.95,6.26
114,Southern Illinois,MVC,,19,13,72.7,68.2,4.44,0.69,-0.24,4.52,4.28,108.86,102.35,6.52
115,College of Charleston,CAA,,27,7,80.5,72.5,7.94,-2.81,6.87,-2.62,4.25,111.01,104.7,6.31
116,Cornell,Ivy,,22,6,83.0,74.4,8.54,-2.16,8.73,-4.65,4.07,111.65,106.14,5.51
117,Northern Iowa,MVC,,19,14,73.2,71.1,2.15,3.05,1.37,2.65,4.02,108.35,102.66,5.69
118,Tulane,AAC,,14,17,81.9,80.0,1.9,3.03,10.78,-6.78,3.99,110.63,105.16,5.47
119,Davidson,A-10,,15,17,70.1,67.9,2.13,3.55,-1.38,5.26,3.88,105.69,99.62,6.07
120,Oregon State,Pac-12,,13,19,68.9,72.7,-3.81,8.69,0.05,3.54,3.59,106.66,102.55,4.12
121,Missouri,SEC,,8,24,72.2,76.2,-4.03,7.58,1.73,1.81,3.54,108.66,103.73,4.92
122,Seattle,WAC,,19,14,73.6,67.4,6.21,-1.3,-0.2,3.58,3.38,104.27,98.9,5.37
123,Akron,MAC,,23,10,74.4,66.0,8.39,-2.54,-1.68,4.81,3.14,105.93,101.24,4.69
124,Belmont,MVC,,20,13,77.9,75.5,2.33,1.61,5.5,-2.55,2.95,108.11,103.86,4.25
125,Vermont,AEC,,27,6,72.5,63.0,9.48,-4.0,-4.73,7.6,2.87,105.33,100.54,4.79
126,UC San Diego,Big West,,21,11,76.7,69.2,7.56,-2.21,1.44,1.42,2.85,109.31,105.21,4.1
127,UT Arlington,WAC,,20,13,77.0,72.8,4.15,0.43,4.47,-1.81,2.66,107.44,103.29,4.15
128,Hofstra,CAA,,20,13,74.2,68.5,5.76,-1.75,-0.89,3.43,2.53,106.37,102.23,4.15
129,Wichita State,AAC,,15,19,72.8,73.1,-0.26,3.53,0.18,2.17,2.35,103.94,100.44,3.5
130,High Point,Big South,,25,8,84.2,74.2,10.0,-5.05,7.71,-5.44,2.28,112.98,109.33,3.65
131,Western Carolina,Southern,,22,10,76.8,68.7,8.16,-3.14,0.49,1.68,2.17,106.37,103.03,3.34
132,Toledo,MAC,,20,12,80.0,76.1,3.88,-1.85,6.42,-4.39,2.03,111.04,108.06,2.99
133,Liberty,CUSA,,18,14,73.8,65.5,8.31,-1.32,-0.92,2.74,1.82,108.95,105.6,3.36
134,Oakland,Horizon,,23,11,76.4,72.9,3.5,-1.88,1.33,0.29,1.62,107.28,104.99,2.29
135,Troy,Sun Belt,,20,12,79.6,70.7,8.91,-2.89,3.1,-1.58,1.52,104.7,102.43,2.27
136,UNC Wilmington,CAA,,21,10,79.4,71.0,8.35,-2.61,2.23,-0.73,1.5,110.66,107.81,2.86
137,Drexel,CAA,,20,12,73.3,66.6,6.75,-3.34,-2.6,4.04,1.44,105.27,102.41,2.86
138,Western Kentucky,CUSA,,21,11,80.7,74.2,6.5,-3.44,6.07,-4.75,1.32,102.84,101.27,1.57
139,Youngstown State,Horizon,,22,10,81.2,70.9,10.28,-4.84,2.13,-0.9,1.23,104.9,103.32,1.57
140,Missouri State,MVC,,17,16,71.2,71.3,-0.03,1.18,-0.37,1.52,1.15,102.86,101.42,1.44
141,Wyoming,MWC,,15,17,72.8,74.5,-1.63,5.04,1.34,-0.34,1.0,106.44,104.81,1.63
142,Tarleton State,WAC,,23,9,73.5,68.7,4.81,-0.52,-0.34,1.17,0.83,106.8,105.37,1.43
143,Ohio,MAC,,20,13,77.3,70.0,7.33,-4.32,1.49,-0.75,0.75,106.96,105.67,1.29
144,South Dakota State,Summit,,22,12,76.8,70.8,5.94,-3.12,1.37,-0.62,0.75,106.71,104.78,1.93
145,Morehead State,OVC,,26,8,75.5,62.8,12.68,-6.05,-3.48,4.2,0.72,105.68,103.26,2.43
146,Georgetown,Big East,,9,23,70.8,77.9,-7.03,7.66,2.6,-1.98,0.63,109.56,109.45,0.12
147,Murray State,MVC,,12,20,69.8,69.9,-0.16,1.8,-2.29,2.87,0.58,106.86,106.02,0.84
148,Arkansas State,Sun Belt,,18,16,78.7,77.1,1.59,-1.05,4.29,-3.75,0.54,110.82,109.47,1.35
149,Towson,CAA,,20,14,67.5,63.6,3.88,-1.97,-7.35,7.83,0.48,101.3,100.3,1.0
150,Vanderbilt,SEC,,9,23,67.9,75.9,-7.97,8.45,-2.28,2.76,0.48,104.36,104.07,0.29
151,Furman,Southern,,17,16,79.5,75.9,3.55,-1.73,4.22,-3.81,0.41,107.28,106.52,0.76
152,Louisville,ACC,,8,24,72.0,79.1,-7.06,7.46,2.86,-2.46,0.4,105.67,105.57,0.1
153,Hawaii,Big West,,20,14,72.3,68.7,3.56,-2.16,-1.95,2.29,0.34,103.94,103.72,0.22
154,Loyola Marymount,WCC,,12,19,72.4,71.4,0.97,0.48,-1.43,1.54,0.11,107.7,107.97,-0.27
155,Colgate,Patriot,,25,9,71.5,63.2,8.26,-6.07,-3.97,4.06,0.09,102.35,101.87,0.48
156,Wright State,Horizon,,18,14,86.5,81.2,5.25,-3.37,11.58,-11.55,0.03,114.09,114.5,-0.41
157,Weber State,Big Sky,,20,12,75.4,67.5,7.91,-3.65,-0.99,1.0,0.01,107.05,106.96,0.09
158,Chattanooga,Southern,,21,12,78.2,71.6,6.64,-3.66,1.84,-1.85,-0.01,107.97,107.67,0.3
159,UNC Greensboro,Southern,,21,11,75.7,69.8,5.91,-2.69,-1.49,1.44,-0.06,106.68,106.59,0.09
160,Sam Houston,CUSA,,21,12,72.2,69.2,3.0,-1.48,-0.89,0.77,-0.12,103.03,102.7,0.33
161,Purdue Fort Wayne,Horizon,,21,12,80.9,71.4,9.52,-6.2,2.08,-2.25,-0.17,103.04,103.55,-0.5
162,Fordham,A-10,,13,20,70.5,72.4,-1.94,1.7,-0.86,0.62,-0.24,99.88,100.35,-0.47
163,East Carolina,AAC,,15,18,69.3,70.3,-0.97,1.65,-3.17,2.88,-0.29,104.07,104.4,-0.33
164,Louisiana,Sun Belt,,19,14,75.9,71.7,4.21,-2.35,-0.35,0.06,-0.29,103.85,103.84,0.01
165,Montana,Big Sky,,23,11,77.2,71.6,5.65,-3.6,1.27,-1.68,-0.41,109.12,109.51,-0.39
166,Eastern Washington,Big Sky,,21,11,80.8,75.2,5.59,-2.51,5.84,-6.39,-0.55,109.43,109.84,-0.4
167,Kent State,MAC,,17,16,75.2,71.6,3.67,-2.43,0.18,-0.74,-0.56,105.74,106.1,-0.37
168,St. Thomas,Summit,,20,13,72.8,64.8,7.94,-5.38,-5.31,4.73,-0.58,105.09,105.06,0.03
169,UC Davis,Big West,,20,12,71.3,67.9,3.41,-2.46,-3.02,2.26,-0.76,100.61,101.6,-0.99
170,George Washington,A-10,,15,17,76.8,77.3,-0.47,0.2,5.15,-5.92,-0.77,105.41,106.77,-1.36
171,Tulsa,AAC,,16,15,75.0,73.9,1.13,-0.66,1.31,-2.17,-0.86,102.01,102.78,-0.77
172,Stephen F. Austin,WAC,,18,15,74.6,71.3,3.33,-1.71,-0.77,-0.13,-0.9,99.94,101.54,-1.6
173,Long Beach State,Big West,,20,14,77.9,75.9,1.97,-1.55,4.37,-5.42,-1.05,104.55,106.06,-1.51
174,Massachusetts-Lowell,AEC,,22,9,80.6,70.8,9.84,-6.21,2.0,-3.06,-1.07,103.21,104.87,-1.66
175,Temple,AAC,,15,19,70.8,72.5,-1.71,1.56,-1.92,0.81,-1.11,101.56,103.1,-1.53
176,UTEP,CUSA,,18,15,72.7,68.8,3.91,-1.17,-3.28,2.14,-1.14,97.21,98.62,-1.41
177,Illinois State,MVC,,15,17,66.5,67.7,-1.16,0.6,-7.18,5.97,-1.2,101.02,103.02,-2.0
178,Utah Valley,WAC,,16,16,68.7,68.6,0.13,0.0,-4.76,3.46,-1.3,97.33,98.54,-1.21
179,La Salle,A-10,,16,17,72.7,73.1,-0.39,1.1,-0.16,-1.21,-1.36,104.22,105.77,-1.56
180,Saint Louis,A-10,,13,20,74.9,79.4,-4.45,4.35,4.84,-6.21,-1.37,109.72,111.48,-1.76
181,Illinois-Chicago,MVC,,12,21,70.3,71.5,-1.27,1.49,-1.89,0.48,-1.42,99.04,100.98,-1.94
182,Delaware,CAA,,19,14,73.2,69.7,3.55,-4.06,-1.75,0.32,-1.43,102.33,103.95,-1.62
183,Longwood,Big South,,21,13,75.6,67.9,7.62,-5.53,-2.34,0.9,-1.43,103.23,104.89,-1.65
184,Lipscomb,A-Sun,,20,12,82.1,76.5,5.56,-4.68,4.23,-5.8,-1.58,110.0,112.04,-2.04
185,UNC Asheville,Big South,,22,12,78.9,73.1,5.79,-2.72,0.94,-2.6,-1.66,105.14,107.48,-2.35
186,Winthrop,Big South,,17,15,77.3,71.5,5.88,-3.2,0.43,-2.18,-1.75,104.74,107.14,-2.4
187,Pepperdine,WCC,,13,20,72.8,74.0,-1.21,0.95,0.17,-2.06,-1.89,105.46,108.27,-2.8
188,Rhode Island,A-10,,12,20,72.6,76.3,-3.78,3.08,1.35,-3.4,-2.05,105.66,108.56,-2.9
189,California Baptist,WAC,,16,17,67.3,66.6,0.76,-2.29,-6.37,4.02,-2.36,101.58,104.67,-3.09
190,Stony Brook,CAA,,20,15,73.5,72.3,1.2,-2.45,0.32,-2.74,-2.42,103.71,106.74,-3.03
191,Fairfield,MAAC,,22,11,76.2,70.7,5.45,-6.69,1.07,-3.6,-2.54,105.65,108.88,-3.23
192,Quinnipiac,MAAC,,24,9,77.8,71.5,6.33,-7.14,2.12,-4.86,-2.74,103.15,106.72,-3.57
193,UC Santa Barbara,Big West,,16,15,75.4,73.5,1.84,-2.59,-0.26,-2.5,-2.76,104.37,108.34,-3.97
194,Fresno State,MWC,,12,21,67.7,73.9,-6.24,3.99,-3.18,0.39,-2.79,102.38,106.67,-4.29
195,Bryant,AEC,,20,13,78.7,75.4,3.33,-3.33,1.9,-4.74,-2.85,97.57,101.46,-3.89
196,Rice,AAC,,11,21,72.0,75.7,-3.66,2.33,-1.27,-1.59,-2.86,104.78,108.76,-3.98
197,Cleveland State,Horizon,,20,14,76.2,72.9,3.29,-4.44,0.09,-2.99,-2.9,104.87,108.95,-4.08
198,East Tennessee State,Southern,,19,16,71.5,69.6,1.91,-2.54,-4.09,1.19,-2.9,100.44,104.4,-3.96
199,Monmouth,CAA,,18,15,72.4,72.6,-0.18,-2.73,-1.31,-1.6,-2.91,103.5,107.8,-4.3
200,Little Rock,OVC,,21,12,77.4,72.2,5.18,-8.12,1.4,-4.34,-2.94,104.81,108.38,-3.58
201,Pennsylvania,Ivy,,11,18,74.4,74.4,0.07,0.62,-0.06,-2.91,-2.98,106.28,110.67,-4.38
202,Jacksonville State,CUSA,,14,18,70.0,66.4,3.56,-2.87,-7.02,3.75,-3.28,99.73,103.98,-4.26
203,San Jose State,MWC,,9,23,69.6,75.1,-5.47,3.79,-2.39,-0.92,-3.31,103.56,108.63,-5.07
204,Texas State,Sun Belt,,17,18,69.9,70.1,-0.2,-0.36,-6.17,2.84,-3.33,97.57,102.02,-4.45
205,Evansville,MVC,,16,17,71.5,73.6,-2.06,0.95,-1.6,-1.77,-3.36,101.03,105.7,-4.67
206,Northern Kentucky,Horizon,,18,15,74.8,73.2,1.64,-3.43,-1.68,-1.69,-3.36,100.63,105.53,-4.9
207,Texas A&M-Corpus Christi,Southland,,21,11,75.5,66.5,9.06,-6.84,-4.32,0.73,-3.59,97.98,101.85,-3.87
208,Wofford,Southern,,17,15,74.5,73.8,0.69,-1.4,-1.13,-2.55,-3.68,105.86,111.16,-5.3
209,Abilene Christian,WAC,,15,17,72.5,73.5,-0.97,-1.15,-2.32,-1.47,-3.8,99.8,104.77,-4.97
210,UC Riverside,Big West,,16,18,70.7,72.0,-1.29,-0.85,-2.78,-1.1,-3.88,101.5,107.01,-5.51
211,Northern Colorado,Big Sky,,19,13,80.3,77.8,2.41,-4.85,5.42,-9.37,-3.95,106.52,111.72,-5.2
212,Brown,Ivy,,12,17,71.1,71.9,-0.79,-1.94,-2.62,-1.6,-4.22,101.34,107.48,-6.14
213,Georgia State,Sun Belt,,14,17,76.5,74.8,1.65,-2.22,-0.53,-3.69,-4.22,102.99,108.9,-5.91
214,Air Force,MWC,,9,22,66.2,72.4,-6.19,1.9,-6.48,2.19,-4.29,104.09,111.72,-7.63
215,Harvard,Ivy,,14,13,70.4,71.7,-1.37,-1.8,-3.18,-1.12,-4.3,99.62,105.59,-5.97
216,Saint Peter's,MAAC,,18,13,65.3,63.5,1.81,-6.07,-10.17,5.86,-4.3,95.4,101.26,-5.86
217,Gardner-Webb,Big South,,17,16,73.5,73.2,0.36,-1.45,-1.64,-2.74,-4.38,99.51,105.17,-5.65
218,Cal State Northridge,Big West,,19,15,75.0,73.6,1.41,-3.75,0.28,-4.69,-4.4,97.33,103.59,-6.26
219,Stetson,A-Sun,,22,12,77.5,72.8,4.71,-3.79,-0.29,-4.14,-4.43,107.79,114.19,-6.4
220,Mercer,Southern,,16,17,71.2,71.8,-0.7,-2.37,-4.48,0.01,-4.47,100.78,107.3,-6.53
221,Montana State,Big Sky,,17,17,75.1,74.1,1.06,-3.86,-1.32,-3.22,-4.54,101.21,107.37,-6.16
222,Cal State Fullerton,Big West,,14,18,67.9,69.1,-1.25,-0.68,-6.14,1.46,-4.68,98.36,104.62,-6.26
223,Milwaukee,Horizon,,20,15,79.5,78.7,0.83,-4.19,4.05,-8.79,-4.74,105.0,111.91,-6.91
224,Bowling Green State,MAC,,20,13,73.5,70.8,2.73,-5.45,-2.52,-2.25,-4.77,99.52,106.54,-7.03
225,Iona,MAAC,,16,17,71.3,70.6,0.76,-5.64,-3.61,-1.27,-4.88,101.44,108.06,-6.62
226,UTSA,AAC,,11,21,77.6,81.0,-3.38,-0.37,4.81,-9.73,-4.92,105.15,111.81,-6.66
227,Kansas City,Summit,,16,16,71.9,69.3,2.59,-4.15,-4.62,-0.35,-4.97,98.31,105.25,-6.94
228,Lamar,Southland,,19,14,77.8,72.9,4.91,-7.8,-0.71,-4.28,-5.0,102.44,108.75,-6.31
229,Cal State Bakersfield,Big West,,13,19,68.7,69.2,-0.47,-1.81,-6.41,1.4,-5.01,98.9,106.53,-7.63
230,San Diego,WCC,,18,15,72.5,77.3,-4.79,0.59,-0.37,-4.68,-5.05,99.52,105.62,-6.1
231,Eastern Kentucky,A-Sun,,17,14,80.8,76.5,4.29,-4.14,-0.04,-5.03,-5.07,103.47,109.99,-6.53
232,Merrimack,NEC,,21,12,69.2,65.4,3.76,-8.27,-7.83,2.75,-5.08,94.18,101.3,-7.13
233,Marshall,Sun Belt,,13,20,73.8,76.7,-2.91,-1.06,-1.64,-3.45,-5.09,98.63,105.23,-6.6
234,Columbia,Ivy,,13,14,77.0,72.4,4.52,-3.48,-0.3,-4.89,-5.19,103.69,110.47,-6.78
235,Austin Peay,A-Sun,,19,15,74.9,72.9,2.0,-4.21,-2.0,-3.21,-5.21,104.96,112.56,-7.6
236,Marist,MAAC,,18,13,64.6,62.2,2.45,-7.8,-10.9,5.55,-5.34,94.86,101.83,-6.97
237,Tennessee-Martin,OVC,,21,11,81.5,76.7,4.81,-7.02,4.97,-10.31,-5.35,102.84,110.61,-7.77
238,Green Bay,Horizon,,18,14,69.0,69.0,0.06,-3.8,-7.03,1.66,-5.37,100.96,108.69,-7.73
239,Rider,MAAC,,15,17,72.2,72.1,0.03,-3.96,-2.33,-3.08,-5.42,100.56,107.99,-7.42
240,Radford,Big South,,16,17,72.0,71.5,0.48,-3.23,-4.53,-0.9,-5.43,103.82,111.5,-7.68
241,South Alabama,Sun Belt,,16,16,74.0,75.7,-1.69,-3.05,-1.42,-4.19,-5.6,101.81,109.46,-7.65
242,Southern Mississippi,Sun Belt,,16,16,69.9,71.0,-1.16,-2.61,-4.44,-1.16,-5.61,98.69,106.43,-7.75
243,Southern Utah,WAC,,10,21,75.0,77.6,-2.58,-1.13,0.84,-6.51,-5.68,102.92,110.33,-7.41
244,Northeastern,CAA,,12,20,69.4,72.3,-2.94,-2.91,-3.89,-1.96,-5.85,102.7,111.14,-8.44
245,North Dakota,Summit,,18,14,75.3,71.9,3.38,-5.73,-2.96,-2.91,-5.87,101.29,109.71,-8.42
246,Florida Gulf Coast,A-Sun,,14,18,70.4,71.1,-0.72,-3.57,-7.11,1.2,-5.91,101.02,109.28,-8.26
247,New Hampshire,AEC,,16,15,74.1,74.1,0.03,-3.54,-1.68,-4.4,-6.08,97.54,105.51,-7.97
248,Miami (OH),MAC,,15,17,70.6,70.0,0.56,-3.79,-5.35,-0.81,-6.16,98.21,106.53,-8.32
249,Maine,AEC,,15,17,67.6,67.5,0.16,-4.66,-9.3,3.13,-6.17,94.72,103.34,-8.62
250,Norfolk State,MEAC,,22,11,74.3,67.6,6.7,-7.57,-5.06,-1.17,-6.22,100.24,108.79,-8.56
251,Mount St. Mary's,MAAC,,13,19,72.7,71.8,0.91,-7.18,-1.85,-4.42,-6.27,99.48,108.51,-9.04
252,DePaul,Big East,,3,29,64.7,81.8,-17.03,10.71,-2.69,-3.64,-6.33,101.55,110.38,-8.83
253,The Citadel,Southern,,11,21,70.6,71.5,-0.91,-2.79,-5.86,-0.56,-6.41,100.22,109.53,-9.31
254,Ball State,MAC,,15,16,73.5,71.0,2.58,-5.68,-3.44,-3.0,-6.44,100.88,110.06,-9.18
255,Albany (NY),AEC,,13,19,78.7,78.8,-0.13,-5.06,3.78,-10.22,-6.45,102.16,110.93,-8.76
256,North Florida,A-Sun,,16,16,78.0,75.8,2.16,-4.49,-0.87,-5.72,-6.59,104.92,113.3,-8.38
257,Nicholls State,Southland,,20,14,73.9,73.9,-0.06,-4.84,-1.88,-4.74,-6.62,100.8,109.5,-8.71
258,Portland State,Big Sky,,17,15,71.9,71.8,0.09,-4.45,-3.92,-2.74,-6.66,95.83,104.47,-8.65
259,North Alabama,A-Sun,,15,17,76.5,76.1,0.38,-4.58,-0.66,-6.09,-6.74,102.55,111.88,-9.32
260,Omaha,Summit,,15,18,74.0,72.8,1.12,-4.63,-2.83,-4.11,-6.94,101.52,110.91,-9.39
261,Denver,Summit,,17,17,81.0,80.5,0.53,-4.42,4.63,-11.61,-6.98,104.71,114.48,-9.77
262,Idaho State,Big Sky,,14,20,70.5,70.1,0.41,-4.65,-6.02,-1.0,-7.02,100.62,110.29,-9.68
263,Oral Roberts,Summit,,12,19,73.4,75.3,-1.9,-2.21,-2.32,-4.71,-7.03,101.65,111.63,-9.98
264,Lehigh,Patriot,,14,18,72.7,71.0,1.69,-6.34,-1.6,-5.61,-7.2,97.57,107.83,-10.27
265,North Dakota State,Summit,,15,17,74.6,73.9,0.69,-2.79,-2.55,-4.66,-7.21,101.95,112.49,-10.53
266,Middle Tennessee,CUSA,,14,19,65.7,70.3,-4.61,-0.3,-7.88,0.65,-7.23,95.07,105.43,-10.36
267,Canisius,MAAC,,14,18,70.4,72.1,-1.72,-4.6,-5.52,-2.14,-7.66,98.1,109.3,-11.2
268,Kennesaw State,A-Sun,,15,16,82.8,80.8,2.06,-5.48,5.31,-12.97,-7.66,101.59,111.9,-10.31
269,North Carolina Central,MEAC,,18,13,76.6,69.0,7.61,-8.63,-3.48,-4.19,-7.67,101.47,112.17,-10.69
270,Florida International,CUSA,,11,22,73.6,76.5,-2.91,-1.88,-1.25,-6.47,-7.72,98.85,109.32,-10.47
271,Central Michigan,MAC,,18,14,66.5,70.1,-3.59,-3.3,-8.35,0.57,-7.78,94.69,105.69,-10.99
272,Old Dominion,Sun Belt,,7,25,70.9,77.0,-6.13,-1.19,-2.95,-5.02,-7.97,97.56,108.37,-10.82
273,Presbyterian,Big South,,14,18,74.7,72.8,1.84,-5.44,-3.94,-4.05,-7.99,100.02,111.22,-11.2
274,Portland,WCC,,12,21,71.5,79.5,-7.94,1.75,-1.77,-6.23,-8.0,101.69,112.98,-11.29
275,Central Connecticut State,NEC,,20,11,72.2,66.5,5.68,-10.01,-5.77,-2.24,-8.01,98.35,109.39,-11.04
276,Bucknell,Patriot,,14,19,65.2,67.2,-1.94,-6.1,-7.8,-0.24,-8.04,97.22,108.77,-11.56
277,Utah Tech,WAC,,11,20,70.8,77.1,-6.29,-1.14,-2.38,-5.66,-8.04,97.16,107.88,-10.73
278,Georgia Southern,Sun Belt,,9,24,73.3,79.2,-5.91,-2.2,-0.61,-7.5,-8.11,101.06,112.4,-11.34
279,Niagara,MAAC,,16,16,72.5,72.1,0.38,-6.91,-2.87,-5.24,-8.11,101.62,113.0,-11.38
280,Valparaiso,MVC,,7,25,67.6,75.5,-7.91,1.28,-5.22,-2.92,-8.14,97.61,108.78,-11.17
281,New Mexico State,CUSA,,13,19,67.7,72.4,-4.75,1.05,-6.51,-1.8,-8.31,97.93,110.2,-12.26
282,Howard,MEAC,,17,16,75.3,74.6,0.7,-7.7,-0.91,-7.5,-8.41,102.53,114.26,-11.73
283,Queens (NC),A-Sun,,14,19,80.1,81.6,-1.52,-3.17,2.28,-10.7,-8.43,100.51,111.84,-11.33
284,Western Illinois,OVC,,21,12,68.8,65.7,3.18,-7.09,-10.14,1.67,-8.47,94.28,105.93,-11.65
285,Maryland-Baltimore County,AEC,,11,21,78.7,80.7,-2.06,-5.73,3.77,-12.24,-8.48,101.07,112.66,-11.59
286,Southern,SWAC,,18,14,71.1,68.7,2.41,-5.99,-7.43,-1.21,-8.64,95.15,106.36,-11.21
287,American,Patriot,,16,16,68.8,68.0,0.75,-8.54,-7.17,-1.54,-8.7,101.95,114.85,-12.9
288,Texas Southern,SWAC,,16,15,70.3,70.6,-0.32,-7.2,-7.2,-1.53,-8.73,94.22,106.17,-11.95
289,SIU Edwardsville,OVC,,17,16,71.5,70.1,1.39,-7.27,-5.75,-3.05,-8.8,97.7,110.15,-12.45
290,Northern Illinois,MAC,,11,20,73.2,77.4,-4.19,-1.13,-2.23,-6.69,-8.92,99.33,112.13,-12.8
291,Western Michigan,MAC,,12,20,71.3,74.9,-3.59,-3.51,-3.81,-5.21,-9.02,97.54,110.54,-13.0
292,South Carolina Upstate,Big South,,10,20,71.0,72.9,-1.93,-2.74,-5.58,-3.5,-9.07,97.04,109.94,-12.91
293,Binghamton,AEC,,15,15,72.1,72.2,-0.13,-5.03,-5.09,-4.01,-9.1,98.14,110.76,-12.62
294,Robert Morris,Horizon,,10,22,72.7,75.8,-3.09,-4.03,-3.6,-5.69,-9.29,99.61,112.73,-13.13
295,Tennessee State,OVC,,18,15,72.7,71.0,1.73,-7.41,-5.3,-4.11,-9.41,96.11,109.23,-13.11
296,Jacksonville,A-Sun,,16,17,71.8,72.4,-0.55,-4.5,-7.5,-1.96,-9.46,97.57,110.05,-12.48
297,Louisiana-Monroe,Sun Belt,,11,19,69.9,74.4,-4.57,-2.05,-6.16,-3.51,-9.66,97.23,111.16,-13.93
298,Boston University,Patriot,,16,17,66.5,66.6,-0.15,-8.25,-8.47,-1.22,-9.69,94.59,108.5,-13.91
299,Chicago State,Ind,,12,18,69.1,70.2,-1.1,-2.96,-9.76,0.06,-9.7,94.4,108.63,-14.23
300,Sacred Heart,NEC,,16,16,74.1,72.3,1.84,-9.3,-3.19,-6.57,-9.76,97.82,111.21,-13.39
301,Coastal Carolina,Sun Belt,,9,22,73.5,78.5,-4.97,-2.56,-3.1,-7.05,-10.15,97.25,111.34,-14.09
302,Sacramento State,Big Sky,,10,24,67.1,70.4,-3.29,-3.18,-10.61,0.28,-10.34,95.15,110.71,-15.56
303,Campbell,CAA,,14,18,71.0,72.1,-1.09,-5.42,-5.86,-4.53,-10.39,97.24,112.17,-14.93
304,Delaware State,MEAC,,15,17,70.9,70.8,0.06,-7.8,-7.09,-3.31,-10.4,92.68,107.15,-14.47
305,Grambling,SWAC,,19,14,67.4,69.1,-1.76,-6.31,-10.31,-0.16,-10.48,94.71,109.23,-14.53
306,Wagner,NEC,,16,15,63.5,62.1,1.45,-9.47,-14.67,3.85,-10.82,92.72,107.97,-15.24
307,Idaho,Big Sky,,11,21,67.8,71.2,-3.38,-4.23,-8.8,-2.03,-10.83,96.18,112.04,-15.86
308,Southeastern Louisiana,Southland,,15,17,69.0,71.0,-1.94,-5.68,-9.32,-1.53,-10.85,95.87,110.44,-14.57
309,Lafayette,Patriot,,11,21,62.8,67.3,-4.5,-5.71,-11.38,0.5,-10.88,90.36,105.92,-15.56
310,Le Moyne,NEC,,15,17,72.4,70.2,2.28,-9.37,-6.05,-4.83,-10.89,97.28,112.5,-15.21
311,William & Mary,CAA,,10,23,69.8,72.1,-2.27,-5.3,-6.53,-4.55,-11.08,98.52,114.73,-16.2
312,Elon,CAA,,13,19,73.1,75.4,-2.31,-5.21,-4.39,-6.79,-11.18,99.23,115.21,-15.98
313,Eastern Illinois,OVC,,14,18,68.9,67.9,1.0,-6.2,-9.23,-2.08,-11.31,92.98,109.38,-16.4
314,Bellarmine,A-Sun,,8,23,69.5,74.8,-5.39,-2.06,-8.21,-3.17,-11.39,96.7,113.06,-16.36
315,Jackson State,SWAC,,15,17,71.2,75.6,-4.34,-7.07,-4.73,-6.68,-11.41,96.72,112.27,-15.55
316,Navy,Patriot,,13,18,66.5,66.7,-0.23,-9.26,-9.63,-1.79,-11.42,93.34,110.28,-16.94
317,Alcorn State,SWAC,,14,18,71.9,77.4,-5.53,-5.6,-3.46,-8.1,-11.57,102.13,117.72,-15.59
318,South Carolina State,MEAC,,14,18,70.2,74.7,-4.53,-6.02,-5.82,-5.87,-11.69,95.18,110.51,-15.33
319,Alabama State,SWAC,,13,19,68.6,69.4,-0.81,-6.86,-10.0,-1.73,-11.73,88.82,104.89,-16.07
320,Charleston Southern,Big South,,10,20,67.6,73.7,-6.07,-1.39,-9.89,-1.94,-11.84,92.65,109.5,-16.85
321,Northern Arizona,Big Sky,,14,19,68.6,76.6,-8.0,-3.84,-6.25,-5.59,-11.84,94.22,111.1,-16.88
322,Bethune-Cookman,SWAC,,17,16,72.5,72.2,0.39,-9.1,-5.61,-6.55,-12.16,93.43,110.3,-16.87
323,South Dakota,Summit,,12,20,76.1,79.2,-3.16,-5.05,-1.16,-11.02,-12.19,99.56,116.51,-16.96
324,Eastern Michigan,MAC,,13,18,66.0,72.6,-6.61,-4.78,-9.28,-3.19,-12.47,94.2,112.04,-17.83
325,Cal Poly,Big West,,4,28,63.7,74.1,-10.44,-1.86,-10.03,-3.18,-13.21,91.63,111.02,-19.39
326,Texas-Rio Grande Valley,WAC,,6,25,70.4,79.8,-9.42,-0.83,-4.57,-8.75,-13.31,92.48,110.48,-18.0
327,Southern Indiana,OVC,,8,24,68.6,73.0,-4.38,-5.39,-7.35,-6.08,-13.43,92.68,111.49,-18.81
328,Dartmouth,Ivy,,6,21,61.9,71.9,-10.0,-1.09,-13.04,-0.73,-13.77,90.12,110.44,-20.32
329,Northwestern State,Southland,,9,23,70.5,75.9,-5.38,-5.83,-7.31,-6.62,-13.93,94.24,113.54,-19.31
330,Texas A&M-Commerce,Southland,,13,20,71.5,74.6,-3.06,-4.64,-8.97,-5.0,-13.97,91.33,111.25,-19.92
331,Fairleigh Dickinson,NEC,,15,17,75.9,77.6,-1.63,-9.15,-2.49,-11.8,-14.29,94.14,113.63,-19.49
332,Army,Patriot,,10,22,60.3,64.3,-4.03,-8.67,-15.54,1.13,-14.41,88.52,110.22,-21.7
333,NJIT,AEC,,7,21,67.9,75.0,-7.11,-4.29,-9.18,-5.3,-14.48,94.08,114.64,-20.57
334,Alabama A&M,SWAC,,11,22,68.7,75.8,-7.09,-7.57,-7.63,-7.04,-14.66,90.28,110.1,-19.82
335,Tennessee Tech,OVC,,10,21,67.4,73.8,-6.45,-6.02,-10.53,-4.25,-14.77,92.26,113.44,-21.18
336,Buffalo,MAC,,4,27,68.0,79.7,-11.71,-2.53,-7.07,-7.76,-14.83,93.2,113.83,-20.63
337,Manhattan,MAAC,,7,23,66.2,75.8,-9.67,-4.63,-7.96,-7.08,-15.04,92.23,113.2,-20.97
338,Central Arkansas,A-Sun,,9,23,72.2,78.2,-6.03,-5.23,-5.8,-9.5,-15.3,94.0,115.19,-21.19
339,Prairie View,SWAC,,10,21,70.2,76.4,-6.19,-6.91,-7.19,-8.2,-15.39,91.32,112.23,-20.91
340,Arkansas-Pine Bluff,SWAC,,13,18,80.1,81.8,-1.71,-7.62,0.13,-15.72,-15.58,98.53,119.38,-20.85
341,Hampton,CAA,,9,24,71.8,76.4,-4.58,-5.05,-7.09,-8.5,-15.58,91.71,113.55,-21.84
342,Florida A&M,SWAC,,6,23,67.2,77.2,-10.03,-4.15,-9.31,-6.48,-15.78,90.56,112.7,-22.13
343,Morgan State,MEAC,,11,20,72.7,77.5,-4.81,-5.67,-4.81,-11.04,-15.85,92.66,114.99,-22.32
344,Loyola (MD),Patriot,,7,25,64.0,71.9,-7.88,-6.69,-11.24,-4.69,-15.92,90.37,113.57,-23.2
345,Incarnate Word,Southland,,8,23,72.3,78.6,-6.32,-7.49,-5.88,-10.09,-15.97,93.83,115.37,-21.55
346,North Carolina A&T,CAA,,7,25,65.6,77.9,-12.38,-3.72,-8.01,-8.08,-16.09,93.02,115.84,-22.82
347,New Orleans,Southland,,10,23,73.5,79.5,-5.91,-5.4,-4.3,-11.99,-16.3,94.09,116.15,-22.06
348,Detroit Mercy,Horizon,,1,31,66.0,80.3,-14.28,-2.42,-9.12,-7.57,-16.7,93.26,117.21,-23.95
349,Holy Cross,Patriot,,10,23,66.5,74.6,-8.12,-7.63,-8.07,-8.8,-16.88,96.12,120.66,-24.54
350,Pacific,WCC,,6,26,64.7,79.8,-15.06,0.11,-8.15,-9.01,-17.16,91.97,116.93,-24.96
351,Maryland-Eastern Shore,MEAC,,9,20,65.2,70.6,-5.38,-6.24,-12.64,-4.6,-17.24,86.67,111.5,-24.83
352,Long Island University,NEC,,7,22,66.5,76.8,-10.28,-7.39,-8.44,-9.22,-17.67,88.92,113.23,-24.31
353,Southeast Missouri State,OVC,,9,22,67.0,73.5,-6.45,-6.29,-10.61,-7.39,-18.0,88.7,113.92,-25.22
354,Lindenwood,OVC,,9,22,65.1,73.1,-7.97,-6.94,-11.81,-6.63,-18.44,88.89,114.94,-26.05
355,Saint Francis (PA),NEC,,8,22,65.2,72.7,-7.53,-7.97,-12.28,-6.16,-18.44,90.37,117.14,-26.77
356,Houston Christian,Southland,,6,23,71.5,83.4,-11.93,-3.36,-5.39,-13.45,-18.84,91.99,116.67,-24.68
357,Siena,MAAC,,4,28,60.4,74.4,-14.0,-4.9,-14.41,-4.49,-18.9,86.45,113.76,-27.31
358,Stonehill,NEC,,4,27,63.5,76.1,-12.68,-5.98,-11.89,-8.1,-19.98,88.32,115.88,-27.55
359,VMI,Southern,,4,28,68.9,82.6,-13.75,-2.19,-6.57,-13.83,-20.4,86.44,113.27,-26.83
360,IUPUI,Horizon,,6,26,65.9,79.8,-13.94,-4.38,-11.79,-9.28,-21.07,89.31,119.8,-30.49
361,Coppin State,MEAC,,2,27,57.9,72.8,-14.97,-6.38,-17.56,-3.78,-21.34,81.42,112.0,-30.59
362,Mississippi Valley State,SWAC,,1,30,55.5,77.7,-22.26,-3.87,-19.33,-6.8,-26.13,81.46,120.18,-38.72
