Rk,School,G,W,L,W_L_Pct,SRS,SOS,W_Conf,L_Conf,W_Home,L_Home,W_Away,L_Away,Pts_Tm,Pts_Opp,MP,FG,FGA,FG_Pct,3P,3PA,3P_Pct,FT,FTA,FT_Pct,ORB,TRB,AST,STL,BLK,TOV,PF
1,Abilene Christian,32,15,17,0.469,-3.8,-1.15,10.0,10.0,8,6,5,9,2320,2351,1295,811,1877,0.432,165,484,0.341,533,729,0.731,314,1070,405,253,65,404,634
2,Air Force,31,9,22,0.29,-4.29,1.9,2.0,16.0,4,12,5,8,2051,2243,1250,727,1604,0.453,273,757,0.361,324,475,0.682,225,872,451,202,122,372,541
3,Akron,33,23,10,0.697,3.14,-2.54,13.0,5.0,13,1,7,6,2455,2178,1325,869,1899,0.458,266,806,0.33,451,620,0.727,345,1215,437,190,95,376,548
4,Alabama,32,21,11,0.656,21.15,11.46,13.0,5.0,14,2,5,5,2904,2594,1290,989,2073,0.477,354,969,0.365,572,730,0.784,407,1267,515,232,133,383,636
5,Alabama A&M,33,11,22,0.333,-14.66,-7.57,9.0,9.0,7,5,3,14,2267,2501,1325,753,1806,0.417,139,488,0.285,622,865,0.719,373,1170,344,251,127,534,695
6,Alabama State,32,13,19,0.406,-11.73,-6.86,8.0,10.0,7,5,3,13,2195,2221,1303,772,2087,0.37,223,793,0.281,428,592,0.723,453,1265,345,277,123,361,609
7,Albany (NY),32,13,19,0.406,-6.45,-5.06,5.0,11.0,8,5,5,13,2517,2521,1285,918,2059,0.446,250,757,0.33,431,594,0.726,364,1153,411,266,101,425,621
8,Alcorn State,32,14,18,0.438,-11.57,-5.6,13.0,5.0,7,3,7,14,2300,2477,1285,818,1851,0.442,166,492,0.337,498,699,0.712,360,1086,371,220,56,370,567
9,American,32,16,16,0.5,-8.7,-8.54,10.0,8.0,8,7,8,9,2200,2176,1291,782,1740,0.449,279,794,0.351,355,492,0.722,287,1043,449,186,54,347,527
10,Appalachian State,33,27,6,0.818,6.46,-2.54,16.0,2.0,15,0,8,4,2589,2196,1350,966,2033,0.475,217,647,0.335,440,649,0.678,366,1385,484,205,226,355,429
11,Arizona,33,25,8,0.758,25.4,9.7,15.0,5.0,15,1,7,4,2902,2384,1345,1041,2129,0.489,258,695,0.371,562,782,0.719,437,1407,615,273,115,397,539
12,Arizona State,32,14,18,0.438,4.93,9.9,8.0,12.0,10,5,3,8,2209,2368,1285,791,1901,0.416,215,716,0.3,412,629,0.655,269,1064,385,263,117,335,532
13,Arkansas,33,16,17,0.485,6.43,8.46,6.0,12.0,12,6,2,7,2566,2633,1340,859,1898,0.453,199,625,0.318,649,859,0.756,281,1139,387,198,201,395,655
14,Arkansas State,34,18,16,0.529,0.54,-1.05,11.0,7.0,10,3,5,11,2677,2623,1365,934,2117,0.441,321,921,0.349,488,693,0.704,440,1298,492,190,150,386,600
15,Arkansas-Pine Bluff,31,13,18,0.419,-15.58,-7.62,8.0,10.0,8,6,5,12,2483,2536,1240,813,1821,0.446,337,898,0.375,520,682,0.762,261,1073,467,183,67,413,568
16,Army,32,10,22,0.313,-14.41,-8.67,6.0,12.0,6,11,4,11,1930,2059,1295,707,1747,0.405,252,788,0.32,264,449,0.588,308,1088,401,184,126,389,506
17,Auburn,32,25,7,0.781,23.07,7.63,13.0,5.0,15,1,5,5,2674,2180,1280,927,1957,0.474,261,737,0.354,559,746,0.749,370,1221,578,238,194,333,613
18,Austin Peay,34,19,15,0.559,-5.21,-4.21,10.0,6.0,14,2,4,12,2548,2480,1385,917,2038,0.45,271,739,0.367,443,630,0.703,367,1159,378,240,94,297,598
19,Ball State,31,15,16,0.484,-6.44,-5.68,7.0,11.0,9,7,6,8,2280,2200,1255,769,1726,0.446,232,641,0.362,510,665,0.767,294,1082,385,170,96,374,469
20,Baylor,33,23,10,0.697,20.24,11.43,11.0,7.0,15,2,4,5,2658,2350,1350,913,1890,0.483,279,719,0.388,553,751,0.736,377,1163,490,222,106,399,546
21,Bellarmine,31,8,23,0.258,-11.39,-2.06,4.0,12.0,6,7,2,16,2153,2320,1250,797,1837,0.434,238,698,0.341,321,412,0.779,245,1002,420,164,60,297,486
22,Belmont,33,20,13,0.606,2.95,1.61,12.0,8.0,12,2,6,9,2570,2493,1325,922,1939,0.476,301,811,0.371,425,588,0.723,237,1130,504,248,101,402,511
23,Bethune-Cookman,33,17,16,0.515,-12.16,-9.1,11.0,7.0,11,2,5,11,2394,2381,1335,825,1922,0.429,194,608,0.319,550,728,0.755,347,1111,402,342,112,465,675
24,Binghamton,30,15,15,0.5,-9.1,-5.03,7.0,9.0,10,4,5,11,2163,2167,1210,801,1738,0.461,164,536,0.306,397,595,0.667,313,1156,435,150,113,366,498
25,Boise State,32,22,10,0.688,13.87,7.47,13.0,5.0,13,3,7,3,2426,2161,1290,835,1846,0.452,256,741,0.345,500,680,0.735,365,1190,400,184,77,357,533
26,Boston College,34,19,15,0.559,9.48,7.01,8.0,12.0,10,6,6,6,2535,2451,1370,931,2035,0.457,283,784,0.361,390,520,0.75,318,1198,483,204,120,361,538
27,Boston University,33,16,17,0.485,-9.69,-8.25,10.0,8.0,9,7,7,10,2193,2198,1335,768,1856,0.414,254,763,0.333,403,562,0.717,309,1167,427,216,102,384,571
28,Bowling Green State,33,20,13,0.606,-4.77,-5.45,10.0,8.0,12,4,5,7,2427,2337,1345,854,1987,0.43,211,710,0.297,508,712,0.713,379,1259,369,215,91,378,523
29,Bradley,33,22,11,0.667,9.67,2.58,13.0,7.0,13,3,6,6,2461,2212,1335,895,1887,0.474,297,797,0.373,374,518,0.722,309,1148,441,239,135,400,553
30,Brigham Young,33,23,10,0.697,20.37,8.43,10.0,8.0,16,2,3,7,2701,2307,1320,970,2098,0.462,370,1063,0.348,391,530,0.738,394,1308,613,196,99,352,584
31,Brown,29,12,17,0.414,-4.22,-1.94,8.0,6.0,5,7,6,8,2061,2084,1181,726,1704,0.426,239,698,0.342,370,566,0.654,351,1079,380,184,123,358,490
32,Bryant,33,20,13,0.606,-2.85,-3.33,11.0,5.0,11,3,8,10,2598,2488,1330,954,2087,0.457,273,806,0.339,417,623,0.669,259,1246,487,230,213,393,557
33,Bucknell,33,14,19,0.424,-8.04,-6.1,10.0,8.0,6,8,8,11,2153,2217,1335,758,1770,0.428,269,795,0.338,368,514,0.716,276,1073,399,202,113,405,559
34,Buffalo,31,4,27,0.129,-14.83,-2.53,2.0,16.0,2,13,2,12,2108,2471,1245,770,1830,0.421,207,746,0.277,361,504,0.716,323,1082,415,188,141,450,484
35,Butler,32,18,14,0.563,12.29,9.48,9.0,11.0,12,5,4,7,2472,2359,1310,894,1977,0.452,268,758,0.354,416,525,0.792,298,1128,480,199,106,347,443
36,Cal Poly,32,4,28,0.125,-13.21,-1.86,0.0,20.0,3,11,0,16,2037,2371,1295,719,1778,0.404,198,598,0.331,401,569,0.705,283,1000,314,173,117,405,614
37,Cal State Bakersfield,32,13,19,0.406,-5.01,-1.81,8.0,12.0,10,4,2,13,2199,2214,1295,807,1861,0.434,150,476,0.315,435,602,0.723,382,1109,335,220,114,389,652
38,Cal State Fullerton,32,14,18,0.438,-4.68,-0.68,7.0,13.0,7,7,6,10,2172,2212,1285,740,1717,0.431,207,627,0.33,485,685,0.708,269,1048,284,214,98,393,571
39,Cal State Northridge,34,19,15,0.559,-4.4,-3.75,9.0,11.0,9,7,9,7,2551,2503,1365,940,2065,0.455,165,537,0.307,506,757,0.668,402,1362,472,253,114,481,707
40,California,32,13,19,0.406,5.29,8.35,9.0,11.0,10,6,3,8,2367,2465,1310,833,1980,0.421,281,831,0.338,420,578,0.727,343,1189,387,193,83,370,552
41,California Baptist,33,16,17,0.485,-2.36,-2.29,8.0,12.0,11,7,4,9,2222,2197,1330,762,1857,0.41,220,674,0.326,478,700,0.683,397,1241,372,133,87,392,524
42,Campbell,32,14,18,0.438,-10.39,-5.42,8.0,10.0,11,6,3,11,2272,2307,1295,806,1740,0.463,232,673,0.345,428,590,0.725,246,1040,425,202,77,383,485
43,Canisius,32,14,18,0.438,-7.66,-4.6,8.0,12.0,8,4,3,12,2252,2307,1290,841,1910,0.44,232,690,0.336,338,541,0.625,384,1181,401,192,111,432,520
44,Central Arkansas,32,9,23,0.281,-15.3,-5.23,5.0,11.0,5,10,4,13,2309,2502,1285,817,1965,0.416,256,747,0.343,419,566,0.74,359,1165,437,225,105,407,548
45,Central Connecticut State,31,20,11,0.645,-8.01,-10.01,13.0,3.0,11,4,9,7,2237,2061,1250,810,1798,0.451,208,645,0.322,409,577,0.709,298,1111,444,232,150,349,423
46,Central Michigan,32,18,14,0.563,-7.78,-3.3,12.0,6.0,10,3,7,9,2127,2242,1315,790,1880,0.42,200,660,0.303,347,526,0.66,339,1162,364,192,119,384,527
47,Charleston Southern,30,10,20,0.333,-11.84,-1.39,6.0,10.0,7,7,3,12,2028,2210,1200,715,1727,0.414,208,629,0.331,390,530,0.736,301,1066,306,115,90,366,512
48,Charlotte,31,19,12,0.613,4.43,2.77,13.0,5.0,13,2,5,7,2131,2034,1250,748,1655,0.452,201,635,0.317,434,576,0.753,260,1006,407,168,105,301,479
49,Chattanooga,33,21,12,0.636,-0.01,-3.66,12.0,6.0,12,4,8,7,2581,2362,1335,892,1915,0.466,349,971,0.359,448,601,0.745,305,1206,447,208,121,393,524
50,Chicago State,30,12,18,0.4,-9.7,-2.96,,,6,5,5,12,2073,2106,1205,716,1697,0.422,188,595,0.316,453,640,0.708,366,1010,334,261,98,405,525
51,Cincinnati,34,20,14,0.588,15.64,8.9,7.0,11.0,14,5,4,7,2537,2308,1375,939,2125,0.442,249,769,0.324,410,592,0.693,464,1344,501,226,150,409,519
52,Clemson,32,21,11,0.656,14.95,8.86,11.0,9.0,12,4,6,6,2477,2282,1290,878,1877,0.468,267,755,0.354,454,575,0.79,295,1166,469,144,126,325,505
53,Cleveland State,34,20,14,0.588,-2.9,-4.44,11.0,9.0,14,3,6,10,2592,2480,1370,956,2119,0.451,222,660,0.336,458,680,0.674,437,1195,454,280,134,352,632
54,Coastal Carolina,31,9,22,0.29,-10.15,-2.56,5.0,13.0,7,12,1,9,2280,2434,1250,835,1880,0.444,201,626,0.321,409,616,0.664,353,1250,395,178,97,420,496
55,Colgate,34,25,9,0.735,0.09,-6.07,16.0,2.0,13,3,10,5,2431,2150,1360,903,1922,0.47,267,739,0.361,358,526,0.681,277,1221,515,217,119,360,456
56,College of Charleston,34,27,7,0.794,4.25,-2.81,15.0,3.0,13,2,10,2,2736,2466,1365,974,2200,0.443,358,1039,0.345,430,597,0.72,440,1350,520,211,105,338,536
57,Colorado,33,24,9,0.727,16.36,7.79,13.0,7.0,16,1,4,7,2628,2345,1335,943,1905,0.495,227,572,0.397,515,666,0.773,339,1243,524,201,73,418,484
58,Colorado State,33,24,9,0.727,13.51,7.42,10.0,8.0,15,2,4,7,2535,2250,1330,913,1849,0.494,247,715,0.345,462,614,0.752,245,1074,613,216,106,330,563
59,Columbia,27,13,14,0.481,-5.19,-3.48,4.0,10.0,9,6,4,8,2078,1956,1080,749,1597,0.469,231,616,0.375,349,477,0.732,265,964,471,209,62,330,437
60,Connecticut,33,30,3,0.909,24.46,7.37,18.0,2.0,16,0,9,3,2697,2133,1320,963,1937,0.497,292,791,0.369,479,647,0.74,388,1271,609,207,178,326,539
61,Coppin State,29,2,27,0.069,-21.34,-6.38,1.0,13.0,2,8,0,17,1678,2112,1170,585,1571,0.372,153,540,0.283,355,489,0.726,283,873,240,222,81,455,513
62,Cornell,28,22,6,0.786,4.07,-2.16,11.0,3.0,10,1,10,5,2323,2084,1120,842,1708,0.493,288,825,0.349,351,484,0.725,273,997,503,238,73,350,509
63,Creighton,32,23,9,0.719,20.08,9.27,14.0,6.0,14,2,8,5,2577,2231,1305,935,1922,0.486,339,939,0.361,368,471,0.781,266,1214,548,127,132,338,362
64,Dartmouth,27,6,21,0.222,-13.77,-1.09,2.0,12.0,6,7,0,14,1670,1940,1080,594,1447,0.411,191,626,0.305,291,422,0.69,200,898,332,120,95,344,374
65,Davidson,32,15,17,0.469,3.88,3.55,5.0,13.0,9,7,4,8,2242,2174,1300,783,1816,0.431,235,749,0.314,441,602,0.733,295,1109,403,207,112,338,511
66,Dayton,31,24,7,0.774,13.58,5.13,14.0,4.0,15,0,6,5,2317,2055,1245,786,1647,0.477,295,734,0.402,450,613,0.734,254,1046,458,167,124,317,416
67,Delaware,33,19,14,0.576,-1.43,-4.06,10.0,8.0,8,5,8,6,2416,2299,1325,891,1917,0.465,227,678,0.335,407,576,0.707,304,1178,454,178,100,356,496
68,Delaware State,32,15,17,0.469,-10.4,-7.8,6.0,8.0,7,5,4,11,2268,2266,1305,801,1843,0.435,151,472,0.32,515,732,0.704,365,1110,389,266,63,479,536
69,Denver,34,17,17,0.5,-6.98,-4.42,6.0,10.0,10,4,4,11,2755,2737,1385,946,2103,0.45,294,845,0.348,569,779,0.73,348,1213,444,211,132,340,573
70,DePaul,32,3,29,0.094,-6.33,10.71,0.0,20.0,3,15,0,11,2071,2616,1280,725,1714,0.423,200,597,0.335,421,574,0.733,233,951,392,168,99,435,482
71,Detroit Mercy,32,1,31,0.031,-16.7,-2.42,1.0,19.0,1,11,0,20,2111,2568,1290,761,1806,0.421,187,666,0.281,402,547,0.735,286,945,346,222,78,427,553
72,Drake,34,28,6,0.824,11.2,1.54,16.0,4.0,16,0,6,5,2736,2397,1395,967,2020,0.479,295,804,0.367,507,667,0.76,270,1170,541,219,53,329,549
73,Drexel,32,20,12,0.625,1.44,-3.34,13.0,5.0,13,1,6,10,2346,2130,1295,861,1886,0.457,216,628,0.344,408,565,0.722,369,1253,406,161,127,346,491
74,Duke,32,24,8,0.75,20.28,7.87,15.0,5.0,15,3,7,4,2555,2158,1280,913,1896,0.482,267,708,0.377,462,640,0.722,337,1169,493,206,118,311,505
75,Duquesne,33,22,11,0.667,7.09,3.9,10.0,8.0,13,4,5,6,2350,2200,1320,826,1883,0.439,249,740,0.336,449,627,0.716,347,1161,440,250,144,389,577
76,East Carolina,33,15,18,0.455,-0.29,1.65,7.0,11.0,11,9,3,7,2287,2319,1330,803,1903,0.422,218,696,0.313,463,669,0.692,393,1154,406,260,92,358,516
77,East Tennessee State,35,19,16,0.543,-2.9,-2.54,8.0,10.0,10,4,5,11,2502,2435,1405,866,2131,0.406,272,876,0.311,498,730,0.682,486,1350,399,269,163,433,638
78,Eastern Illinois,32,14,18,0.438,-11.31,-6.2,8.0,10.0,9,6,4,11,2204,2172,1280,822,1951,0.421,179,560,0.32,381,521,0.731,349,1131,413,258,95,331,567
79,Eastern Kentucky,31,17,14,0.548,-5.07,-4.14,12.0,4.0,13,4,4,10,2504,2371,1245,917,1993,0.46,243,678,0.358,427,628,0.68,410,1244,453,196,190,356,502
80,Eastern Michigan,31,13,18,0.419,-12.47,-4.78,6.0,12.0,9,6,4,11,2047,2252,1255,783,1825,0.429,178,585,0.304,303,454,0.667,321,1069,321,179,77,361,508
81,Eastern Washington,32,21,11,0.656,-0.55,-2.51,15.0,3.0,11,1,10,9,2586,2407,1285,894,1783,0.501,273,749,0.364,525,681,0.771,258,1083,562,191,115,422,579
82,Elon,32,13,19,0.406,-11.18,-5.21,6.0,12.0,8,6,3,12,2339,2413,1280,824,1848,0.446,275,781,0.352,416,588,0.707,331,1082,418,201,85,379,503
83,Evansville,33,16,17,0.485,-3.36,0.95,6.0,14.0,10,5,4,11,2360,2428,1330,866,1933,0.448,224,664,0.337,404,559,0.723,259,1121,431,208,103,377,498
84,Fairfield,33,22,11,0.667,-2.54,-6.69,14.0,6.0,10,4,10,6,2514,2334,1320,890,1986,0.448,309,835,0.37,425,558,0.762,332,1119,446,285,76,360,475
85,Fairleigh Dickinson,32,15,17,0.469,-14.29,-9.15,9.0,7.0,7,7,8,9,2430,2482,1290,843,2012,0.419,268,812,0.33,476,680,0.7,364,1191,484,263,81,408,571
86,Florida,33,23,10,0.697,15.77,8.34,11.0,7.0,14,1,3,7,2818,2573,1345,991,2162,0.458,254,748,0.34,582,821,0.709,495,1423,498,217,176,390,603
87,Florida A&M,29,6,23,0.207,-15.78,-4.15,4.0,14.0,4,8,2,14,1949,2240,1180,727,1679,0.433,170,495,0.343,325,464,0.7,278,1002,414,173,82,442,541
88,Florida Atlantic,32,25,7,0.781,14.4,4.81,14.0,4.0,13,1,5,5,2651,2344,1305,944,1969,0.479,276,766,0.36,487,679,0.717,385,1220,486,231,94,353,513
89,Florida Gulf Coast,32,14,18,0.438,-5.91,-3.57,8.0,8.0,9,5,4,10,2253,2276,1285,827,1817,0.455,250,704,0.355,349,502,0.695,316,1098,375,193,108,363,464
90,Florida International,33,11,22,0.333,-7.72,-1.88,5.0,11.0,9,6,1,12,2429,2525,1325,882,2019,0.437,284,840,0.338,381,569,0.67,344,1044,465,337,135,451,595
91,Florida State,33,17,16,0.515,9.52,9.28,10.0,10.0,10,7,4,7,2526,2518,1325,903,1995,0.453,200,630,0.317,520,735,0.707,336,1098,406,305,142,392,651
92,Fordham,33,13,20,0.394,-0.24,1.7,6.0,12.0,6,11,4,6,2325,2389,1345,798,1993,0.4,265,841,0.315,464,701,0.662,430,1225,419,265,156,426,666
93,Fresno State,33,12,21,0.364,-2.79,3.99,4.0,14.0,7,9,3,9,2233,2439,1340,812,1794,0.453,229,690,0.332,380,555,0.685,260,1043,411,203,81,415,520
94,Furman,33,17,16,0.515,0.41,-1.73,10.0,8.0,12,3,4,10,2623,2506,1340,911,2054,0.444,320,988,0.324,481,661,0.728,371,1247,535,235,95,391,528
95,Gardner-Webb,33,17,16,0.515,-4.38,-1.45,11.0,5.0,9,4,6,8,2426,2414,1336,867,1992,0.435,249,722,0.345,443,702,0.631,370,1260,419,193,78,385,633
96,George Mason,32,20,12,0.625,6.68,2.17,9.0,9.0,14,3,5,7,2273,2109,1280,791,1720,0.46,218,637,0.342,473,637,0.743,323,1152,365,175,110,378,527
97,George Washington,32,15,17,0.469,-0.77,0.2,4.0,14.0,12,6,1,9,2457,2472,1315,841,1901,0.442,287,796,0.361,488,654,0.746,293,1180,395,189,153,397,465
98,Georgetown,32,9,23,0.281,0.63,7.66,2.0,18.0,7,12,2,10,2267,2492,1290,775,1867,0.415,265,766,0.346,452,633,0.714,390,1090,391,183,98,390,533
99,Georgia,33,17,16,0.515,8.58,8.37,6.0,12.0,12,6,4,6,2468,2461,1325,832,1939,0.429,265,789,0.336,539,745,0.723,330,1175,387,211,102,375,547
100,Georgia Southern,33,9,24,0.273,-8.11,-2.2,8.0,10.0,6,6,2,14,2420,2615,1335,847,1971,0.43,309,878,0.352,417,570,0.732,347,1130,354,228,132,436,662
101,Georgia State,31,14,17,0.452,-4.22,-2.22,8.0,10.0,9,5,5,11,2370,2319,1250,856,1967,0.435,234,718,0.326,424,560,0.757,325,1160,366,179,89,301,543
102,Georgia Tech,32,14,18,0.438,4.59,8.81,7.0,13.0,8,7,4,9,2272,2407,1300,810,1924,0.421,254,780,0.326,398,561,0.709,367,1219,425,140,128,393,527
103,Gonzaga,32,25,7,0.781,17.34,3.05,14.0,2.0,13,2,8,2,2716,2207,1280,1025,1985,0.516,219,619,0.354,447,620,0.721,350,1246,530,222,128,313,503
104,Grambling,33,19,14,0.576,-10.48,-6.31,14.0,4.0,9,3,7,9,2223,2281,1333,784,1787,0.439,170,506,0.336,485,686,0.707,320,1065,316,243,101,445,528
105,Grand Canyon,32,28,4,0.875,9.84,-1.78,17.0,3.0,16,0,8,3,2544,2134,1285,862,1845,0.467,232,671,0.346,588,780,0.754,377,1224,396,259,173,391,569
106,Green Bay,32,18,14,0.563,-5.37,-3.8,13.0,7.0,10,5,8,8,2209,2207,1290,780,1742,0.448,285,840,0.339,364,504,0.722,283,1061,412,140,69,384,552
107,Hampton,33,9,24,0.273,-15.58,-5.05,3.0,15.0,5,9,1,12,2369,2520,1320,853,2011,0.424,241,759,0.318,422,591,0.714,372,1221,421,193,123,411,537
108,Harvard,27,14,13,0.519,-4.3,-1.8,5.0,9.0,9,5,5,8,1900,1937,1090,665,1516,0.439,200,596,0.336,370,527,0.702,250,941,351,168,117,328,400
109,Hawaii,34,20,14,0.588,0.34,-2.16,11.0,9.0,13,6,4,6,2458,2337,1375,843,1841,0.458,265,776,0.341,507,706,0.718,287,1155,414,157,88,423,594
110,High Point,33,25,8,0.758,2.28,-5.05,13.0,3.0,16,2,7,5,2779,2449,1345,910,1973,0.461,283,814,0.348,676,868,0.779,439,1323,397,172,108,371,602
111,Hofstra,33,20,13,0.606,2.53,-1.75,12.0,6.0,11,2,5,10,2449,2259,1325,904,1918,0.471,330,890,0.371,311,413,0.753,254,1081,507,204,115,344,480
112,Holy Cross,33,10,23,0.303,-16.88,-7.63,6.0,12.0,5,8,4,14,2194,2462,1325,815,1857,0.439,249,704,0.354,315,476,0.662,273,1079,365,133,109,364,532
113,Houston,33,30,3,0.909,27.31,9.91,15.0,3.0,17,0,7,3,2442,1868,1330,881,2009,0.439,258,734,0.351,422,610,0.692,454,1246,433,334,159,290,590
114,Houston Christian,29,6,23,0.207,-18.84,-3.36,4.0,14.0,5,8,1,15,2074,2420,1165,759,1751,0.433,147,488,0.301,409,635,0.644,346,1076,330,162,82,445,422
115,Howard,33,17,16,0.515,-8.41,-7.7,9.0,5.0,9,4,6,9,2485,2462,1340,828,1828,0.453,266,708,0.376,563,755,0.746,371,1183,462,204,91,517,633
116,Idaho,32,11,21,0.344,-10.83,-4.23,5.0,13.0,6,10,4,10,2170,2278,1285,785,1778,0.442,243,726,0.335,357,487,0.733,254,1010,392,179,102,367,567
117,Idaho State,34,14,20,0.412,-7.02,-4.65,7.0,11.0,8,5,4,13,2397,2383,1385,875,1902,0.46,218,663,0.329,429,625,0.686,337,1093,408,238,121,372,546
118,Illinois,32,24,8,0.75,19.65,8.9,14.0,6.0,15,3,6,5,2679,2335,1290,934,1988,0.47,263,754,0.349,548,743,0.738,413,1326,410,139,121,348,485
119,Illinois State,32,15,17,0.469,-1.2,0.6,9.0,11.0,10,6,4,8,2128,2165,1280,743,1752,0.424,194,665,0.292,448,630,0.711,323,1114,400,178,72,360,502
120,Illinois-Chicago,33,12,21,0.364,-1.42,1.49,4.0,16.0,6,9,3,10,2319,2361,1345,844,1927,0.438,287,790,0.363,344,500,0.688,271,1110,459,203,176,408,583
121,Incarnate Word,31,8,23,0.258,-15.97,-7.49,3.0,15.0,5,8,3,14,2240,2436,1250,768,1795,0.428,236,712,0.331,468,644,0.727,333,1133,377,187,128,495,589
122,Indiana,33,19,14,0.576,8.06,10.06,10.0,10.0,13,5,4,6,2386,2452,1320,879,1848,0.476,166,513,0.324,462,696,0.664,293,1154,504,171,133,400,559
123,Indiana State,34,28,6,0.824,12.79,0.91,17.0,3.0,13,1,9,4,2870,2448,1365,992,1963,0.505,373,970,0.385,513,644,0.797,241,1214,594,209,62,402,558
124,Iona,33,16,17,0.485,-4.88,-5.64,10.0,10.0,9,5,5,8,2354,2329,1320,857,1984,0.432,271,768,0.353,369,566,0.652,345,1051,473,292,96,336,588
125,Iowa,32,18,14,0.563,13.24,9.27,10.0,10.0,12,4,4,8,2654,2527,1285,963,2026,0.475,208,600,0.347,520,668,0.778,315,1133,569,222,125,305,541
126,Iowa State,33,26,7,0.788,22.14,8.29,13.0,5.0,18,0,5,5,2500,2043,1320,898,1942,0.462,213,615,0.346,491,702,0.699,362,1122,519,346,101,354,549
127,IUPUI,32,6,26,0.188,-21.07,-4.38,2.0,18.0,4,10,2,14,2108,2554,1285,775,1768,0.438,110,444,0.248,448,609,0.736,316,944,332,244,67,468,558
128,Jackson State,32,15,17,0.469,-11.41,-7.07,11.0,7.0,6,2,7,13,2279,2418,1285,799,1923,0.415,211,650,0.325,470,668,0.704,417,1161,384,239,111,428,544
129,Jacksonville,33,16,17,0.485,-9.46,-4.5,5.0,11.0,11,3,4,14,2371,2389,1325,835,1918,0.435,214,650,0.329,485,688,0.705,412,1209,355,255,100,431,648
130,Jacksonville State,32,14,18,0.438,-3.28,-2.87,6.0,10.0,8,7,5,10,2240,2126,1285,803,1778,0.452,170,507,0.335,464,661,0.702,370,1178,354,216,126,433,524
131,James Madison,34,31,3,0.912,8.72,-4.77,15.0,3.0,14,1,12,2,2868,2352,1375,1031,2148,0.48,298,817,0.365,508,718,0.708,394,1321,558,306,103,366,584
132,Kansas,32,22,10,0.688,17.68,11.78,10.0,8.0,15,1,3,7,2408,2198,1285,898,1839,0.488,180,547,0.329,432,594,0.727,257,1151,602,233,124,371,467
133,Kansas City,32,16,16,0.5,-4.97,-4.15,10.0,6.0,10,3,6,9,2300,2217,1300,813,1903,0.427,269,811,0.332,405,568,0.713,367,1162,411,191,120,385,624
134,Kansas State,33,19,14,0.576,11.81,10.42,8.0,10.0,15,3,2,8,2372,2326,1355,804,1850,0.435,243,760,0.32,521,719,0.725,366,1237,459,194,138,490,576
135,Kennesaw State,31,15,16,0.484,-7.66,-5.48,6.0,10.0,9,5,4,11,2568,2504,1250,908,2035,0.446,292,888,0.329,460,682,0.674,380,1204,460,228,126,374,623
136,Kent State,33,17,16,0.515,-0.56,-2.43,8.0,10.0,9,6,4,9,2483,2362,1345,865,1950,0.444,278,769,0.362,475,635,0.748,364,1142,431,229,86,398,593
137,Kentucky,32,23,9,0.719,17.68,7.93,13.0,5.0,14,4,7,3,2862,2550,1295,1029,2071,0.497,318,772,0.412,486,629,0.773,321,1202,562,246,201,341,559
138,La Salle,33,16,17,0.485,-1.36,1.1,6.0,12.0,11,6,3,10,2398,2411,1340,877,2041,0.43,281,811,0.346,363,502,0.723,336,1142,484,209,110,316,550
139,Lafayette,32,11,21,0.344,-10.88,-5.71,10.0,8.0,5,10,6,9,2010,2154,1300,744,1823,0.408,227,728,0.312,295,438,0.674,279,1064,421,210,139,372,518
140,Lamar,33,19,14,0.576,-5.0,-7.8,12.0,6.0,11,3,5,11,2568,2406,1340,912,2025,0.45,248,717,0.346,496,679,0.73,412,1257,544,233,123,426,615
141,Le Moyne,32,15,17,0.469,-10.89,-9.37,9.0,7.0,10,3,5,14,2318,2245,1285,823,1906,0.432,315,910,0.346,357,469,0.761,270,1093,503,256,103,367,489
142,Lehigh,32,14,18,0.438,-7.2,-6.34,9.0,9.0,6,7,8,11,2326,2272,1310,829,1887,0.439,230,714,0.322,438,596,0.735,263,1137,422,231,73,386,532
143,Liberty,32,18,14,0.563,1.82,-1.32,7.0,9.0,12,3,2,8,2362,2096,1290,863,1848,0.467,324,880,0.368,312,472,0.661,279,1087,508,167,74,334,480
144,Lindenwood,31,9,22,0.29,-18.44,-6.94,3.0,15.0,4,10,3,12,2019,2266,1245,696,1726,0.403,149,527,0.283,478,653,0.732,272,983,249,191,77,373,541
145,Lipscomb,32,20,12,0.625,-1.58,-4.68,11.0,5.0,12,2,6,9,2626,2448,1280,960,1946,0.493,297,781,0.38,409,533,0.767,244,1064,465,196,110,321,414
146,Little Rock,33,21,12,0.636,-2.94,-8.12,14.0,4.0,14,4,6,6,2553,2382,1330,927,1964,0.472,207,607,0.341,492,657,0.749,362,1210,485,198,158,401,583
147,Long Beach State,34,20,14,0.588,-1.05,-1.55,10.0,10.0,8,5,9,7,2647,2580,1370,942,2097,0.449,185,602,0.307,578,817,0.707,419,1307,526,273,145,437,591
148,Long Island University,29,7,22,0.241,-17.67,-7.39,6.0,10.0,5,5,1,17,1929,2227,1170,706,1691,0.418,157,506,0.31,360,532,0.677,272,1014,363,187,88,422,557
149,Longwood,34,21,13,0.618,-1.43,-5.53,6.0,10.0,13,3,6,10,2569,2310,1380,917,2012,0.456,198,577,0.343,537,788,0.681,465,1325,437,240,87,426,623
150,Louisiana,33,19,14,0.576,-0.29,-2.35,10.0,8.0,11,3,5,9,2504,2365,1320,919,2025,0.454,251,743,0.338,415,569,0.729,371,1133,409,284,124,388,592
151,Louisiana State,32,17,15,0.531,8.67,7.02,9.0,9.0,12,5,3,7,2443,2390,1285,841,1847,0.455,245,694,0.353,516,718,0.719,335,1145,373,255,121,422,560
152,Louisiana Tech,32,22,10,0.688,5.06,-1.45,12.0,4.0,14,2,8,7,2392,2065,1290,823,1802,0.457,229,633,0.362,517,738,0.701,376,1244,404,240,161,398,500
153,Louisiana-Monroe,30,11,19,0.367,-9.66,-2.05,6.0,12.0,8,6,3,12,2096,2233,1205,751,1788,0.42,152,513,0.296,442,665,0.665,396,1133,381,219,66,374,539
154,Louisville,32,8,24,0.25,0.4,7.46,3.0,17.0,7,11,1,10,2304,2530,1285,799,1833,0.436,175,571,0.306,531,712,0.746,318,1100,356,174,83,410,544
155,Loyola (IL),32,23,9,0.719,7.15,2.47,15.0,3.0,15,2,7,4,2350,2154,1290,832,1838,0.453,268,750,0.357,418,612,0.683,301,1175,539,226,164,411,624
156,Loyola (MD),32,7,25,0.219,-15.92,-6.69,5.0,13.0,2,11,5,13,2049,2301,1295,737,1767,0.417,230,685,0.336,345,536,0.644,328,1097,410,189,69,436,518
157,Loyola Marymount,31,12,19,0.387,0.11,0.48,5.0,11.0,8,8,3,7,2244,2214,1240,802,1791,0.448,261,710,0.368,379,519,0.73,307,1082,369,114,81,333,504
158,Maine,32,15,17,0.469,-6.17,-4.66,7.0,9.0,8,4,5,13,2164,2159,1290,801,1831,0.437,173,587,0.295,389,541,0.719,255,1044,397,269,105,365,522
159,Manhattan,30,7,23,0.233,-15.04,-4.63,4.0,16.0,3,10,4,12,1985,2275,1215,740,1792,0.413,219,695,0.315,286,396,0.722,275,989,432,226,88,402,417
160,Marist,31,18,13,0.581,-5.34,-7.8,12.0,8.0,9,4,8,8,2004,1928,1240,726,1638,0.443,212,596,0.356,340,488,0.697,222,996,381,212,87,378,503
161,Marquette,33,25,8,0.758,19.93,10.59,14.0,6.0,14,2,7,5,2605,2297,1325,970,2018,0.481,295,822,0.359,370,519,0.713,293,1083,528,284,108,328,508
162,Marshall,33,13,20,0.394,-5.09,-1.06,7.0,11.0,8,7,3,9,2435,2531,1320,864,2117,0.408,270,870,0.31,437,615,0.711,406,1303,492,230,144,393,530
163,Maryland,33,16,17,0.485,10.87,7.72,7.0,13.0,11,6,4,8,2278,2174,1335,766,1854,0.413,201,696,0.289,545,757,0.72,380,1179,360,217,149,387,576
164,Maryland-Baltimore County,32,11,21,0.344,-8.48,-5.73,6.0,10.0,6,9,5,12,2517,2583,1285,955,2049,0.466,255,714,0.357,352,504,0.698,304,1179,417,163,126,418,505
165,Maryland-Eastern Shore,29,9,20,0.31,-17.24,-6.24,4.0,10.0,9,4,0,15,1890,2046,1175,668,1664,0.401,168,570,0.295,386,540,0.715,315,1014,312,203,81,399,508
166,Massachusetts,31,20,11,0.645,7.87,1.16,11.0,7.0,13,3,4,6,2401,2193,1245,858,1904,0.451,209,668,0.313,476,681,0.699,416,1188,483,236,93,345,579
167,Massachusetts-Lowell,31,22,9,0.71,-1.07,-6.21,11.0,5.0,12,3,10,6,2500,2195,1250,895,1878,0.477,183,556,0.329,527,717,0.735,357,1265,399,220,149,411,465
168,McNeese State,33,30,3,0.909,7.17,-7.24,17.0,1.0,18,0,11,3,2654,2030,1320,950,1928,0.493,252,649,0.388,502,726,0.691,368,1192,496,343,113,323,572
169,Memphis,32,22,10,0.688,9.27,4.52,11.0,7.0,13,2,7,6,2576,2424,1290,897,1952,0.46,266,759,0.35,514,709,0.725,383,1185,438,274,145,419,551
170,Mercer,33,16,17,0.485,-4.47,-2.37,8.0,10.0,10,6,4,9,2348,2371,1320,880,1961,0.449,210,608,0.345,378,565,0.669,368,1132,434,229,113,367,631
171,Merrimack,33,21,12,0.636,-5.08,-8.27,13.0,3.0,13,2,7,9,2283,2159,1330,795,1814,0.438,241,779,0.309,452,620,0.729,260,1034,409,325,121,436,532
172,Miami (FL),32,15,17,0.469,9.6,7.48,6.0,14.0,11,6,2,9,2424,2356,1285,889,1960,0.454,286,792,0.361,360,483,0.745,324,1174,454,229,100,386,419
173,Miami (OH),32,15,17,0.469,-6.16,-3.79,9.0,9.0,9,6,6,10,2259,2241,1285,798,1802,0.443,259,717,0.361,404,572,0.706,257,1063,462,202,99,375,552
174,Michigan,32,8,24,0.25,5.62,11.68,3.0,17.0,5,10,2,10,2334,2528,1295,829,1869,0.444,255,710,0.359,421,599,0.703,340,1134,400,133,114,414,549
175,Michigan State,33,19,14,0.576,17.92,10.74,10.0,10.0,14,4,3,7,2413,2176,1325,896,1945,0.461,211,587,0.359,410,581,0.706,336,1143,538,238,128,323,546
176,Middle Tennessee,33,14,19,0.424,-7.23,-0.3,7.0,9.0,11,6,1,10,2167,2319,1345,741,1843,0.402,241,774,0.311,444,631,0.704,344,1147,329,175,138,462,516
177,Milwaukee,35,20,15,0.571,-4.74,-4.19,12.0,8.0,12,4,6,9,2782,2753,1425,980,2198,0.446,277,861,0.322,545,750,0.727,473,1364,498,208,155,439,635
178,Minnesota,32,18,14,0.563,9.94,6.28,9.0,11.0,16,4,2,8,2413,2296,1285,855,1810,0.472,256,715,0.358,447,645,0.693,323,1119,555,197,146,383,521
179,Mississippi,32,20,12,0.625,8.58,7.55,7.0,11.0,14,4,4,7,2398,2365,1280,839,1876,0.447,241,660,0.365,479,658,0.728,333,1071,484,251,184,344,522
180,Mississippi State,33,21,12,0.636,14.92,8.83,8.0,10.0,11,4,2,8,2476,2275,1325,874,1917,0.456,242,739,0.327,486,721,0.674,406,1267,471,264,102,426,550
181,Mississippi Valley State,31,1,30,0.032,-26.13,-3.87,1.0,17.0,1,8,0,22,1719,2409,1245,613,1611,0.381,143,489,0.292,350,532,0.658,298,911,271,205,71,495,550
182,Missouri,32,8,24,0.25,3.54,7.58,0.0,18.0,6,11,2,10,2309,2438,1285,807,1838,0.439,233,730,0.319,462,583,0.792,293,992,390,245,154,370,642
183,Missouri State,33,17,16,0.515,1.15,1.18,8.0,12.0,9,5,4,10,2351,2352,1340,848,1931,0.439,223,711,0.314,432,608,0.711,335,1291,399,142,149,397,504
184,Monmouth,33,18,15,0.545,-2.91,-2.73,10.0,8.0,13,1,2,13,2390,2396,1321,860,1998,0.43,252,726,0.347,418,585,0.715,370,1167,432,236,114,345,559
185,Montana,34,23,11,0.676,-0.41,-3.6,12.0,6.0,13,3,8,7,2625,2433,1365,951,1961,0.485,262,733,0.357,461,581,0.793,282,1155,506,163,99,340,573
186,Montana State,34,17,17,0.5,-4.54,-3.86,9.0,9.0,10,7,4,10,2554,2518,1375,911,1954,0.466,306,833,0.367,426,581,0.733,232,1041,445,280,81,396,629
187,Morehead State,34,26,8,0.765,0.72,-6.05,14.0,4.0,14,1,9,7,2566,2135,1360,918,1956,0.469,318,882,0.361,412,584,0.705,395,1340,512,199,160,407,540
188,Morgan State,31,11,20,0.355,-15.85,-5.67,7.0,7.0,8,5,3,12,2253,2402,1250,840,1862,0.451,148,505,0.293,425,561,0.758,338,1099,388,192,111,451,594
189,Mount St. Mary's,32,13,19,0.406,-6.27,-7.18,9.0,11.0,8,5,5,13,2327,2298,1295,876,1852,0.473,217,615,0.353,358,494,0.725,312,1125,423,221,125,465,496
190,Murray State,32,12,20,0.375,0.58,1.8,9.0,11.0,8,8,4,9,2232,2237,1285,821,1841,0.446,209,651,0.321,381,547,0.697,299,1048,369,192,88,304,490
191,Navy,31,13,18,0.419,-11.42,-9.26,8.0,10.0,10,5,3,13,2060,2067,1250,716,1809,0.396,181,603,0.3,447,631,0.708,386,1104,376,207,63,317,559
192,NC State,35,21,14,0.6,11.13,7.59,9.0,11.0,12,5,4,7,2665,2541,1415,958,2142,0.447,248,719,0.345,501,684,0.732,371,1226,449,261,122,334,571
193,Nebraska,32,23,9,0.719,15.33,7.26,12.0,8.0,18,1,3,8,2473,2215,1295,853,1889,0.452,304,844,0.36,463,613,0.755,308,1216,492,204,86,359,503
194,Nevada,33,26,7,0.788,13.41,4.78,13.0,5.0,15,2,8,3,2522,2213,1325,856,1802,0.475,220,603,0.365,590,818,0.721,294,1137,498,206,119,330,585
195,Nevada-Las Vegas,31,19,12,0.613,8.97,6.39,12.0,6.0,12,6,7,3,2270,2103,1260,817,1784,0.458,210,630,0.333,426,588,0.724,328,1064,407,193,143,346,510
196,New Hampshire,31,16,15,0.516,-6.08,-3.54,7.0,9.0,9,5,7,10,2298,2297,1245,801,1934,0.414,275,848,0.324,421,565,0.745,285,1160,365,226,64,372,472
197,New Mexico,33,24,9,0.727,15.89,5.22,10.0,8.0,13,3,5,6,2718,2346,1320,996,2153,0.463,219,655,0.334,507,717,0.707,418,1306,491,295,162,335,586
198,New Mexico State,32,13,19,0.406,-8.31,1.05,7.0,9.0,12,3,1,13,2166,2318,1295,771,1822,0.423,206,626,0.329,418,617,0.677,286,1079,359,195,98,382,636
199,New Orleans,33,10,23,0.303,-16.3,-5.4,4.0,14.0,7,6,2,15,2427,2622,1326,846,2023,0.418,179,589,0.304,556,772,0.72,377,1139,391,254,118,407,629
200,Niagara,32,16,16,0.5,-8.11,-6.91,11.0,9.0,5,9,10,6,2319,2307,1295,822,1749,0.47,199,550,0.362,476,633,0.752,235,975,409,180,70,378,480
201,Nicholls State,34,20,14,0.588,-6.62,-4.84,13.0,5.0,10,2,8,10,2512,2514,1405,849,1909,0.445,284,778,0.365,530,731,0.725,325,1199,387,229,140,450,636
202,NJIT,28,7,21,0.25,-14.48,-4.29,3.0,13.0,5,8,2,13,1902,2101,1120,663,1681,0.394,201,666,0.302,375,529,0.709,321,972,294,201,92,311,535
203,Norfolk State,33,22,11,0.667,-6.22,-7.57,11.0,3.0,13,0,6,8,2452,2231,1325,849,1861,0.456,208,618,0.337,546,755,0.723,363,1131,407,289,105,405,624
204,North Alabama,32,15,17,0.469,-6.74,-4.58,8.0,8.0,10,4,5,13,2447,2435,1306,857,1931,0.444,246,679,0.362,487,634,0.768,317,1132,359,171,101,324,589
205,North Carolina,33,27,6,0.818,21.53,9.71,17.0,3.0,14,1,8,2,2694,2304,1325,930,2058,0.452,262,733,0.357,572,760,0.753,401,1361,476,191,137,343,547
206,North Carolina A&T,32,7,25,0.219,-16.09,-3.72,5.0,13.0,4,7,2,14,2098,2494,1280,726,1873,0.388,192,669,0.287,454,637,0.713,300,1020,326,180,104,300,488
207,North Carolina Central,31,18,13,0.581,-7.67,-8.63,9.0,5.0,11,2,6,9,2375,2139,1250,823,1812,0.454,233,681,0.342,496,714,0.695,349,1097,398,237,83,372,552
208,North Dakota,32,18,14,0.563,-5.87,-5.73,10.0,6.0,9,5,7,8,2408,2300,1285,858,1934,0.444,264,809,0.326,428,600,0.713,366,1171,371,202,96,324,485
209,North Dakota State,32,15,17,0.469,-7.21,-2.79,8.0,8.0,10,4,5,11,2388,2366,1315,873,1834,0.476,252,667,0.378,390,543,0.718,271,1097,370,139,43,355,468
210,North Florida,32,16,16,0.5,-6.59,-4.49,9.0,7.0,11,5,5,11,2496,2427,1295,849,1917,0.443,383,1063,0.36,415,542,0.766,284,1076,398,179,116,362,517
211,North Texas,32,18,14,0.563,8.86,4.23,10.0,8.0,11,4,5,5,2211,2020,1290,775,1785,0.434,265,702,0.377,396,536,0.739,364,1111,351,223,97,358,549
212,Northeastern,32,12,20,0.375,-5.85,-2.91,7.0,11.0,7,5,4,13,2221,2315,1280,810,1780,0.455,204,642,0.318,397,531,0.748,326,1062,435,200,107,398,485
213,Northern Arizona,33,14,19,0.424,-11.84,-3.84,7.0,11.0,7,5,6,12,2265,2529,1330,825,1883,0.438,207,663,0.312,408,586,0.696,274,1034,444,187,102,416,605
214,Northern Colorado,32,19,13,0.594,-3.95,-4.85,12.0,6.0,11,3,7,8,2568,2491,1320,950,1939,0.49,252,707,0.356,416,571,0.729,262,1112,475,200,78,356,537
215,Northern Illinois,31,11,20,0.355,-8.92,-1.13,5.0,13.0,5,9,5,11,2269,2399,1255,800,1802,0.444,227,696,0.326,442,658,0.672,320,1111,317,164,153,394,539
216,Northern Iowa,33,19,14,0.576,4.02,3.05,12.0,8.0,11,3,6,8,2417,2346,1330,843,1849,0.456,238,690,0.345,493,697,0.707,265,1117,414,206,85,340,547
217,Northern Kentucky,33,18,15,0.545,-3.36,-3.43,12.0,8.0,12,3,6,11,2470,2416,1340,882,1935,0.456,209,656,0.319,497,691,0.719,347,1141,456,284,86,407,543
218,Northwestern,32,21,11,0.656,12.78,8.09,12.0,8.0,15,2,4,7,2358,2208,1300,841,1832,0.459,266,675,0.394,410,548,0.748,269,997,502,222,105,280,568
219,Northwestern State,32,9,23,0.281,-13.93,-5.83,7.0,11.0,6,7,3,13,2257,2429,1300,808,1872,0.432,204,643,0.317,437,663,0.659,365,1107,368,223,105,425,598
220,Notre Dame,33,13,20,0.394,4.98,8.1,7.0,13.0,9,8,2,10,2113,2216,1335,742,1824,0.407,251,790,0.318,378,508,0.744,324,1185,335,189,80,413,497
221,Oakland,34,23,11,0.676,1.62,-1.88,15.0,5.0,10,3,9,7,2598,2479,1380,915,2035,0.45,291,829,0.351,477,629,0.758,358,1218,493,228,96,382,513
222,Ohio,33,20,13,0.606,0.75,-4.32,13.0,5.0,12,3,5,7,2551,2309,1335,901,1987,0.453,294,827,0.356,455,623,0.73,333,1153,464,235,118,321,562
223,Ohio State,33,20,13,0.606,14.13,8.71,9.0,11.0,13,4,2,8,2472,2293,1336,870,1922,0.453,232,673,0.345,500,653,0.766,354,1207,450,184,152,349,567
224,Oklahoma,32,20,12,0.625,15.19,8.6,8.0,10.0,14,4,3,6,2412,2201,1290,835,1797,0.465,239,692,0.345,503,677,0.743,310,1126,427,189,104,399,515
225,Oklahoma State,32,12,20,0.375,6.85,8.57,4.0,14.0,10,8,1,9,2272,2327,1295,793,1799,0.441,260,778,0.334,426,611,0.697,294,1078,428,200,92,413,511
226,Old Dominion,32,7,25,0.219,-7.97,-1.19,3.0,15.0,5,10,1,12,2268,2464,1290,841,2001,0.42,221,694,0.318,365,551,0.662,320,1134,330,251,123,349,581
227,Omaha,33,15,18,0.455,-6.94,-4.63,7.0,9.0,11,3,2,13,2441,2404,1330,845,1873,0.451,206,631,0.326,545,734,0.743,282,1111,336,200,73,326,552
228,Oral Roberts,31,12,19,0.387,-7.03,-2.21,5.0,11.0,9,5,2,13,2275,2334,1250,812,1846,0.44,285,790,0.361,366,493,0.742,235,1022,341,175,106,300,534
229,Oregon,33,22,11,0.667,11.98,8.62,12.0,8.0,13,3,6,5,2486,2375,1325,895,1960,0.457,247,724,0.341,449,628,0.715,329,1132,454,237,120,344,546
230,Oregon State,32,13,19,0.406,3.59,8.69,5.0,15.0,12,6,1,9,2204,2326,1310,772,1745,0.442,196,597,0.328,464,630,0.737,275,1041,355,192,119,395,593
231,Pacific,32,6,26,0.188,-17.16,0.11,0.0,16.0,5,12,1,13,2071,2553,1290,725,1762,0.411,203,643,0.316,418,650,0.643,209,875,422,195,64,377,551
232,Penn State,33,16,17,0.485,9.48,7.79,9.0,11.0,13,4,2,8,2478,2422,1330,854,1951,0.438,255,764,0.334,515,689,0.747,316,1065,417,275,112,366,603
233,Pennsylvania,29,11,18,0.379,-2.98,0.62,3.0,11.0,9,6,2,10,2159,2157,1180,781,1721,0.454,275,750,0.367,322,468,0.688,303,1042,428,173,67,323,431
234,Pepperdine,33,13,20,0.394,-1.89,0.95,5.0,11.0,9,8,3,8,2403,2443,1320,868,1924,0.451,225,624,0.361,442,628,0.704,334,1115,438,169,90,370,537
235,Pittsburgh,33,22,11,0.667,14.85,6.88,12.0,8.0,13,5,7,4,2495,2232,1320,873,1999,0.437,317,887,0.357,432,610,0.708,376,1223,452,208,147,297,510
236,Portland,33,12,21,0.364,-8.0,1.75,5.0,11.0,9,6,2,11,2360,2622,1325,826,1891,0.437,292,842,0.347,416,581,0.716,276,1112,446,136,72,394,490
237,Portland State,32,17,15,0.531,-6.66,-4.45,8.0,10.0,11,2,5,11,2302,2299,1289,809,1949,0.415,237,730,0.325,447,652,0.686,375,1181,379,226,107,361,579
238,Prairie View,31,10,21,0.323,-15.39,-6.91,5.0,13.0,5,6,4,15,2176,2368,1240,770,1831,0.421,149,489,0.305,487,675,0.721,303,952,373,283,87,396,626
239,Presbyterian,32,14,18,0.438,-7.99,-5.44,6.0,10.0,8,7,5,9,2390,2331,1285,866,1831,0.473,204,605,0.337,454,682,0.666,300,1064,416,219,104,367,600
240,Princeton,27,24,3,0.889,7.71,-1.74,12.0,2.0,12,0,11,3,2077,1758,1080,716,1554,0.461,283,782,0.362,362,445,0.813,223,911,397,147,53,218,358
241,Providence,34,21,13,0.618,12.73,8.85,10.0,10.0,14,4,4,7,2477,2345,1375,870,1959,0.444,284,867,0.328,453,630,0.719,314,1226,469,219,156,412,539
242,Purdue,32,29,3,0.906,25.09,11.4,17.0,3.0,16,0,7,3,2677,2239,1290,918,1876,0.489,270,658,0.41,571,793,0.72,389,1286,589,184,120,363,457
243,Purdue Fort Wayne,33,21,12,0.636,-0.17,-6.2,11.0,9.0,11,5,8,7,2669,2355,1330,961,2041,0.471,314,865,0.363,433,620,0.698,274,1066,449,308,104,339,569
244,Queens (NC),33,14,19,0.424,-8.43,-3.17,7.0,9.0,11,3,2,16,2643,2693,1320,928,2095,0.443,294,864,0.34,493,694,0.71,372,1220,435,230,91,377,573
245,Quinnipiac,33,24,9,0.727,-2.74,-7.14,15.0,5.0,13,3,10,5,2567,2358,1325,914,2025,0.451,247,700,0.353,492,631,0.78,354,1216,465,250,122,407,539
246,Radford,33,16,17,0.485,-5.43,-3.23,5.0,11.0,8,5,4,12,2377,2361,1335,871,1907,0.457,238,655,0.363,397,537,0.739,339,1143,366,183,116,357,561
247,Rhode Island,32,12,20,0.375,-2.05,3.08,6.0,12.0,9,8,3,8,2322,2443,1280,826,1800,0.459,209,599,0.349,461,713,0.647,332,1178,408,151,99,403,541
248,Rice,32,11,21,0.344,-2.86,2.33,5.0,13.0,6,10,5,7,2304,2421,1295,833,1880,0.443,251,744,0.337,387,557,0.695,330,1134,461,178,117,372,463
249,Richmond,32,23,9,0.719,8.32,2.07,15.0,3.0,15,1,7,5,2314,2114,1285,851,1828,0.466,236,646,0.365,376,513,0.733,179,1052,424,217,94,277,451
250,Rider,32,15,17,0.469,-5.42,-3.96,12.0,8.0,9,4,6,12,2309,2308,1295,836,1921,0.435,182,540,0.337,455,608,0.748,362,1202,427,210,124,398,560
251,Robert Morris,32,10,22,0.313,-9.29,-4.03,6.0,14.0,7,9,3,13,2326,2425,1300,833,1927,0.432,273,812,0.336,387,540,0.717,391,1159,431,157,92,443,564
252,Rutgers,32,15,17,0.469,7.72,8.87,7.0,13.0,12,5,3,9,2092,2129,1285,750,1927,0.389,175,610,0.287,417,634,0.658,392,1188,377,247,167,365,541
253,Sacramento State,34,10,24,0.294,-10.34,-3.18,4.0,14.0,6,8,2,13,2282,2394,1360,798,1855,0.43,258,780,0.331,428,598,0.716,399,1209,444,178,93,495,577
254,Sacred Heart,32,16,16,0.5,-9.76,-9.3,10.0,6.0,11,5,4,11,2372,2313,1280,864,1898,0.455,237,650,0.365,407,586,0.695,300,1079,440,279,161,373,540
255,Saint Francis (PA),30,8,22,0.267,-18.44,-7.97,3.0,13.0,6,8,2,14,1955,2181,1205,713,1682,0.424,193,576,0.335,336,551,0.61,357,1038,367,178,107,412,532
256,Saint Joseph's,33,21,12,0.636,6.94,1.45,9.0,9.0,14,3,3,9,2509,2328,1325,874,1960,0.446,333,931,0.358,428,588,0.728,336,1185,476,230,127,371,509
257,Saint Louis,33,13,20,0.394,-1.37,4.35,5.0,13.0,8,8,3,9,2473,2620,1320,845,1873,0.451,259,705,0.367,524,699,0.75,287,1107,426,200,101,388,596
258,Saint Mary's (CA),33,26,7,0.788,16.98,3.45,15.0,1.0,14,4,9,0,2450,1938,1330,910,1940,0.469,251,708,0.355,379,559,0.678,434,1305,534,216,129,334,535
259,Saint Peter's,31,18,13,0.581,-4.3,-6.07,12.0,8.0,8,5,8,8,2023,1967,1245,681,1731,0.393,182,553,0.329,479,668,0.717,393,1104,338,230,129,396,600
260,Sam Houston,33,21,12,0.636,-0.12,-1.48,13.0,3.0,12,2,7,9,2381,2282,1330,828,1948,0.425,245,697,0.352,480,663,0.724,393,1255,425,226,75,435,596
261,Samford,34,29,5,0.853,6.31,-3.66,15.0,3.0,18,0,8,5,2923,2514,1360,1024,2079,0.493,335,852,0.393,540,742,0.728,357,1217,596,340,130,448,647
262,San Diego,33,18,15,0.545,-5.05,0.59,7.0,9.0,12,6,4,7,2392,2550,1320,849,1978,0.429,233,677,0.344,461,633,0.728,331,1128,432,239,126,437,628
263,San Diego State,33,24,9,0.727,15.53,8.24,11.0,7.0,14,1,6,8,2475,2195,1345,860,1943,0.443,232,735,0.316,523,718,0.728,389,1257,433,245,129,366,579
264,San Francisco,33,23,10,0.697,9.72,-0.07,11.0,5.0,14,2,6,5,2571,2189,1325,967,1978,0.489,284,803,0.354,353,466,0.758,311,1119,534,272,114,379,608
265,San Jose State,32,9,23,0.281,-3.31,3.79,2.0,16.0,6,9,1,12,2228,2403,1290,832,1856,0.448,267,778,0.343,297,423,0.702,252,986,433,165,106,336,547
266,Santa Clara,33,20,13,0.606,5.61,1.96,10.0,6.0,11,4,5,6,2538,2384,1325,912,1984,0.46,271,766,0.354,443,620,0.715,397,1296,497,158,89,422,584
267,Seattle,33,19,14,0.576,3.38,-1.3,11.0,9.0,14,4,4,9,2428,2223,1350,853,1915,0.445,252,731,0.345,470,643,0.731,329,1212,438,185,99,421,627
268,Seton Hall,32,20,12,0.625,11.4,8.77,13.0,7.0,14,3,5,7,2329,2245,1295,837,1869,0.448,186,569,0.327,469,607,0.773,395,1192,402,238,147,408,497
269,Siena,32,4,28,0.125,-18.9,-4.9,3.0,17.0,2,12,2,13,1934,2382,1280,702,1758,0.399,169,603,0.28,361,541,0.667,375,1132,342,164,130,505,491
270,South Alabama,32,16,16,0.5,-5.6,-3.05,8.0,10.0,11,6,5,9,2367,2421,1300,835,1886,0.443,239,692,0.345,458,611,0.75,254,1057,341,216,88,362,532
271,South Carolina,33,26,7,0.788,11.58,6.51,13.0,5.0,14,3,8,3,2377,2210,1330,840,1914,0.439,263,785,0.335,434,608,0.714,379,1184,507,159,105,333,528
272,South Carolina State,32,14,18,0.438,-11.69,-6.02,9.0,5.0,9,4,5,13,2245,2390,1290,784,1914,0.41,200,620,0.323,477,692,0.689,477,1203,435,267,111,487,666
273,South Carolina Upstate,30,10,20,0.333,-9.07,-2.74,5.0,11.0,6,7,4,12,2130,2188,1215,780,1753,0.445,230,691,0.333,340,530,0.642,262,950,375,217,96,346,589
274,South Dakota,32,12,20,0.375,-12.19,-5.05,5.0,11.0,9,6,2,12,2434,2535,1300,875,1916,0.457,251,669,0.375,433,583,0.743,334,1198,391,115,56,411,511
275,South Dakota State,34,22,12,0.647,0.75,-3.12,12.0,4.0,11,3,6,5,2610,2408,1370,954,1976,0.483,290,799,0.363,412,582,0.708,282,1212,435,209,110,380,488
276,South Florida,30,24,6,0.8,7.82,0.49,16.0,2.0,15,2,7,4,2268,2048,1200,762,1727,0.441,263,722,0.364,481,654,0.735,295,1084,449,214,107,322,514
277,Southeast Missouri State,31,9,22,0.29,-18.0,-6.29,4.0,14.0,8,7,1,14,2078,2278,1245,764,1848,0.413,192,631,0.304,358,512,0.699,279,984,383,178,78,371,606
278,Southeastern Louisiana,32,15,17,0.469,-10.85,-5.68,10.0,8.0,9,4,6,10,2209,2271,1290,764,1769,0.432,235,677,0.347,446,613,0.728,343,1120,463,222,73,442,523
279,Southern,32,18,14,0.563,-8.64,-5.99,12.0,6.0,11,2,7,11,2275,2198,1290,807,1829,0.441,221,684,0.323,440,653,0.674,312,1020,440,291,105,456,631
280,Southern California,33,15,18,0.455,9.6,9.79,8.0,12.0,9,6,3,9,2446,2452,1340,872,1932,0.451,252,709,0.355,450,649,0.693,331,1123,515,247,172,418,560
281,Southern Illinois,32,19,13,0.594,4.28,0.69,11.0,9.0,13,5,5,6,2325,2183,1300,791,1746,0.453,264,761,0.347,479,629,0.762,270,1055,456,175,98,356,579
282,SIU Edwardsville,33,17,16,0.515,-8.8,-7.27,9.0,9.0,12,2,2,13,2360,2314,1320,832,1965,0.423,239,720,0.332,457,631,0.724,375,1175,374,226,137,352,550
283,Southern Indiana,32,8,24,0.25,-13.43,-5.39,5.0,13.0,5,10,3,13,2195,2335,1285,737,1811,0.407,215,664,0.324,506,679,0.745,319,1139,362,204,94,423,672
284,Southern Methodist,32,20,12,0.625,10.7,2.51,11.0,7.0,14,3,5,7,2443,2170,1285,903,2024,0.446,241,713,0.338,396,579,0.684,468,1283,506,271,157,362,537
285,Southern Mississippi,32,16,16,0.5,-5.61,-2.61,9.0,9.0,11,3,5,9,2236,2273,1280,775,1826,0.424,201,614,0.327,485,693,0.7,343,1177,376,229,154,411,550
286,Southern Utah,31,10,21,0.323,-5.68,-1.13,5.0,15.0,6,8,3,13,2326,2406,1245,820,1861,0.441,195,649,0.3,491,674,0.728,322,1049,375,202,92,373,548
287,St. Bonaventure,32,20,12,0.625,7.38,2.1,9.0,9.0,11,4,5,6,2364,2195,1295,830,1815,0.457,245,663,0.37,459,592,0.775,311,1057,401,211,124,347,542
288,St. John's (NY),33,20,13,0.606,16.32,9.42,11.0,9.0,13,5,5,6,2602,2374,1320,970,2139,0.453,237,696,0.341,425,584,0.728,476,1279,518,232,180,360,593
289,St. Thomas,33,20,13,0.606,-0.58,-5.38,9.0,7.0,12,2,6,9,2402,2140,1325,859,1824,0.471,299,829,0.361,385,528,0.729,255,1027,451,204,71,303,520
290,Stanford,32,14,18,0.438,7.69,7.82,8.0,12.0,10,6,3,8,2443,2447,1300,882,1886,0.468,286,774,0.37,393,540,0.728,248,1097,515,176,99,410,490
291,Stephen F. Austin,33,18,15,0.545,-0.9,-1.71,10.0,10.0,10,5,5,8,2463,2353,1345,849,1890,0.449,203,607,0.334,562,796,0.706,393,1184,422,295,93,530,697
292,Stetson,34,22,12,0.647,-4.43,-3.79,11.0,5.0,14,2,6,10,2635,2475,1365,933,1998,0.467,310,837,0.37,459,599,0.766,329,1186,459,181,104,355,504
293,Stonehill,31,4,27,0.129,-19.98,-5.98,2.0,14.0,4,8,0,19,1967,2360,1245,714,1788,0.399,253,834,0.303,286,415,0.689,257,1020,366,198,77,421,477
294,Stony Brook,35,20,15,0.571,-2.42,-2.45,10.0,8.0,13,3,4,11,2573,2531,1430,921,2101,0.438,277,775,0.357,454,614,0.739,336,1280,424,211,113,359,532
295,Syracuse,32,20,12,0.625,8.34,9.21,11.0,9.0,14,2,4,7,2442,2420,1280,883,1915,0.461,219,651,0.336,457,634,0.721,277,1064,442,290,129,364,493
296,Tarleton State,32,23,9,0.719,0.83,-0.52,16.0,4.0,11,3,10,5,2353,2199,1285,863,1901,0.454,180,553,0.325,447,590,0.758,348,1080,427,284,115,366,570
297,TCU,33,21,12,0.636,15.71,7.71,9.0,9.0,12,4,6,5,2615,2351,1340,940,2022,0.465,217,610,0.356,518,710,0.73,412,1222,562,299,124,424,580
298,Temple,34,15,19,0.441,-1.11,1.56,5.0,13.0,5,9,5,7,2408,2466,1390,826,2095,0.394,279,886,0.315,477,673,0.709,391,1241,377,250,99,335,571
299,Tennessee,32,24,8,0.75,21.83,10.23,14.0,4.0,14,2,8,3,2543,2172,1280,878,1976,0.444,279,816,0.342,508,678,0.749,374,1242,537,254,149,329,558
300,Tennessee State,33,18,15,0.545,-9.41,-7.41,10.0,8.0,11,3,5,10,2400,2343,1325,832,1881,0.442,217,667,0.325,519,687,0.755,327,1144,396,220,116,436,644
301,Tennessee Tech,31,10,21,0.323,-14.77,-6.02,5.0,13.0,7,8,3,13,2089,2289,1250,758,1692,0.448,202,608,0.332,371,522,0.711,191,957,379,156,90,369,421
302,Tennessee-Martin,32,21,11,0.656,-5.35,-7.02,14.0,4.0,12,2,9,7,2609,2455,1290,908,2045,0.444,279,779,0.358,514,667,0.771,325,1319,415,199,89,366,455
303,Texas,32,20,12,0.625,16.13,9.47,9.0,9.0,14,4,4,6,2449,2236,1285,890,1878,0.474,237,654,0.362,432,571,0.757,324,1106,503,230,144,364,559
304,Texas A&M,33,20,13,0.606,13.17,8.92,9.0,9.0,10,5,6,6,2453,2313,1325,834,2092,0.399,226,802,0.282,559,793,0.705,571,1410,374,235,97,316,539
305,Texas A&M-Commerce,33,13,20,0.394,-13.97,-4.64,6.0,12.0,8,7,4,12,2361,2462,1365,829,1996,0.415,288,922,0.312,415,592,0.701,316,1075,457,262,164,385,582
306,Texas A&M-Corpus Christi,32,21,11,0.656,-3.59,-6.84,14.0,4.0,13,2,8,7,2417,2127,1295,868,1980,0.438,181,592,0.306,500,708,0.706,418,1284,476,281,94,390,673
307,Texas Southern,31,16,15,0.516,-8.73,-7.2,12.0,6.0,7,4,6,10,2179,2189,1245,771,1862,0.414,231,721,0.32,406,563,0.721,344,1103,368,216,121,394,572
308,Texas State,35,17,18,0.486,-3.33,-0.36,7.0,11.0,9,4,5,11,2445,2452,1410,883,1988,0.444,159,488,0.326,520,747,0.696,388,1243,413,258,118,470,617
309,Texas Tech,33,23,10,0.697,16.06,9.82,11.0,7.0,15,2,4,6,2494,2288,1325,853,1881,0.453,282,773,0.365,506,650,0.778,326,1155,486,201,84,368,488
310,Texas-Rio Grande Valley,31,6,25,0.194,-13.31,-0.83,2.0,18.0,5,9,1,14,2181,2473,1250,754,1801,0.419,160,547,0.293,513,728,0.705,290,1037,400,251,92,434,563
311,The Citadel,32,11,21,0.344,-6.41,-2.79,3.0,15.0,7,7,2,13,2260,2289,1285,819,1782,0.46,197,600,0.328,425,602,0.706,300,1094,359,179,84,385,447
312,Toledo,32,20,12,0.625,2.03,-1.85,14.0,4.0,12,3,8,5,2560,2436,1290,920,1926,0.478,207,550,0.376,513,680,0.754,318,1081,430,233,64,342,498
313,Towson,34,20,14,0.588,0.48,-1.97,11.0,7.0,12,2,6,6,2296,2164,1375,818,1934,0.423,216,659,0.328,444,672,0.661,491,1337,381,210,142,413,565
314,Troy,32,20,12,0.625,1.52,-2.89,13.0,5.0,15,2,5,9,2546,2261,1300,859,1950,0.441,276,787,0.351,552,753,0.733,427,1230,438,331,105,441,611
315,Tulane,31,14,17,0.452,3.99,3.03,5.0,13.0,11,6,2,8,2540,2481,1260,856,1798,0.476,233,653,0.357,595,813,0.732,217,1030,440,243,136,347,530
316,Tulsa,31,16,15,0.516,-0.86,-0.66,7.0,11.0,14,4,2,9,2325,2290,1255,779,1775,0.439,239,731,0.327,528,717,0.736,270,1091,392,243,105,403,543
317,UAB,32,21,11,0.656,4.56,3.72,12.0,6.0,12,5,7,5,2468,2406,1300,854,1909,0.447,193,600,0.322,567,758,0.748,415,1220,427,209,148,376,504
318,UC Davis,32,20,12,0.625,-0.76,-2.46,14.0,6.0,10,6,8,6,2281,2172,1290,774,1744,0.444,224,659,0.34,509,684,0.744,316,1060,398,253,112,435,617
319,UC Irvine,33,24,9,0.727,7.33,-1.01,17.0,3.0,13,0,8,8,2564,2237,1330,937,1962,0.478,191,547,0.349,499,661,0.755,345,1247,518,212,112,387,606
320,UC Riverside,34,16,18,0.471,-3.88,-0.85,10.0,10.0,10,5,4,12,2404,2448,1366,842,2122,0.397,287,904,0.317,433,604,0.717,420,1256,446,191,48,326,586
321,UC San Diego,32,21,11,0.656,2.85,-2.21,15.0,5.0,14,2,7,8,2455,2213,1295,856,1877,0.456,283,799,0.354,460,606,0.759,305,1113,415,201,89,309,515
322,UC Santa Barbara,31,16,15,0.516,-2.76,-2.59,9.0,11.0,9,7,6,7,2337,2280,1250,826,1684,0.49,187,519,0.36,498,677,0.736,252,1081,417,152,99,405,511
323,Central Florida,32,17,15,0.531,12.86,8.8,7.0,11.0,11,7,3,7,2289,2159,1285,789,1881,0.419,216,673,0.321,495,700,0.707,394,1205,369,279,164,400,577
324,UCLA,33,16,17,0.485,7.77,8.11,10.0,10.0,9,7,5,6,2177,2160,1320,762,1820,0.419,183,552,0.332,470,644,0.73,339,1115,368,192,109,358,609
325,UNC Asheville,34,22,12,0.647,-1.66,-2.72,12.0,4.0,12,2,5,7,2682,2485,1375,906,1950,0.465,277,759,0.365,593,799,0.742,319,1182,534,203,146,403,581
326,UNC Greensboro,32,21,11,0.656,-0.06,-2.69,12.0,6.0,11,3,7,7,2422,2233,1290,865,1878,0.461,322,812,0.397,370,507,0.73,319,1133,473,223,81,349,549
327,UNC Wilmington,31,21,10,0.677,1.5,-2.61,12.0,6.0,10,2,10,6,2461,2202,1260,863,1871,0.461,258,741,0.348,477,628,0.76,330,1066,379,202,75,266,527
328,UT Arlington,33,20,13,0.606,2.66,0.43,13.0,7.0,12,3,5,10,2540,2403,1325,855,1930,0.443,295,834,0.354,535,725,0.738,395,1241,525,234,129,500,673
329,Utah,33,19,14,0.576,15.07,9.64,9.0,11.0,14,2,2,9,2576,2397,1335,958,2058,0.466,294,822,0.358,366,564,0.649,340,1287,568,198,136,384,530
330,Utah State,33,27,6,0.818,12.21,4.79,14.0,4.0,14,1,8,4,2633,2319,1340,943,1912,0.493,209,632,0.331,538,752,0.715,320,1198,541,223,135,368,561
331,Utah Tech,31,11,20,0.355,-8.04,-1.14,7.0,13.0,6,7,5,13,2194,2389,1250,771,1724,0.447,201,596,0.337,451,699,0.645,307,1070,401,205,133,495,647
332,Utah Valley,32,16,16,0.5,-1.3,0.0,11.0,9.0,10,4,5,10,2199,2195,1290,801,1851,0.433,154,540,0.285,443,655,0.676,335,1179,477,222,143,395,578
333,UTEP,33,18,15,0.545,-1.14,-1.17,7.0,9.0,13,5,2,9,2399,2270,1330,836,1862,0.449,185,585,0.316,542,787,0.689,349,1088,426,380,94,481,654
334,UTSA,32,11,21,0.344,-4.92,-0.37,5.0,13.0,7,9,4,11,2483,2591,1300,837,2040,0.41,311,922,0.337,498,701,0.71,419,1289,444,161,133,360,573
335,Valparaiso,32,7,25,0.219,-8.14,1.28,3.0,17.0,6,11,1,13,2163,2416,1280,796,1961,0.406,234,721,0.325,337,471,0.715,320,1064,384,197,113,353,521
336,Vanderbilt,32,9,23,0.281,0.48,8.45,4.0,14.0,8,10,1,9,2173,2428,1285,748,1877,0.399,209,738,0.283,468,660,0.709,344,1102,300,196,92,333,489
337,Vermont,33,27,6,0.818,2.87,-4.0,15.0,1.0,15,1,10,4,2393,2080,1325,859,1869,0.46,287,833,0.345,388,540,0.719,251,1154,454,187,129,304,450
338,Villanova,33,18,15,0.545,14.86,9.83,10.0,10.0,10,5,4,8,2327,2161,1350,805,1894,0.425,309,910,0.34,408,501,0.814,283,1152,426,189,81,314,507
339,Virginia,33,23,10,0.697,11.01,7.01,13.0,7.0,15,2,5,6,2098,1966,1335,794,1831,0.434,217,598,0.363,293,460,0.637,291,1083,503,235,168,270,445
340,Virginia Commonwealth,33,21,12,0.636,8.89,3.77,11.0,7.0,13,6,5,4,2386,2217,1330,794,1788,0.444,287,785,0.366,511,654,0.781,305,1172,461,208,139,403,550
341,VMI,32,4,28,0.125,-20.4,-2.19,1.0,17.0,4,10,0,15,2204,2644,1285,818,1935,0.423,210,673,0.312,358,517,0.692,299,1170,335,179,82,507,539
342,Virginia Tech,32,18,14,0.563,11.81,7.87,10.0,10.0,14,2,2,9,2400,2274,1280,834,1787,0.467,264,753,0.351,468,592,0.791,248,1026,483,169,81,353,505
343,Wagner,31,16,15,0.516,-10.82,-9.47,7.0,9.0,7,5,9,10,1970,1925,1255,706,1800,0.392,223,692,0.322,335,472,0.71,358,1131,397,185,69,310,478
344,Wake Forest,33,20,13,0.606,15.19,7.47,11.0,9.0,16,1,2,9,2580,2325,1330,915,1920,0.477,269,724,0.372,481,605,0.795,275,1122,412,195,136,358,513
345,Washington,32,17,15,0.531,12.13,8.66,9.0,11.0,11,6,5,6,2579,2468,1305,931,1980,0.47,258,728,0.354,459,636,0.722,301,1151,482,184,118,374,585
346,Washington State,33,24,9,0.727,14.32,6.89,14.0,6.0,15,2,6,4,2452,2207,1330,905,1940,0.466,211,621,0.34,431,615,0.701,370,1244,414,173,160,357,553
347,Weber State,32,20,12,0.625,0.01,-3.65,11.0,7.0,12,2,7,7,2414,2161,1290,843,1797,0.469,251,721,0.348,477,637,0.749,248,1025,390,221,53,316,495
348,West Virginia,32,9,23,0.281,4.29,11.32,4.0,14.0,9,9,0,9,2234,2459,1290,767,1784,0.43,233,667,0.349,467,662,0.705,293,1080,417,139,114,405,487
349,Western Carolina,32,22,10,0.688,2.17,-3.14,11.0,7.0,12,3,10,6,2459,2198,1295,902,1963,0.46,261,713,0.366,394,553,0.712,335,1269,367,141,103,330,536
350,Western Illinois,33,21,12,0.636,-8.47,-7.09,13.0,5.0,10,5,10,6,2272,2167,1330,826,1936,0.427,195,611,0.319,425,691,0.615,482,1397,421,173,185,436,470
351,Western Kentucky,32,21,11,0.656,1.32,-3.44,8.0,8.0,12,2,6,7,2581,2373,1281,941,2011,0.468,222,646,0.344,477,666,0.716,336,1274,427,240,100,436,591
352,Western Michigan,32,12,20,0.375,-9.02,-3.51,9.0,9.0,7,7,3,12,2281,2396,1295,828,1912,0.433,253,747,0.339,372,595,0.625,402,1212,418,169,87,428,550
353,Wichita State,34,15,19,0.441,2.35,3.53,5.0,13.0,10,5,2,10,2475,2484,1370,935,2091,0.447,220,660,0.333,385,552,0.697,396,1339,413,213,142,419,522
354,William & Mary,33,10,23,0.303,-11.08,-5.3,4.0,14.0,7,7,2,13,2305,2380,1325,787,1910,0.412,296,916,0.323,435,620,0.702,341,1161,407,156,56,357,560
355,Winthrop,32,17,15,0.531,-1.75,-3.2,8.0,8.0,11,5,6,9,2475,2287,1310,818,1763,0.464,238,697,0.341,601,856,0.702,341,1134,380,201,89,415,570
356,Wisconsin,33,21,12,0.636,16.68,11.1,11.0,9.0,14,3,3,9,2464,2280,1330,871,1878,0.464,234,661,0.354,488,644,0.758,330,1126,410,203,55,327,527
357,Wofford,32,17,15,0.531,-3.68,-1.4,10.0,8.0,11,2,6,9,2384,2362,1300,874,1905,0.459,306,852,0.359,330,532,0.62,337,1190,494,142,86,373,522
358,Wright State,32,18,14,0.563,0.03,-3.37,13.0,7.0,9,7,7,6,2767,2599,1295,1033,1948,0.53,218,569,0.383,483,638,0.757,290,1111,529,200,90,379,499
359,Wyoming,32,15,17,0.469,1.0,5.04,8.0,10.0,9,5,3,10,2331,2383,1290,791,1755,0.451,241,648,0.372,508,686,0.741,307,1103,374,165,80,408,500
360,Xavier,33,16,17,0.485,12.32,11.01,9.0,11.0,11,7,3,8,2503,2460,1320,895,2056,0.435,224,658,0.34,489,657,0.744,393,1257,536,231,110,381,556
361,Yale,29,20,9,0.69,4.73,-0.6,11.0,3.0,9,2,9,6,2199,1947,1180,824,1744,0.472,211,605,0.349,340,473,0.719,291,1065,439,178,93,275,439
362,Youngstown State,32,22,10,0.688,1.23,-4.84,14.0,6.0,14,3,8,7,2598,2269,1290,931,2064,0.451,282,872,0.323,454,589,0.771,409,1279,490,198,156,353,520
