,Unnamed: 0_level_0,Unnamed: 1_level_0,Overall,Overall,Overall,Overall,Overall,Overall,Unnamed: 8_level_0,Conf.,Conf.,Unnamed: 11_level_0,Home,Home,Unnamed: 14_level_0,Away,Away,Unnamed: 17_level_0,Points,Points,Unnamed: 20_level_0,Opponent,Opponent,Opponent,Opponent,Opponent,Opponent,Opponent,Opponent,Opponent,Opponent,Opponent,Opponent,Opponent,Opponent,Opponent,Opponent,Opponent
,Rk,School,G,W,L,W-L%,SRS,SOS,Unnamed: 8_level_1,W,L,Unnamed: 11_level_1,W,L,Unnamed: 14_level_1,W,L,Unnamed: 17_level_1,Tm.,Opp.,Unnamed: 20_level_1,MP,FG,FGA,FG%,3P,3PA,3P%,FT,FTA,FT%,ORB,TRB,AST,STL,BLK,TOV,PF
0,1,Abilene Christian,9,3,6,.333,-2.53,1.91,,0,2,,0,3,,1,2,,628,668,,365,228,495,.461,57,172,.331,155,215,.721,98,354,110,57,32,146,181
1,2,Air Force,9,7,2,.778,-0.39,-7.28,,,,,4,1,,3,1,,610,548,,365,194,497,.390,55,182,.302,105,156,.673,91,306,87,44,19,112,157
2,3,Akron,8,5,3,.625,5.40,2.54,,,,,3,0,,1,1,,602,524,,320,203,458,.443,54,158,.342,64,101,.634,64,242,112,66,20,110,138
3,4,Alabama,8,6,2,.750,23.82,4.57,,,,,5,1,,0,0,,753,599,,320,211,485,.435,59,181,.326,118,170,.694,82,253,82,53,31,102,183
4,5,Alabama A&M,7,1,6,.143,-19.53,-1.53,,,,,1,0,,0,5,,476,602,,285,193,402,.480,69,178,.388,147,197,.746,78,272,125,63,27,98,144
5,6,Alabama State,8,4,4,.500,-10.02,1.48,,,,,2,0,,0,4,,617,602,,325,200,488,.410,73,232,.315,129,186,.694,91,325,122,48,28,110,130
6,7,Albany (NY),9,6,3,.667,-6.36,-7.73,,,,,4,0,,2,3,,707,657,,360,236,568,.415,44,156,.282,141,190,.742,93,319,103,62,41,112,146
7,8,Alcorn State,8,1,7,.125,-11.78,7.65,,,,,1,0,,0,7,,553,681,,320,230,474,.485,87,231,.377,134,195,.687,92,312,160,52,39,97,157
8,9,American,10,4,6,.400,-10.75,-6.64,,,,,4,1,,0,5,,739,747,,405,265,551,.481,90,242,.372,127,186,.683,84,317,129,50,26,110,168
9,10,Appalachian State,9,7,2,.778,7.94,0.37,,,,,5,0,,0,2,,719,552,,365,196,576,.340,56,217,.258,104,156,.667,106,331,84,53,20,100,144
10,11,Arizona,7,7,0,1.000,32.49,1.64,,,,,5,0,,1,0,,654,438,,280,163,423,.385,52,165,.315,60,96,.625,47,196,87,52,22,113,140
11,12,Arizona State,8,6,2,.750,9.02,7.14,,,,,5,0,,0,0,,547,532,,320,197,502,.392,56,206,.272,82,119,.689,103,342,102,46,15,118,156
12,13,Arkansas,9,6,3,.667,10.00,3.67,,,,,5,1,,0,0,,742,685,,370,234,563,.416,70,202,.347,147,215,.684,96,315,116,58,16,107,201
13,14,Arkansas State,9,2,7,.222,-5.86,2.03,,,,,1,1,,0,5,,659,730,,360,247,536,.461,48,140,.343,188,253,.743,100,344,113,84,49,97,155
14,15,Arkansas-Pine Bluff,10,4,6,.400,-18.19,1.38,,,,,3,1,,1,5,,856,881,,400,324,660,.491,87,262,.332,146,199,.734,118,405,198,70,41,149,174
15,16,Army,9,2,7,.222,-17.86,-9.49,,,,,2,3,,0,4,,541,573,,360,207,472,.439,56,178,.315,103,148,.696,64,304,110,66,30,110,142
16,17,Auburn,7,5,2,.714,16.25,3.10,,,,,3,0,,0,1,,550,458,,280,150,402,.373,36,135,.267,122,159,.767,79,241,59,48,15,95,142
17,18,Austin Peay,10,4,6,.400,-11.47,-1.61,,,,,3,1,,0,4,,681,651,,400,228,531,.429,60,229,.262,135,203,.665,98,349,125,50,21,146,143
18,19,Ball State,9,7,2,.778,-7.41,-7.70,,,,,6,0,,1,2,,682,578,,360,222,508,.437,54,173,.312,80,115,.696,75,271,104,53,25,129,181
19,20,Baylor,9,9,0,1.000,25.06,1.81,,,,,6,0,,0,0,,820,608,,360,225,549,.410,54,188,.287,104,138,.754,98,264,112,53,41,119,197
20,,,Overall,Overall,Overall,Overall,Overall,Overall,,Conf.,Conf.,,Home,Home,,Away,Away,,Points,Points,,Opponent,Opponent,Opponent,Opponent,Opponent,Opponent,Opponent,Opponent,Opponent,Opponent,Opponent,Opponent,Opponent,Opponent,Opponent,Opponent,Opponent
21,Rk,School,G,W,L,W-L%,SRS,SOS,,W,L,,W,L,,W,L,,Tm.,Opp.,,MP,FG,FGA,FG%,3P,3PA,3P%,FT,FTA,FT%,ORB,TRB,AST,STL,BLK,TOV,PF
22,21,Bellarmine,10,3,7,.300,-6.61,1.26,,,,,2,1,,1,6,,681,689,,400,247,578,.427,79,245,.322,116,165,.703,100,364,133,52,33,124,141
23,22,Belmont,10,7,3,.700,-0.75,1.14,,2,0,,4,0,,2,2,,812,795,,405,303,668,.454,78,249,.313,111,160,.694,117,370,152,75,22,124,167
24,23,Bethune-Cookman,8,4,4,.500,-15.59,-7.76,,,,,4,0,,0,2,,629,568,,320,180,427,.422,60,167,.359,148,204,.725,80,288,95,64,15,173,149
25,24,Binghamton,9,5,4,.556,-9.27,-4.52,,,,,3,0,,2,4,,648,632,,360,225,548,.411,68,204,.333,114,173,.659,95,319,100,67,42,97,166
26,25,Boise State,8,5,3,.625,8.51,11.51,,,,,3,0,,0,1,,548,535,,320,198,452,.438,41,141,.291,98,132,.742,68,269,87,46,34,106,147
27,26,Boston College,9,6,3,.667,7.33,1.77,,0,1,,4,1,,2,0,,687,637,,365,231,538,.429,76,201,.378,99,132,.750,85,317,115,50,36,119,139
28,27,Boston University,9,3,6,.333,-9.22,-2.47,,,,,2,1,,1,5,,593,606,,360,210,493,.426,65,205,.317,121,179,.676,63,315,106,64,27,106,130
29,28,Bowling Green State,8,5,3,.625,-1.81,-4.06,,,,,2,1,,1,1,,558,540,,320,199,478,.416,54,155,.348,88,137,.642,76,283,89,57,31,95,138
30,29,Bradley,9,6,3,.667,6.34,4.45,,0,2,,3,1,,1,2,,654,637,,370,223,540,.413,60,199,.302,131,189,.693,112,338,107,69,22,112,151
31,30,Brigham Young,8,8,0,1.000,31.03,-1.84,,,,,5,0,,0,0,,735,472,,320,183,471,.389,34,152,.224,72,117,.615,60,239,82,50,10,106,124
32,31,Brown,11,3,8,.273,-5.30,-0.60,,,,,1,2,,1,4,,782,788,,451,280,638,.439,79,225,.351,149,226,.659,98,395,137,75,38,143,214
33,32,Bryant,10,6,4,.600,-4.04,-1.79,,,,,3,1,,3,3,,782,705,,400,252,680,.371,68,240,.283,133,197,.675,136,438,126,73,26,121,168
34,33,Bucknell,10,3,7,.300,-8.39,1.31,,,,,1,2,,2,5,,632,729,,400,263,557,.472,89,247,.360,114,166,.687,92,339,163,67,32,113,167
35,34,Buffalo,9,1,8,.111,-14.00,2.25,,,,,1,3,,0,3,,613,737,,360,276,555,.497,83,215,.386,102,156,.654,86,297,152,86,31,96,151
36,35,Butler,9,7,2,.778,14.97,0.75,,,,,5,0,,0,1,,739,611,,365,230,574,.401,65,224,.290,86,130,.662,106,320,108,65,33,111,154
37,36,Cal Poly,9,3,6,.333,-10.87,-1.24,,,,,2,0,,0,5,,612,671,,375,226,496,.456,60,171,.351,159,231,.688,104,354,105,44,35,113,172
38,37,Cal State Bakersfield,8,4,4,.500,-10.19,2.48,,,,,3,0,,0,3,,558,553,,320,186,454,.410,65,182,.357,116,158,.734,106,288,93,37,21,113,125
39,38,Cal State Fullerton,9,5,4,.556,-6.47,2.53,,,,,3,0,,1,3,,621,604,,360,218,520,.419,64,211,.303,104,152,.684,89,304,122,66,28,115,170
40,39,Cal State Northridge,8,5,3,.625,-7.23,-12.52,,,,,2,1,,3,2,,632,564,,320,189,473,.400,70,222,.315,116,167,.695,60,240,116,74,28,109,138
41,40,California,8,3,5,.375,0.14,-1.61,,,,,3,2,,0,0,,597,583,,325,198,461,.430,60,174,.345,127,169,.751,73,245,73,51,20,81,151
42,,,Overall,Overall,Overall,Overall,Overall,Overall,,Conf.,Conf.,,Home,Home,,Away,Away,,Points,Points,,Opponent,Opponent,Opponent,Opponent,Opponent,Opponent,Opponent,Opponent,Opponent,Opponent,Opponent,Opponent,Opponent,Opponent,Opponent,Opponent,Opponent
43,Rk,School,G,W,L,W-L%,SRS,SOS,,W,L,,W,L,,W,L,,Tm.,Opp.,,MP,FG,FGA,FG%,3P,3PA,3P%,FT,FTA,FT%,ORB,TRB,AST,STL,BLK,TOV,PF
44,41,California Baptist,8,6,2,.750,2.21,-5.45,,1,1,,5,2,,1,0,,579,506,,320,192,454,.423,42,132,.318,80,115,.696,62,257,80,44,25,96,163
45,42,Campbell,9,3,6,.333,-10.85,-3.98,,,,,3,2,,0,4,,546,570,,365,206,506,.407,58,220,.264,100,129,.775,100,304,110,71,22,109,153
46,43,Canisius,10,6,4,.600,-0.07,-2.18,,1,1,,3,1,,1,2,,783,724,,400,267,628,.425,46,191,.241,144,218,.661,125,368,115,66,45,119,180
47,44,Central Arkansas,10,1,9,.100,-19.39,-5.73,,,,,1,3,,0,6,,697,777,,400,265,593,.447,98,258,.380,149,212,.703,120,389,135,73,26,127,162
48,45,Central Connecticut State,8,3,5,.375,-10.30,-7.01,,,,,2,1,,1,4,,587,553,,320,209,463,.451,55,165,.333,80,129,.620,75,277,123,54,19,111,127
49,46,Central Florida,8,6,2,.750,11.01,-0.87,,,,,4,1,,0,1,,634,539,,325,172,440,.391,59,174,.339,136,183,.743,70,278,91,60,25,134,150
50,47,Central Michigan,8,3,5,.375,-10.47,-0.34,,,,,1,1,,1,3,,521,602,,320,215,460,.467,62,179,.346,110,138,.797,86,281,120,58,26,106,124
51,48,Charleston Southern,8,3,5,.375,-20.34,-4.84,,,,,3,1,,0,4,,566,583,,320,203,471,.431,41,132,.311,136,189,.720,94,277,72,61,13,86,133
52,49,Charlotte,8,5,3,.625,8.80,2.43,,,,,4,1,,0,0,,546,495,,325,177,440,.402,52,165,.315,89,119,.748,69,249,83,40,19,91,129
53,50,Chattanooga,8,5,3,.625,-5.19,-6.62,,,,,4,1,,1,2,,607,552,,325,204,494,.413,64,199,.322,80,122,.656,82,264,91,51,16,86,143
54,51,Chicago State,11,3,8,.273,-12.21,-6.30,,,,,1,4,,1,3,,730,795,,445,289,603,.479,65,221,.294,152,222,.685,117,400,136,78,34,177,208
55,52,Cincinnati,7,7,0,1.000,19.44,-2.85,,,,,6,0,,1,0,,611,455,,285,174,415,.419,39,137,.285,68,96,.708,49,207,80,35,29,88,115
56,53,Clemson,8,8,0,1.000,17.32,6.57,,1,0,,4,0,,2,0,,634,548,,320,186,462,.403,64,190,.337,112,161,.696,72,269,87,46,18,79,131
57,54,Cleveland State,10,6,4,.600,-2.60,-3.38,,1,1,,6,0,,0,4,,747,679,,400,248,569,.436,62,204,.304,121,205,.590,131,372,128,67,36,152,185
58,55,Coastal Carolina,8,3,5,.375,-8.55,-2.05,,,,,3,5,,0,0,,644,617,,325,213,537,.397,86,262,.328,105,154,.682,113,305,113,62,23,93,126
59,56,Colgate,9,5,4,.556,2.02,3.15,,,,,3,1,,0,2,,637,568,,360,210,535,.393,67,220,.305,81,128,.633,81,307,117,52,23,106,109
60,57,College of Charleston,8,4,4,.500,1.43,4.56,,,,,1,0,,2,1,,581,606,,320,215,475,.453,62,187,.332,114,155,.735,78,305,90,65,30,101,148
61,58,Colorado,8,6,2,.750,14.08,-0.04,,,,,5,0,,0,1,,670,557,,325,192,463,.415,59,175,.337,114,157,.726,70,226,72,69,22,102,161
62,59,Colorado State,9,9,0,1.000,21.73,7.18,,,,,5,0,,1,0,,772,641,,360,234,531,.441,60,186,.323,113,149,.758,84,287,104,40,22,115,155
63,60,Columbia,10,7,3,.700,-2.07,-5.32,,,,,6,1,,1,2,,778,657,,400,240,603,.398,72,260,.277,105,148,.709,108,337,130,62,39,149,161
64,,,Overall,Overall,Overall,Overall,Overall,Overall,,Conf.,Conf.,,Home,Home,,Away,Away,,Points,Points,,Opponent,Opponent,Opponent,Opponent,Opponent,Opponent,Opponent,Opponent,Opponent,Opponent,Opponent,Opponent,Opponent,Opponent,Opponent,Opponent,Opponent
65,Rk,School,G,W,L,W-L%,SRS,SOS,,W,L,,W,L,,W,L,,Tm.,Opp.,,MP,FG,FGA,FG%,3P,3PA,3P%,FT,FTA,FT%,ORB,TRB,AST,STL,BLK,TOV,PF
66,61,Connecticut,9,8,1,.889,20.84,-1.83,,,,,5,0,,0,1,,773,569,,360,203,506,.401,58,157,.369,105,162,.648,72,253,102,51,23,108,156
67,62,Coppin State,10,1,9,.100,-20.79,-5.19,,,,,1,2,,0,6,,561,717,,400,248,546,.454,82,233,.352,139,191,.728,129,391,151,77,26,152,160
68,63,Cornell,9,7,2,.778,2.64,-1.86,,,,,2,0,,3,2,,754,697,,360,257,565,.455,78,248,.315,105,162,.648,89,297,127,85,28,122,170
69,64,Creighton,8,7,1,.875,25.25,4.63,,,,,4,0,,2,0,,672,507,,320,209,519,.403,37,122,.303,52,72,.722,69,247,79,47,22,63,115
70,65,Dartmouth,7,2,5,.286,-10.97,1.70,,,,,2,1,,0,4,,443,501,,280,191,431,.443,46,149,.309,73,103,.709,63,266,88,48,21,72,118
71,66,Davidson,9,6,3,.667,3.68,2.05,,,,,4,0,,1,2,,636,600,,360,226,521,.434,70,214,.327,78,114,.684,88,302,119,50,27,98,159
72,67,Dayton,8,6,2,.750,10.96,5.09,,,,,3,0,,1,1,,560,513,,320,193,460,.420,52,150,.347,75,101,.743,92,258,93,56,20,89,132
73,68,Delaware,9,6,3,.667,4.49,0.37,,,,,2,0,,3,1,,697,631,,360,230,543,.424,63,201,.313,108,163,.663,94,312,95,57,36,100,136
74,69,Delaware State,11,5,6,.455,-12.38,-6.68,,,,,1,1,,2,4,,809,819,,460,276,613,.450,98,256,.383,169,244,.693,84,335,156,84,28,177,218
75,70,Denver,10,6,4,.600,-1.22,-2.59,,,,,3,0,,2,3,,832,765,,400,286,633,.452,71,216,.329,122,174,.701,107,353,129,50,54,100,196
76,71,DePaul,8,1,7,.125,-0.47,8.91,,,,,1,4,,0,1,,564,639,,320,233,491,.475,59,159,.371,114,167,.683,98,292,120,62,23,93,149
77,72,Detroit Mercy,9,0,9,.000,-13.54,1.24,,0,2,,0,3,,0,6,,554,687,,360,239,511,.468,79,190,.416,130,167,.778,98,322,138,56,28,101,126
78,73,Drake,9,8,1,.889,8.50,0.25,,2,0,,5,0,,1,0,,713,627,,360,234,513,.456,67,196,.342,92,136,.676,84,295,90,49,18,124,157
79,74,Drexel,9,5,4,.556,1.23,-1.77,,,,,2,1,,2,3,,583,556,,365,200,521,.384,50,180,.278,106,149,.711,85,292,95,55,22,78,142
80,75,Duke,8,5,3,.625,17.47,3.72,,0,1,,4,1,,0,2,,647,537,,320,196,460,.426,56,173,.324,89,128,.695,67,267,115,35,38,101,138
81,76,Duquesne,8,6,2,.750,8.06,-0.07,,,,,4,1,,1,1,,628,563,,320,195,481,.405,59,178,.331,114,159,.717,96,290,92,45,22,99,145
82,77,East Carolina,9,6,3,.667,-4.66,-7.41,,,,,6,2,,0,1,,688,636,,360,227,502,.452,70,219,.320,112,157,.713,86,285,114,51,26,116,182
83,78,East Tennessee State,8,4,4,.500,-6.70,-1.70,,,,,2,0,,1,4,,540,558,,320,198,458,.432,50,153,.327,112,163,.687,89,312,88,55,37,111,140
84,79,Eastern Illinois,9,4,5,.444,-9.97,3.03,,,,,3,0,,0,5,,641,565,,360,195,471,.414,57,187,.305,118,169,.698,68,294,119,59,44,133,124
85,80,Eastern Kentucky,6,3,3,.500,-10.71,-3.96,,,,,3,2,,0,1,,525,458,,240,168,417,.403,59,154,.383,63,96,.656,85,247,81,52,15,92,108
86,,,Overall,Overall,Overall,Overall,Overall,Overall,,Conf.,Conf.,,Home,Home,,Away,Away,,Points,Points,,Opponent,Opponent,Opponent,Opponent,Opponent,Opponent,Opponent,Opponent,Opponent,Opponent,Opponent,Opponent,Opponent,Opponent,Opponent,Opponent,Opponent
87,Rk,School,G,W,L,W-L%,SRS,SOS,,W,L,,W,L,,W,L,,Tm.,Opp.,,MP,FG,FGA,FG%,3P,3PA,3P%,FT,FTA,FT%,ORB,TRB,AST,STL,BLK,TOV,PF
88,81,Eastern Michigan,8,5,3,.625,-13.14,-4.57,,,,,3,0,,2,2,,539,584,,320,210,468,.449,60,184,.326,104,147,.707,81,275,108,55,21,82,126
89,82,Eastern Washington,7,1,6,.143,-8.22,11.94,,,,,1,0,,0,6,,520,590,,280,205,430,.477,57,153,.373,123,173,.711,70,257,111,51,21,76,121
90,83,Elon,9,5,4,.556,-10.85,-7.85,,,,,3,0,,0,4,,745,698,,360,259,559,.463,64,199,.322,116,163,.712,98,294,114,55,25,102,152
91,84,Evansville,9,7,2,.778,0.78,-2.60,,1,1,,4,0,,2,2,,740,643,,370,230,545,.422,87,238,.366,96,148,.649,80,310,124,51,26,135,160
92,85,Fairfield,9,3,6,.333,-9.78,-2.40,,1,1,,1,2,,2,3,,662,674,,360,252,553,.456,67,189,.354,103,149,.691,111,352,126,62,28,126,146
93,86,Fairleigh Dickinson,10,5,5,.500,-16.63,-7.50,,,,,3,0,,2,4,,832,803,,400,275,629,.437,84,246,.341,169,228,.741,120,402,155,75,30,150,201
94,87,Florida,8,5,3,.625,16.48,6.61,,,,,4,0,,0,1,,666,587,,320,208,494,.421,56,169,.331,115,169,.680,91,269,102,70,26,101,158
95,88,Florida A&M,6,1,5,.167,-10.79,10.61,,,,,0,2,,1,3,,380,494,,250,156,341,.457,61,150,.407,121,181,.669,75,247,82,44,26,77,85
96,89,Florida Atlantic,9,7,2,.778,21.10,7.21,,,,,3,1,,0,0,,760,635,,360,230,535,.430,64,195,.328,111,156,.712,96,291,81,42,20,113,158
97,90,Florida Gulf Coast,10,3,7,.300,-7.98,2.89,,,,,2,1,,1,3,,701,746,,400,263,576,.457,93,243,.383,127,183,.694,100,333,136,72,25,103,169
98,91,Florida International,10,3,7,.300,-5.61,-2.01,,,,,2,2,,1,2,,720,756,,400,261,542,.482,73,217,.336,161,228,.706,122,378,138,78,47,199,158
99,92,Florida State,7,4,3,.571,10.77,5.48,,0,1,,2,1,,0,2,,552,515,,285,175,406,.431,35,139,.252,130,195,.667,91,268,81,47,19,114,126
100,93,Fordham,9,4,5,.444,-0.70,-5.15,,,,,3,3,,0,0,,666,626,,365,206,489,.421,49,153,.320,165,236,.699,88,324,89,80,21,154,190
101,94,Fresno State,8,4,4,.500,-4.29,1.14,,,,,3,1,,0,1,,578,605,,325,227,490,.463,63,170,.371,88,123,.715,72,256,105,60,27,91,137
102,95,Furman,9,4,5,.444,0.13,0.38,,,,,3,0,,1,3,,741,727,,360,271,572,.474,66,194,.340,119,172,.692,86,317,131,73,33,109,159
103,96,Gardner-Webb,10,4,6,.400,-3.26,3.37,,,,,3,1,,0,3,,732,704,,406,240,570,.421,62,203,.305,162,231,.701,92,369,106,53,38,133,177
104,97,George Mason,9,7,2,.778,8.08,0.86,,,,,5,0,,1,1,,670,605,,360,209,530,.394,70,198,.354,117,164,.713,100,302,106,60,33,89,164
105,98,George Washington,9,7,2,.778,6.74,0.19,,,,,5,0,,0,1,,739,680,,375,251,638,.393,85,282,.301,93,128,.727,105,340,120,60,33,104,152
106,99,Georgetown,8,5,3,.625,-0.48,-6.60,,,,,5,2,,0,1,,632,583,,325,217,495,.438,50,173,.289,99,152,.651,97,272,102,66,21,89,154
107,100,Georgia,9,6,3,.667,6.83,4.61,,,,,5,0,,1,0,,649,629,,360,225,573,.393,65,208,.313,114,162,.704,113,365,117,48,30,100,182
108,,,Overall,Overall,Overall,Overall,Overall,Overall,,Conf.,Conf.,,Home,Home,,Away,Away,,Points,Points,,Opponent,Opponent,Opponent,Opponent,Opponent,Opponent,Opponent,Opponent,Opponent,Opponent,Opponent,Opponent,Opponent,Opponent,Opponent,Opponent,Opponent
109,Rk,School,G,W,L,W-L%,SRS,SOS,,W,L,,W,L,,W,L,,Tm.,Opp.,,MP,FG,FGA,FG%,3P,3PA,3P%,FT,FTA,FT%,ORB,TRB,AST,STL,BLK,TOV,PF
110,101,Georgia Southern,8,0,8,.000,-19.60,-4.47,,,,,0,1,,0,5,,556,677,,320,230,456,.504,75,182,.412,142,202,.703,99,304,136,66,35,107,134
111,102,Georgia State,8,4,4,.500,-0.87,-0.01,,,,,2,1,,2,3,,632,606,,325,206,452,.456,39,145,.269,155,216,.718,75,284,97,46,32,101,148
112,103,Georgia Tech,7,4,3,.571,3.15,5.30,,1,0,,4,1,,0,2,,498,513,,280,182,438,.416,49,172,.285,100,141,.709,83,272,77,44,30,76,124
113,104,Gonzaga,8,7,1,.875,18.09,4.23,,,,,4,0,,0,0,,698,535,,320,191,512,.373,53,194,.273,100,134,.746,81,246,81,55,24,88,142
114,105,Grambling,8,2,6,.250,-21.46,4.54,,,,,2,0,,0,4,,539,640,,320,225,459,.490,70,169,.414,120,171,.702,77,268,136,67,26,105,124
115,106,Grand Canyon,8,7,1,.875,11.19,-0.06,,2,0,,5,0,,1,0,,641,551,,320,193,459,.420,54,152,.355,111,157,.707,82,242,98,57,15,112,184
116,107,Green Bay,9,4,5,.444,-7.13,-2.26,,1,1,,3,0,,1,4,,571,594,,365,204,509,.401,57,191,.298,129,178,.725,84,288,97,67,35,69,143
117,108,Hampton,8,3,5,.375,-15.52,-3.35,,,,,2,1,,0,2,,660,615,,320,201,482,.417,58,198,.293,155,200,.775,84,275,89,64,17,114,150
118,109,Harvard,9,6,3,.667,1.71,0.84,,,,,3,0,,3,3,,674,639,,365,240,593,.405,70,233,.300,89,143,.622,128,358,130,60,33,101,144
119,110,Hawaii,7,6,1,.857,3.38,-7.29,,,,,4,0,,0,0,,558,478,,280,175,407,.430,35,113,.310,93,133,.699,64,227,56,48,14,88,135
120,111,High Point,10,7,3,.700,3.25,-4.13,,,,,4,0,,1,2,,905,743,,410,259,618,.419,81,241,.336,144,200,.720,89,298,120,53,23,102,223
121,112,Hofstra,8,6,2,.750,9.03,1.31,,,,,2,1,,1,1,,656,549,,325,189,495,.382,66,200,.330,105,144,.729,97,294,94,55,20,101,122
122,113,Holy Cross,9,2,7,.222,-21.29,-8.07,,,,,0,2,,1,4,,579,698,,360,250,531,.471,79,197,.401,119,167,.713,98,327,120,64,43,79,121
123,114,Houston,9,9,0,1.000,26.47,0.58,,,,,5,0,,1,0,,675,442,,360,147,429,.343,47,173,.272,101,162,.623,83,290,97,41,20,155,153
124,115,Houston Christian,7,1,6,.143,-17.30,4.53,,,,,1,2,,0,4,,504,598,,280,220,476,.462,62,188,.330,96,137,.701,79,278,136,68,38,83,132
125,116,Howard,8,3,5,.375,-2.70,1.05,,,,,2,1,,1,4,,619,649,,335,237,509,.466,53,168,.315,122,178,.685,87,278,117,71,27,90,153
126,117,Idaho,9,5,4,.556,-4.42,-1.71,,,,,4,2,,0,2,,677,606,,365,207,502,.412,61,181,.337,131,194,.675,90,308,107,65,32,117,148
127,118,Idaho State,9,4,5,.444,-8.39,-2.68,,,,,3,0,,1,4,,620,570,,360,215,492,.437,41,144,.285,99,136,.728,78,276,101,68,19,116,152
128,119,Illinois,8,7,1,.875,20.44,2.69,,1,0,,5,1,,1,0,,641,499,,320,187,524,.357,45,152,.296,80,124,.645,87,271,70,58,26,79,135
129,120,Illinois State,9,6,3,.667,-0.70,0.17,,2,0,,4,0,,1,1,,604,592,,360,211,509,.415,64,196,.327,106,144,.736,83,313,108,59,25,115,168
130,,,Overall,Overall,Overall,Overall,Overall,Overall,,Conf.,Conf.,,Home,Home,,Away,Away,,Points,Points,,Opponent,Opponent,Opponent,Opponent,Opponent,Opponent,Opponent,Opponent,Opponent,Opponent,Opponent,Opponent,Opponent,Opponent,Opponent,Opponent,Opponent
131,Rk,School,G,W,L,W-L%,SRS,SOS,,W,L,,W,L,,W,L,,Tm.,Opp.,,MP,FG,FGA,FG%,3P,3PA,3P%,FT,FTA,FT%,ORB,TRB,AST,STL,BLK,TOV,PF
132,121,Illinois-Chicago,8,5,3,.625,11.35,5.21,,0,1,,2,1,,1,1,,595,501,,320,176,470,.374,36,160,.225,113,155,.729,84,273,74,61,21,101,117
133,122,Incarnate Word,8,3,5,.375,-13.67,-6.24,,,,,2,0,,1,4,,625,636,,320,216,505,.428,56,185,.303,148,202,.733,100,304,112,67,36,99,135
134,123,Indiana,8,7,1,.875,6.23,1.36,,2,0,,5,0,,1,0,,593,554,,320,193,474,.407,64,198,.323,104,145,.717,88,264,101,55,20,101,174
135,124,Indiana State,9,8,1,.889,16.07,3.32,,2,0,,3,0,,2,1,,787,655,,360,244,556,.439,54,174,.310,113,159,.711,99,304,90,50,32,126,163
136,125,Iona,9,3,6,.333,-1.55,-1.21,,1,1,,1,2,,1,2,,657,660,,360,223,485,.460,68,202,.337,146,207,.705,95,328,117,60,41,138,147
137,126,Iowa,8,5,3,.625,16.07,5.32,,0,1,,4,0,,0,2,,703,617,,320,232,532,.436,62,203,.305,91,130,.700,103,309,110,43,23,105,157
138,127,Iowa State,8,6,2,.750,22.23,-1.77,,,,,4,0,,1,0,,663,471,,320,149,397,.375,62,182,.341,111,153,.725,63,241,81,49,24,144,158
139,128,IUPUI,9,3,6,.333,-19.67,-3.39,,0,2,,2,1,,1,3,,594,693,,365,253,508,.498,62,171,.363,125,190,.658,93,300,130,62,27,119,154
140,129,Jackson State,8,2,6,.250,-11.22,1.41,,,,,0,0,,2,6,,551,652,,320,214,464,.461,89,229,.389,135,191,.707,90,306,135,63,34,107,146
141,130,Jacksonville,9,6,3,.667,-13.51,-4.39,,,,,3,0,,2,3,,670,676,,360,224,525,.427,80,220,.364,148,216,.685,97,308,123,75,27,122,165
142,131,Jacksonville State,9,4,5,.444,-5.49,-7.37,,,,,2,2,,1,3,,625,560,,365,199,472,.422,51,152,.336,111,162,.685,78,288,83,54,31,132,164
143,132,James Madison,8,8,0,1.000,13.50,1.50,,,,,4,0,,2,0,,763,608,,335,211,503,.419,57,178,.320,129,182,.709,89,278,90,50,20,135,150
144,133,Kansas,9,8,1,.889,19.84,5.84,,,,,5,0,,0,0,,726,587,,360,212,578,.367,75,253,.296,88,127,.693,98,298,99,64,22,103,154
145,134,Kansas City,9,3,6,.333,-4.16,6.70,,,,,3,0,,0,3,,645,637,,365,214,471,.454,65,179,.363,144,208,.692,79,286,123,59,28,129,171
146,135,Kansas State,9,7,2,.778,10.23,2.56,,,,,6,0,,0,0,,734,665,,380,237,567,.418,76,219,.347,115,153,.752,100,314,119,71,38,121,169
147,136,Kennesaw State,9,6,3,.667,-6.60,-4.45,,,,,4,0,,0,3,,771,693,,365,235,587,.400,61,218,.280,162,223,.726,119,381,113,67,52,145,179
148,137,Kent State,9,6,3,.667,7.09,0.09,,,,,3,2,,1,0,,760,648,,370,221,517,.427,82,229,.358,124,190,.653,95,300,127,67,19,157,183
149,138,Kentucky,8,6,2,.750,17.83,-0.67,,,,,6,1,,0,0,,734,586,,325,208,503,.414,72,220,.327,98,140,.700,84,295,113,41,20,117,129
150,139,La Salle,9,7,2,.778,-3.02,-4.02,,,,,6,0,,0,2,,695,686,,380,253,568,.445,67,191,.351,113,176,.642,107,346,136,39,25,100,164
151,140,Lafayette,10,1,9,.100,-12.10,1.68,,,,,1,2,,0,5,,617,725,,400,252,567,.444,74,210,.352,147,194,.758,106,377,129,68,24,131,148
152,,,Overall,Overall,Overall,Overall,Overall,Overall,,Conf.,Conf.,,Home,Home,,Away,Away,,Points,Points,,Opponent,Opponent,Opponent,Opponent,Opponent,Opponent,Opponent,Opponent,Opponent,Opponent,Opponent,Opponent,Opponent,Opponent,Opponent,Opponent,Opponent
153,Rk,School,G,W,L,W-L%,SRS,SOS,,W,L,,W,L,,W,L,,Tm.,Opp.,,MP,FG,FGA,FG%,3P,3PA,3P%,FT,FTA,FT%,ORB,TRB,AST,STL,BLK,TOV,PF
154,141,Lamar,9,4,5,.444,-9.59,-7.46,,,,,2,0,,0,5,,739,708,,365,226,530,.426,78,219,.356,178,243,.733,98,325,138,73,40,137,164
155,142,Le Moyne,9,3,6,.333,-20.68,-5.68,,,,,2,0,,1,6,,656,664,,360,250,553,.452,79,239,.331,85,123,.691,112,383,143,57,24,151,122
156,143,Lehigh,8,1,7,.125,-8.93,0.50,,,,,1,2,,0,5,,592,633,,320,223,484,.461,59,169,.349,128,176,.727,82,308,98,60,23,112,119
157,144,Liberty,9,7,2,.778,11.08,-0.30,,,,,3,0,,0,1,,714,563,,360,211,492,.429,47,159,.296,94,132,.712,71,273,75,50,23,101,141
158,145,Lindenwood,8,3,5,.375,-15.08,-0.08,,,,,1,1,,0,4,,519,593,,320,197,423,.466,58,175,.331,141,201,.701,62,283,113,62,26,99,145
159,146,Lipscomb,11,6,5,.545,-0.41,-2.31,,,,,3,0,,1,4,,886,828,,440,310,707,.438,87,268,.325,121,170,.712,125,415,126,60,35,148,184
160,147,Little Rock,8,4,4,.500,1.05,-0.21,,,,,4,1,,0,2,,653,643,,330,215,477,.451,54,177,.305,159,224,.710,105,314,99,34,27,121,151
161,148,Long Beach State,10,6,4,.600,-0.15,0.30,,,,,2,0,,3,2,,780,762,,400,269,608,.442,95,284,.335,129,191,.675,106,361,158,72,32,160,191
162,149,Long Island University,8,1,7,.125,-16.70,0.30,,,,,0,1,,0,6,,500,636,,320,220,478,.460,43,143,.301,153,212,.722,91,319,118,73,34,94,129
163,150,Longwood,9,8,1,.889,2.09,-10.77,,,,,6,0,,2,1,,736,545,,370,196,509,.385,56,181,.309,97,147,.660,71,255,95,50,21,138,193
164,151,Louisiana,8,5,3,.625,-1.24,0.42,,,,,3,0,,0,2,,645,580,,320,214,452,.473,32,127,.252,120,168,.714,93,278,96,55,33,122,115
165,152,Louisiana State,8,5,3,.625,3.97,-1.91,,,,,3,1,,0,1,,596,549,,325,181,469,.386,79,221,.357,108,141,.766,104,279,90,64,28,124,148
166,153,Louisiana Tech,9,7,2,.778,10.51,5.37,,,,,5,0,,2,2,,678,545,,360,186,518,.359,50,176,.284,123,180,.683,98,316,83,60,31,116,165
167,154,Louisiana-Monroe,7,4,3,.571,-7.86,4.54,,,,,3,1,,1,2,,512,498,,280,159,409,.389,68,206,.330,112,147,.762,88,249,104,55,23,103,114
168,155,Louisville,8,4,4,.500,-3.15,-3.90,,0,1,,4,1,,0,1,,603,597,,325,214,480,.446,47,158,.297,122,170,.718,84,282,107,55,26,96,176
169,156,Loyola (IL),9,5,4,.556,4.53,3.53,,,,,4,1,,0,1,,641,632,,360,212,524,.405,74,201,.368,134,181,.740,85,312,110,65,32,108,141
170,157,Loyola (MD),9,1,8,.111,-12.80,-3.80,,,,,0,2,,1,5,,598,679,,370,251,558,.450,63,190,.332,114,171,.667,105,349,123,77,36,109,148
171,158,Loyola Marymount,9,5,4,.556,3.17,-1.58,,,,,4,1,,0,1,,699,620,,360,216,528,.409,47,154,.305,141,188,.750,86,294,99,64,29,103,166
172,159,Maine,11,7,4,.636,-4.75,-6.95,,,,,2,1,,3,3,,776,702,,440,256,603,.425,60,199,.302,130,195,.667,110,378,133,64,31,157,167
173,160,Manhattan,8,4,4,.500,-13.34,1.95,,1,1,,2,0,,2,4,,520,615,,325,236,516,.457,65,181,.359,78,109,.716,94,324,137,68,43,102,104
174,,,Overall,Overall,Overall,Overall,Overall,Overall,,Conf.,Conf.,,Home,Home,,Away,Away,,Points,Points,,Opponent,Opponent,Opponent,Opponent,Opponent,Opponent,Opponent,Opponent,Opponent,Opponent,Opponent,Opponent,Opponent,Opponent,Opponent,Opponent,Opponent
175,Rk,School,G,W,L,W-L%,SRS,SOS,,W,L,,W,L,,W,L,,Tm.,Opp.,,MP,FG,FGA,FG%,3P,3PA,3P%,FT,FTA,FT%,ORB,TRB,AST,STL,BLK,TOV,PF
176,161,Marist,7,5,2,.714,-4.01,-9.44,,2,0,,2,0,,3,2,,477,439,,280,151,376,.402,39,148,.264,98,148,.662,66,240,63,51,14,96,110
177,162,Marquette,9,7,2,.778,23.05,9.83,,,,,4,0,,1,1,,720,601,,360,218,526,.414,62,194,.320,103,146,.705,103,324,111,54,30,141,131
178,163,Marshall,8,2,6,.250,-4.54,3.09,,,,,1,2,,0,1,,590,651,,320,234,515,.454,70,192,.365,113,169,.669,93,323,132,68,28,107,145
179,164,Maryland,9,5,4,.556,3.65,-1.91,,1,1,,5,0,,0,2,,629,579,,365,207,501,.413,41,131,.313,124,162,.765,99,322,96,60,32,137,194
180,165,Maryland-Baltimore County,10,5,5,.500,-13.14,-9.14,,,,,4,1,,1,4,,806,823,,400,300,648,.463,63,203,.310,160,222,.721,109,384,111,87,26,137,173
181,166,Maryland-Eastern Shore,8,2,6,.250,-16.68,2.75,,,,,2,1,,0,5,,522,640,,325,228,481,.474,60,175,.343,124,169,.734,91,312,118,59,19,98,108
182,167,Massachusetts,6,4,2,.667,6.55,-4.79,,,,,4,1,,0,1,,495,427,,245,132,339,.389,44,130,.338,119,162,.735,72,222,78,31,25,93,127
183,168,Massachusetts-Lowell,8,6,2,.750,2.00,-5.00,,,,,2,0,,4,2,,654,519,,320,188,500,.376,45,189,.238,98,140,.700,85,252,86,71,27,101,136
184,169,McNeese State,10,8,2,.800,8.42,1.26,,,,,5,0,,2,2,,822,573,,400,202,554,.365,80,281,.285,89,131,.679,106,323,121,43,37,165,144
185,170,Memphis,8,6,2,.750,9.00,3.50,,,,,2,0,,2,1,,636,592,,325,208,516,.403,72,214,.336,104,142,.732,111,314,97,54,35,114,155
186,171,Mercer,8,2,6,.250,-11.06,-0.92,,,,,0,2,,1,3,,520,598,,320,199,413,.482,53,141,.376,147,200,.735,73,288,92,57,21,110,135
187,172,Merrimack,10,4,6,.400,-3.23,0.88,,,,,2,0,,1,5,,696,712,,405,243,594,.409,69,192,.359,157,221,.710,143,394,144,77,33,152,170
188,173,Miami (FL),8,7,1,.875,15.93,0.81,,1,0,,5,0,,0,1,,677,556,,320,214,526,.407,56,218,.257,72,106,.679,101,277,109,54,26,108,134
189,174,Miami (OH),8,4,4,.500,-5.15,-1.86,,,,,3,1,,1,3,,566,550,,320,198,473,.419,49,155,.316,105,151,.695,100,298,87,52,34,111,160
190,175,Michigan,9,4,5,.444,9.75,5.08,,0,1,,2,2,,1,1,,731,689,,365,255,566,.451,74,189,.392,105,146,.719,105,295,112,61,35,109,150
191,176,Michigan State,8,4,4,.500,16.39,7.02,,0,1,,4,2,,0,0,,581,506,,325,169,455,.371,55,188,.293,113,156,.724,90,296,97,50,25,108,157
192,177,Middle Tennessee,10,5,5,.500,-1.13,1.65,,,,,4,3,,0,0,,662,661,,415,255,558,.457,52,176,.295,99,149,.664,86,342,110,58,36,127,190
193,178,Milwaukee,9,3,6,.333,-14.75,-4.03,,0,1,,2,1,,0,4,,665,693,,360,241,521,.463,84,208,.404,127,179,.709,106,348,145,58,45,121,149
194,179,Minnesota,9,6,3,.667,7.33,-3.00,,1,1,,6,1,,0,1,,708,615,,360,227,553,.410,54,167,.323,107,144,.743,101,288,108,85,31,107,174
195,180,Mississippi,8,8,0,1.000,4.26,-2.99,,,,,7,0,,1,0,,590,532,,320,198,498,.398,52,187,.278,84,114,.737,105,299,103,54,20,99,137
196,,,Overall,Overall,Overall,Overall,Overall,Overall,,Conf.,Conf.,,Home,Home,,Away,Away,,Points,Points,,Opponent,Opponent,Opponent,Opponent,Opponent,Opponent,Opponent,Opponent,Opponent,Opponent,Opponent,Opponent,Opponent,Opponent,Opponent,Opponent,Opponent
197,Rk,School,G,W,L,W-L%,SRS,SOS,,W,L,,W,L,,W,L,,Tm.,Opp.,,MP,FG,FGA,FG%,3P,3PA,3P%,FT,FTA,FT%,ORB,TRB,AST,STL,BLK,TOV,PF
198,181,Mississippi State,8,6,2,.750,13.63,2.25,,,,,3,1,,0,1,,573,482,,320,169,462,.366,45,177,.254,99,145,.683,77,276,74,69,23,106,144
199,182,Mississippi Valley State,9,0,9,.000,-27.40,5.93,,,,,0,0,,0,9,,447,747,,365,259,523,.495,75,225,.333,154,216,.713,116,355,157,74,25,95,153
200,183,Missouri,9,7,2,.778,5.24,-2.98,,,,,5,2,,2,0,,679,605,,360,209,516,.405,60,198,.303,127,174,.730,107,333,106,57,25,128,151
201,184,Missouri State,9,6,3,.667,4.32,-0.90,,1,1,,3,0,,0,3,,668,621,,365,234,598,.391,61,218,.280,92,130,.708,92,300,105,65,28,82,159
202,185,Monmouth,8,4,4,.500,-1.80,0.58,,,,,1,1,,1,3,,583,602,,320,213,477,.447,75,217,.346,101,147,.687,92,289,122,54,29,105,138
203,186,Montana,8,4,4,.500,1.16,7.66,,,,,4,1,,0,3,,591,558,,320,191,451,.424,54,170,.318,122,174,.701,68,275,87,49,25,81,128
204,187,Montana State,8,3,5,.375,-3.56,1.44,,,,,2,3,,1,2,,548,546,,325,207,447,.463,43,136,.316,89,136,.654,84,313,100,41,16,125,130
205,188,Morehead State,9,6,3,.667,-3.33,3.24,,,,,4,0,,2,3,,657,606,,360,206,505,.408,65,201,.323,129,165,.782,77,258,99,66,20,101,157
206,189,Morgan State,10,2,8,.200,-18.62,6.00,,,,,2,1,,0,5,,681,812,,400,295,624,.473,74,199,.372,148,220,.673,138,401,137,89,39,130,147
207,190,Mount St. Mary's,8,2,6,.250,-7.98,-8.35,,1,1,,2,1,,0,5,,569,566,,335,199,459,.434,48,158,.304,120,160,.750,86,275,102,80,28,124,122
208,191,Murray State,7,3,4,.429,-1.70,-0.37,,1,1,,3,1,,0,1,,539,514,,285,198,427,.464,49,143,.343,69,95,.726,62,237,84,36,24,75,125
209,192,Navy,7,2,5,.286,-5.85,-5.42,,,,,2,1,,0,4,,449,452,,285,154,364,.423,41,162,.253,103,155,.665,69,260,71,39,38,115,124
210,193,NC State,8,6,2,.750,9.48,-0.77,,1,0,,4,0,,1,1,,642,560,,325,195,458,.426,56,167,.335,114,171,.667,83,290,95,43,26,116,135
211,194,Nebraska,9,7,2,.778,9.23,-1.66,,0,1,,6,1,,0,1,,696,598,,360,216,562,.384,65,229,.284,101,137,.737,105,320,89,60,35,101,169
212,195,Nevada,7,7,0,1.000,16.61,-2.25,,,,,6,0,,1,0,,586,454,,280,164,424,.387,58,190,.305,68,118,.576,70,238,93,28,28,88,177
213,196,Nevada-Las Vegas,6,3,3,.500,0.26,1.42,,,,,2,1,,1,0,,436,443,,240,171,345,.496,47,115,.409,54,72,.750,54,197,99,28,24,79,96
214,197,New Hampshire,10,6,4,.600,-2.55,-0.78,,,,,4,0,,2,4,,791,730,,400,261,637,.410,60,233,.258,148,197,.751,102,407,126,75,48,119,176
215,198,New Mexico,9,8,1,.889,18.24,0.24,,,,,5,0,,0,1,,768,606,,360,208,527,.395,57,188,.303,133,185,.719,85,315,105,49,35,135,179
216,199,New Mexico State,10,4,6,.400,-13.64,5.50,,,,,4,0,,0,4,,718,747,,410,238,559,.426,94,266,.353,177,259,.683,87,331,150,73,29,124,182
217,200,New Orleans,8,4,4,.500,-15.07,-2.87,,,,,3,0,,1,3,,635,615,,325,225,503,.447,56,178,.315,109,170,.641,106,348,127,45,35,147,169
218,,,Overall,Overall,Overall,Overall,Overall,Overall,,Conf.,Conf.,,Home,Home,,Away,Away,,Points,Points,,Opponent,Opponent,Opponent,Opponent,Opponent,Opponent,Opponent,Opponent,Opponent,Opponent,Opponent,Opponent,Opponent,Opponent,Opponent,Opponent,Opponent
219,Rk,School,G,W,L,W-L%,SRS,SOS,,W,L,,W,L,,W,L,,Tm.,Opp.,,MP,FG,FGA,FG%,3P,3PA,3P%,FT,FTA,FT%,ORB,TRB,AST,STL,BLK,TOV,PF
220,201,Niagara,7,1,6,.143,-15.19,-4.77,,0,2,,0,4,,1,2,,464,537,,285,207,401,.516,44,119,.370,79,108,.731,57,226,76,37,19,78,126
221,202,Nicholls State,9,3,6,.333,-4.30,5.95,,,,,1,0,,2,4,,659,711,,375,248,576,.431,75,233,.322,140,195,.718,122,379,127,68,37,105,129
222,203,NJIT,8,2,6,.250,-17.42,-4.42,,,,,1,2,,1,4,,529,633,,320,213,478,.446,65,168,.387,142,216,.657,115,331,119,64,30,90,153
223,204,Norfolk State,9,6,3,.667,-3.06,-2.63,,,,,4,0,,1,1,,679,601,,360,192,458,.419,74,220,.336,143,212,.675,83,303,106,43,34,156,178
224,205,North Alabama,8,4,4,.500,-5.41,-3.26,,,,,4,0,,0,4,,617,599,,335,203,475,.427,51,161,.317,142,207,.686,87,307,105,53,21,116,153
225,206,North Carolina,9,7,2,.778,17.77,6.33,,1,0,,5,0,,0,0,,766,663,,365,242,563,.430,74,227,.326,105,141,.745,84,305,108,52,29,110,195
226,207,North Carolina A&T,7,0,7,.000,-20.11,3.61,,,,,0,1,,0,4,,478,644,,280,241,447,.539,64,144,.444,98,134,.731,84,315,134,40,34,75,121
227,208,North Carolina Central,10,4,6,.400,-9.08,1.42,,,,,2,1,,2,4,,734,702,,405,251,574,.437,71,233,.305,129,185,.697,112,365,149,66,40,149,167
228,209,North Dakota,9,6,3,.667,-12.90,-7.90,,,,,3,0,,1,3,,665,639,,365,240,549,.437,52,164,.317,107,145,.738,89,321,109,53,18,107,166
229,210,North Dakota State,9,5,4,.556,-4.05,3.67,,,,,3,0,,2,3,,684,682,,370,261,571,.457,68,179,.380,92,140,.657,94,321,117,39,42,84,152
230,211,North Florida,10,5,5,.500,-10.57,-5.57,,,,,4,2,,1,3,,785,736,,400,260,579,.449,41,148,.277,175,227,.771,93,358,107,74,44,114,153
231,212,North Texas,8,5,3,.625,7.27,-1.88,,,,,4,0,,0,1,,559,466,,325,163,412,.396,44,143,.308,96,137,.701,76,238,72,53,21,113,128
232,213,Northeastern,10,4,6,.400,-3.90,-2.40,,,,,2,1,,1,4,,742,757,,400,284,591,.481,89,239,.372,100,130,.769,101,307,137,58,39,112,176
233,214,Northern Arizona,9,4,5,.444,-6.77,1.45,,,,,1,0,,2,4,,590,664,,360,227,505,.450,45,177,.254,165,224,.737,93,338,88,71,23,126,153
234,215,Northern Colorado,8,4,4,.500,-8.28,-2.95,,,,,3,1,,0,2,,596,578,,325,205,476,.431,63,183,.344,105,147,.714,75,306,85,70,28,115,155
235,216,Northern Illinois,8,5,3,.625,3.76,8.48,,,,,2,1,,2,2,,659,640,,320,236,536,.440,63,188,.335,105,148,.709,98,305,130,47,12,88,170
236,217,Northern Iowa,9,3,6,.333,1.35,5.60,,0,2,,2,1,,0,3,,681,675,,370,225,514,.438,77,212,.363,148,182,.813,69,306,103,53,32,110,148
237,218,Northern Kentucky,9,5,4,.556,-2.01,-2.63,,2,0,,4,0,,1,4,,642,620,,360,228,512,.445,59,192,.307,105,146,.719,93,315,124,59,23,144,155
238,219,Northwestern,7,6,1,.857,12.57,5.72,,1,0,,5,0,,0,0,,516,468,,285,160,360,.444,55,150,.367,93,131,.710,72,238,96,25,30,108,123
239,220,Northwestern State,8,1,7,.125,-16.24,0.90,,,,,1,1,,0,4,,566,639,,320,222,469,.473,58,183,.317,137,192,.714,95,320,107,53,39,113,145
240,,,Overall,Overall,Overall,Overall,Overall,Overall,,Conf.,Conf.,,Home,Home,,Away,Away,,Points,Points,,Opponent,Opponent,Opponent,Opponent,Opponent,Opponent,Opponent,Opponent,Opponent,Opponent,Opponent,Opponent,Opponent,Opponent,Opponent,Opponent,Opponent
241,Rk,School,G,W,L,W-L%,SRS,SOS,,W,L,,W,L,,W,L,,Tm.,Opp.,,MP,FG,FGA,FG%,3P,3PA,3P%,FT,FTA,FT%,ORB,TRB,AST,STL,BLK,TOV,PF
242,221,Notre Dame,8,4,4,.500,0.28,1.40,,0,1,,3,1,,0,2,,519,528,,325,193,467,.413,53,164,.323,89,120,.742,75,274,92,54,26,85,122
243,222,Oakland,10,5,5,.500,5.96,5.86,,1,1,,1,2,,2,2,,724,723,,400,258,575,.449,78,242,.322,129,174,.741,94,341,154,57,28,125,158
244,223,Ohio,8,5,3,.625,3.29,-1.71,,,,,3,1,,0,1,,639,599,,330,205,487,.421,55,185,.297,134,178,.753,106,304,85,37,27,117,149
245,224,Ohio State,9,8,1,.889,18.94,3.60,,1,0,,6,1,,0,0,,728,590,,361,215,515,.417,65,196,.332,95,145,.655,97,286,87,45,20,117,180
246,225,Oklahoma,8,8,0,1.000,19.48,-4.03,,,,,6,0,,0,0,,684,496,,320,181,475,.381,41,157,.261,93,128,.727,80,246,72,50,32,114,140
247,226,Oklahoma State,8,3,5,.375,6.08,0.45,,,,,3,2,,0,1,,593,548,,325,193,449,.430,53,149,.356,109,150,.727,68,267,86,50,19,98,130
248,227,Old Dominion,8,3,5,.375,-6.28,0.01,,,,,3,1,,0,4,,556,586,,325,183,432,.424,72,199,.362,148,209,.708,79,287,99,43,34,98,121
249,228,Omaha,10,5,5,.500,-9.17,0.83,,,,,4,0,,0,4,,740,696,,400,245,548,.447,76,230,.330,130,169,.769,72,334,106,62,24,133,186
250,229,Oral Roberts,7,3,4,.429,1.00,5.34,,,,,3,0,,0,4,,502,523,,285,185,455,.407,59,170,.347,94,124,.758,104,298,93,37,23,77,106
251,230,Oregon,7,5,2,.714,11.15,3.72,,,,,3,0,,1,0,,575,523,,285,183,414,.442,52,152,.342,105,145,.724,67,249,79,30,25,89,143
252,231,Oregon State,8,5,3,.625,1.05,5.63,,,,,5,0,,0,0,,571,567,,345,193,492,.392,59,200,.295,122,178,.685,104,302,107,61,26,113,181
253,232,Pacific,10,4,6,.400,-18.09,-7.59,,,,,3,3,,1,3,,652,757,,405,264,567,.466,64,208,.308,165,227,.727,80,352,133,76,39,134,198
254,233,Penn State,9,4,5,.444,4.64,-0.58,,0,1,,4,1,,0,1,,681,634,,365,225,519,.434,50,169,.296,134,176,.761,105,343,99,54,27,150,169
255,234,Pennsylvania,10,6,4,.600,-0.05,-2.93,,,,,6,1,,0,2,,831,709,,415,262,604,.434,79,242,.326,106,153,.693,95,315,137,65,33,116,159
256,235,Pepperdine,11,4,7,.364,-0.58,0.92,,,,,4,2,,0,2,,797,800,,440,289,588,.491,59,163,.362,163,235,.694,74,342,140,83,21,141,195
257,236,Pittsburgh,9,6,3,.667,15.98,-0.80,,0,1,,4,2,,1,0,,743,592,,360,210,532,.395,56,215,.260,116,161,.720,70,294,111,48,30,97,171
258,237,Portland,9,5,4,.556,-4.59,-0.16,,,,,5,2,,0,2,,711,702,,360,253,576,.439,89,235,.379,107,159,.673,92,306,149,62,18,105,176
259,238,Portland State,9,7,2,.778,1.76,-0.67,,,,,3,0,,3,1,,663,585,,360,223,517,.431,60,178,.337,79,130,.608,89,337,112,39,36,123,146
260,239,Prairie View,7,4,3,.571,-1.40,2.10,,,,,1,0,,2,3,,524,522,,280,171,404,.423,39,127,.307,141,197,.716,75,277,75,45,38,111,143
261,240,Presbyterian,10,6,4,.600,-9.08,-9.74,,,,,2,2,,3,1,,753,705,,405,237,578,.410,69,223,.309,162,211,.768,94,354,106,67,33,137,202
262,,,Overall,Overall,Overall,Overall,Overall,Overall,,Conf.,Conf.,,Home,Home,,Away,Away,,Points,Points,,Opponent,Opponent,Opponent,Opponent,Opponent,Opponent,Opponent,Opponent,Opponent,Opponent,Opponent,Opponent,Opponent,Opponent,Opponent,Opponent,Opponent
263,Rk,School,G,W,L,W-L%,SRS,SOS,,W,L,,W,L,,W,L,,Tm.,Opp.,,MP,FG,FGA,FG%,3P,3PA,3P%,FT,FTA,FT%,ORB,TRB,AST,STL,BLK,TOV,PF
264,241,Princeton,9,9,0,1.000,12.13,0.79,,,,,3,0,,5,0,,686,584,,360,211,498,.424,60,171,.351,102,130,.785,90,289,104,43,28,108,149
265,242,Providence,9,7,2,.778,11.70,1.92,,,,,6,0,,0,1,,669,581,,365,211,561,.376,53,173,.306,106,134,.791,99,316,77,72,25,117,169
266,243,Purdue,9,8,1,.889,28.55,10.88,,1,1,,5,0,,0,1,,764,605,,365,227,587,.387,63,234,.269,88,133,.662,89,276,130,73,16,88,195
267,244,Purdue Fort Wayne,10,9,1,.900,6.45,-2.80,,2,0,,4,0,,3,1,,866,665,,400,247,586,.422,68,235,.289,103,152,.678,101,362,126,51,28,183,163
268,245,Queens (NC),10,5,5,.500,-8.10,-1.43,,,,,4,0,,0,5,,793,788,,400,283,636,.445,69,232,.297,153,202,.757,110,387,123,66,50,122,177
269,246,Quinnipiac,8,6,2,.750,-10.22,-9.22,,1,1,,4,0,,2,2,,651,590,,325,222,523,.424,71,199,.357,75,113,.664,74,261,128,56,25,96,133
270,247,Radford,10,6,4,.600,-2.07,-1.07,,,,,3,0,,0,4,,754,678,,400,234,594,.394,65,235,.277,145,202,.718,114,336,110,61,30,104,161
271,248,Rhode Island,9,5,4,.556,-0.26,0.50,,,,,5,1,,0,1,,667,635,,360,237,564,.420,76,219,.347,85,130,.654,102,298,118,63,51,79,167
272,249,Rice,9,3,6,.333,-5.33,7.17,,,,,3,1,,0,2,,655,711,,360,263,561,.469,75,204,.368,110,155,.710,88,341,136,59,30,104,152
273,250,Richmond,9,5,4,.556,7.78,-2.88,,,,,4,0,,0,3,,704,608,,360,221,539,.410,68,211,.322,98,141,.695,100,330,105,42,27,106,126
274,251,Rider,8,1,7,.125,-15.35,-0.21,,0,2,,1,1,,0,6,,556,616,,320,203,459,.442,64,207,.309,146,205,.712,77,301,105,65,37,93,138
275,252,Robert Morris,9,2,7,.222,-8.25,-0.12,,0,2,,2,2,,0,5,,617,672,,360,246,513,.480,51,155,.329,129,196,.658,93,329,116,69,24,117,155
276,253,Rutgers,8,5,3,.625,9.05,2.42,,0,1,,5,1,,0,1,,538,485,,320,172,461,.373,57,180,.317,84,126,.667,107,323,76,51,27,131,155
277,254,Sacramento State,8,2,6,.250,-10.64,0.50,,,,,1,0,,1,4,,605,621,,320,230,488,.471,60,169,.355,101,148,.682,66,253,117,64,23,77,136
278,255,Sacred Heart,10,4,6,.400,-10.76,-5.54,,,,,2,2,,1,4,,733,736,,400,267,615,.434,87,257,.339,115,184,.625,126,393,153,71,33,152,154
279,256,Saint Francis (PA),9,4,5,.444,-18.32,-1.04,,,,,2,1,,2,4,,590,644,,360,234,511,.458,59,194,.304,117,173,.676,107,323,134,58,28,126,149
280,257,Saint Joseph's,9,7,2,.778,8.11,-4.01,,,,,5,1,,1,1,,677,568,,365,197,527,.374,67,241,.278,107,167,.641,101,317,111,74,37,120,127
281,258,Saint Louis,10,5,5,.500,-3.30,1.92,,,,,4,1,,0,2,,746,757,,400,276,606,.455,80,241,.332,125,178,.702,104,381,138,58,39,132,190
282,259,Saint Mary's (CA),9,4,5,.444,9.53,8.90,,,,,4,2,,0,0,,629,545,,360,194,495,.392,45,147,.306,112,171,.655,83,282,89,55,26,104,153
283,260,Saint Peter's,7,3,4,.429,-6.66,-4.23,,2,0,,0,1,,3,3,,431,448,,280,138,334,.413,41,119,.345,131,188,.697,64,208,72,54,21,91,132
284,,,Overall,Overall,Overall,Overall,Overall,Overall,,Conf.,Conf.,,Home,Home,,Away,Away,,Points,Points,,Opponent,Opponent,Opponent,Opponent,Opponent,Opponent,Opponent,Opponent,Opponent,Opponent,Opponent,Opponent,Opponent,Opponent,Opponent,Opponent,Opponent
285,Rk,School,G,W,L,W-L%,SRS,SOS,,W,L,,W,L,,W,L,,Tm.,Opp.,,MP,FG,FGA,FG%,3P,3PA,3P%,FT,FTA,FT%,ORB,TRB,AST,STL,BLK,TOV,PF
286,261,Sam Houston,9,5,4,.556,-3.64,-4.39,,,,,2,1,,2,3,,677,654,,370,240,528,.455,57,190,.300,117,179,.654,88,323,144,65,34,142,168
287,262,Samford,9,7,2,.778,2.90,-2.10,,,,,7,0,,0,2,,790,665,,360,223,538,.414,66,201,.328,153,219,.699,112,331,120,93,45,158,161
288,263,San Diego,10,6,4,.600,-4.28,-3.28,,,,,5,0,,0,3,,721,726,,400,260,596,.436,68,221,.308,138,208,.663,107,362,143,79,30,134,177
289,264,San Diego State,9,7,2,.778,15.65,8.03,,,,,3,0,,1,2,,698,617,,370,217,543,.400,71,240,.296,112,154,.727,97,327,112,55,26,116,183
290,265,San Francisco,9,6,3,.667,11.80,2.42,,,,,3,0,,1,2,,698,554,,360,194,478,.406,54,176,.307,112,165,.679,68,252,84,64,18,138,136
291,266,San Jose State,10,5,5,.500,-0.33,-2.33,,,,,3,0,,0,4,,741,678,,410,242,570,.425,59,184,.321,135,199,.678,92,340,111,48,26,122,165
292,267,Santa Clara,9,7,2,.778,2.79,-3.21,,,,,5,0,,1,1,,713,628,,360,225,550,.409,70,211,.332,108,147,.735,84,291,114,61,17,104,141
293,268,Seattle,8,5,3,.625,6.40,-1.23,,1,1,,5,1,,0,2,,574,513,,320,178,441,.404,47,171,.275,110,157,.701,69,242,89,59,21,104,157
294,269,Seton Hall,8,5,3,.625,8.63,1.01,,,,,5,0,,0,1,,606,545,,320,189,449,.421,61,195,.313,106,142,.746,75,249,103,60,29,110,129
295,270,Siena,9,2,7,.222,-26.69,-9.24,,1,1,,2,2,,0,3,,511,668,,360,258,528,.489,67,176,.381,85,130,.654,95,310,127,90,32,109,147
296,271,South Alabama,10,5,5,.500,-6.68,-1.93,,,,,3,2,,2,3,,719,754,,415,271,594,.456,73,228,.320,139,214,.650,113,379,124,67,41,112,171
297,272,South Carolina,8,7,1,.875,13.17,2.92,,,,,4,0,,0,1,,604,522,,320,182,445,.409,49,144,.340,109,152,.717,72,263,91,42,30,90,142
298,273,South Carolina State,9,2,7,.222,-17.42,-2.17,,,,,2,0,,0,7,,621,735,,360,239,500,.478,69,199,.347,188,245,.767,87,325,146,76,45,141,160
299,274,South Carolina Upstate,9,4,5,.444,-11.07,-1.93,,,,,2,0,,2,5,,654,625,,365,211,482,.438,52,172,.302,151,214,.706,91,338,102,54,33,140,146
300,275,South Dakota,9,6,3,.667,-4.74,-5.07,,,,,4,1,,1,1,,731,623,,360,225,575,.391,73,218,.335,100,143,.699,97,301,112,64,38,108,169
301,276,South Dakota State,9,4,5,.444,1.89,4.60,,,,,2,2,,1,1,,668,637,,360,218,537,.406,85,247,.344,116,153,.758,98,321,116,69,38,107,148
302,277,South Florida,6,2,4,.333,-1.29,-2.62,,,,,2,2,,0,2,,411,403,,240,138,330,.418,38,130,.292,89,132,.674,60,233,83,37,18,91,115
303,278,Southeast Missouri State,9,3,6,.333,-19.86,-0.15,,,,,3,1,,0,4,,603,663,,360,238,508,.469,46,149,.309,141,215,.656,75,339,114,68,32,118,166
304,279,Southeastern Louisiana,8,2,6,.250,-9.47,6.53,,,,,2,0,,0,4,,583,614,,320,219,476,.460,70,216,.324,106,143,.741,89,290,132,57,33,114,141
305,280,Southern,8,2,6,.250,-7.28,10.35,,,,,0,0,,2,6,,534,675,,325,239,467,.512,61,186,.328,136,193,.705,95,329,144,57,33,128,114
306,,,Overall,Overall,Overall,Overall,Overall,Overall,,Conf.,Conf.,,Home,Home,,Away,Away,,Points,Points,,Opponent,Opponent,Opponent,Opponent,Opponent,Opponent,Opponent,Opponent,Opponent,Opponent,Opponent,Opponent,Opponent,Opponent,Opponent,Opponent,Opponent
307,Rk,School,G,W,L,W-L%,SRS,SOS,,W,L,,W,L,,W,L,,Tm.,Opp.,,MP,FG,FGA,FG%,3P,3PA,3P%,FT,FTA,FT%,ORB,TRB,AST,STL,BLK,TOV,PF
308,281,Southern California,8,5,3,.625,12.73,5.10,,,,,3,1,,0,0,,631,570,,320,212,510,.416,67,201,.333,79,116,.681,102,293,120,50,22,105,158
309,282,Southern Illinois,8,6,2,.750,10.06,-0.23,,0,1,,5,0,,0,1,,626,523,,320,187,439,.426,37,137,.270,112,163,.687,83,263,76,48,25,105,152
310,283,SIU Edwardsville,10,6,4,.600,-6.84,-2.59,,,,,4,0,,0,4,,705,690,,400,240,562,.427,84,235,.357,126,179,.704,109,337,129,54,30,109,169
311,284,Southern Indiana,10,2,8,.200,-9.93,1.45,,,,,2,3,,0,5,,661,691,,400,231,589,.392,63,206,.306,166,226,.735,102,365,115,77,27,108,158
312,285,Southern Methodist,10,6,4,.600,12.43,2.32,,,,,5,2,,0,1,,744,634,,400,217,579,.375,61,218,.280,139,192,.724,120,347,133,87,52,134,147
313,286,Southern Mississippi,8,4,4,.500,-7.33,-2.50,,,,,2,1,,2,1,,555,531,,320,178,436,.408,61,194,.314,114,156,.731,80,287,100,57,22,123,142
314,287,Southern Utah,8,2,6,.250,-2.97,4.74,,0,2,,1,1,,0,5,,606,625,,320,234,479,.489,44,137,.321,113,163,.693,89,291,106,52,31,98,159
315,288,St. Bonaventure,8,6,2,.750,6.58,-2.30,,,,,3,1,,2,0,,597,526,,320,182,427,.426,55,177,.311,107,147,.728,72,232,107,32,17,113,124
316,289,St. John's (NY),8,6,2,.750,11.89,0.64,,,,,3,1,,1,0,,643,553,,320,192,458,.419,55,146,.377,114,159,.717,91,257,85,56,27,112,121
317,290,St. Thomas,9,5,4,.556,-5.30,-5.55,,,,,3,0,,1,3,,609,561,,360,202,469,.431,52,161,.323,105,155,.677,82,291,100,48,20,104,164
318,291,Stanford,8,4,4,.500,3.44,-0.81,,,,,4,1,,0,0,,642,608,,330,227,526,.432,66,183,.361,88,124,.710,91,309,93,53,18,100,139
319,292,Stephen F. Austin,9,5,4,.556,4.32,1.70,,1,1,,1,2,,2,1,,675,626,,370,203,502,.404,58,171,.339,162,225,.720,90,296,91,81,29,161,171
320,293,Stetson,9,5,4,.556,-7.56,1.30,,,,,2,0,,1,4,,663,625,,360,234,568,.412,73,240,.304,84,124,.677,115,319,133,59,24,87,141
321,294,Stonehill,10,1,9,.100,-21.29,-0.19,,,,,1,2,,0,7,,647,858,,400,306,627,.488,120,298,.403,126,158,.797,110,399,189,71,57,124,133
322,295,Stony Brook,8,3,5,.375,-8.96,-2.81,,,,,3,1,,0,4,,557,559,,320,211,501,.421,69,198,.348,68,99,.687,97,314,111,49,25,95,129
323,296,Syracuse,9,6,3,.667,8.33,7.95,,0,1,,5,0,,0,1,,692,640,,360,240,567,.423,69,218,.317,91,138,.659,114,359,130,60,22,138,140
324,297,Tarleton State,9,7,2,.778,-2.47,-1.61,,2,0,,3,0,,2,2,,650,579,,360,201,466,.431,65,183,.355,112,179,.626,90,284,113,66,36,148,158
325,298,TCU,7,7,0,1.000,13.28,-12.29,,,,,6,0,,1,0,,642,463,,280,172,409,.421,43,122,.352,76,125,.608,70,212,92,47,20,129,113
326,299,Temple,8,5,3,.625,1.00,-2.00,,,,,3,2,,2,0,,631,580,,335,201,490,.410,62,183,.339,116,152,.763,86,316,110,50,27,112,154
327,300,Tennessee,8,5,3,.625,21.53,10.78,,,,,3,0,,1,1,,621,535,,320,181,456,.397,55,173,.318,118,186,.634,76,278,95,42,20,108,134
328,,,Overall,Overall,Overall,Overall,Overall,Overall,,Conf.,Conf.,,Home,Home,,Away,Away,,Points,Points,,Opponent,Opponent,Opponent,Opponent,Opponent,Opponent,Opponent,Opponent,Opponent,Opponent,Opponent,Opponent,Opponent,Opponent,Opponent,Opponent,Opponent
329,Rk,School,G,W,L,W-L%,SRS,SOS,,W,L,,W,L,,W,L,,Tm.,Opp.,,MP,FG,FGA,FG%,3P,3PA,3P%,FT,FTA,FT%,ORB,TRB,AST,STL,BLK,TOV,PF
330,301,Tennessee State,9,6,3,.667,-7.49,-7.49,,,,,4,0,,1,2,,690,633,,365,219,516,.424,65,183,.355,130,181,.718,100,321,103,59,36,148,157
331,302,Tennessee Tech,9,3,6,.333,-13.74,-0.17,,,,,2,2,,1,4,,647,704,,365,264,558,.473,80,221,.362,96,130,.738,72,326,139,55,33,81,134
332,303,Tennessee-Martin,9,5,4,.556,-7.00,-1.86,,,,,3,0,,2,3,,760,750,,370,277,655,.423,86,264,.326,110,150,.733,101,361,137,78,36,96,147
333,304,Texas,8,6,2,.750,11.08,0.21,,,,,5,0,,0,1,,634,547,,320,192,466,.412,46,146,.315,117,156,.750,84,267,93,57,26,104,138
334,305,Texas A&M,9,7,2,.778,18.75,9.63,,,,,3,0,,2,1,,691,609,,360,211,498,.424,77,222,.347,110,154,.714,84,272,117,46,44,100,165
335,306,Texas A&M-Commerce,10,4,6,.400,-11.14,6.36,,,,,3,1,,1,5,,692,730,,400,260,580,.448,73,217,.336,137,183,.749,102,373,115,53,25,137,134
336,307,Texas A&M-Corpus Christi,8,3,5,.375,-11.23,0.27,,,,,2,1,,1,3,,611,556,,330,177,418,.423,51,172,.297,151,217,.696,57,261,104,59,33,132,154
337,308,Texas Southern,7,0,7,.000,-5.78,15.50,,,,,0,0,,0,7,,391,540,,280,181,404,.448,58,161,.360,120,168,.714,80,305,106,48,36,69,90
338,309,Texas State,8,3,5,.375,-4.02,2.73,,,,,1,0,,2,3,,513,567,,320,188,434,.433,45,153,.294,146,202,.723,83,281,97,55,38,98,145
339,310,Texas Tech,8,6,2,.750,9.80,0.68,,,,,4,0,,0,1,,598,525,,325,193,466,.414,58,191,.304,81,120,.675,81,263,88,47,31,105,143
340,311,Texas-Rio Grande Valley,10,3,7,.300,-12.62,2.88,,0,2,,2,1,,1,4,,737,791,,400,274,602,.455,80,204,.392,163,212,.769,113,409,157,77,52,167,198
341,312,The Citadel,10,6,4,.600,-4.88,-7.63,,,,,3,1,,1,3,,712,644,,400,243,575,.423,60,199,.302,98,127,.772,71,309,122,58,40,103,177
342,313,Toledo,8,4,4,.500,8.20,5.70,,,,,2,1,,2,0,,634,614,,320,234,463,.505,54,152,.355,92,121,.760,80,264,110,54,25,129,148
343,314,Towson,9,4,5,.444,-2.28,2.06,,,,,3,0,,1,1,,538,577,,360,209,475,.440,61,170,.359,98,139,.705,81,270,110,65,35,92,149
344,315,Troy,8,4,4,.500,-4.05,-6.39,,,,,4,1,,0,3,,678,554,,335,189,471,.401,45,155,.290,131,190,.689,86,273,83,76,36,132,157
345,316,Tulane,7,6,1,.857,9.17,-3.83,,,,,4,0,,1,0,,619,528,,280,191,450,.424,59,190,.311,87,121,.719,90,255,90,47,13,117,161
346,317,Tulsa,7,5,2,.714,2.27,-7.87,,,,,5,0,,0,2,,557,486,,285,172,437,.394,52,166,.313,90,146,.616,85,267,90,52,24,105,160
347,318,UAB,8,4,4,.500,0.20,1.95,,,,,2,3,,1,0,,585,599,,325,215,475,.453,59,177,.333,110,162,.679,85,282,108,62,39,94,157
348,319,UC Davis,7,3,4,.429,-3.91,0.59,,,,,2,1,,0,3,,488,480,,280,161,354,.455,41,115,.357,117,158,.741,63,220,73,50,18,128,140
349,320,UC Irvine,9,6,3,.667,8.11,2.86,,,,,2,0,,1,3,,703,601,,360,215,520,.413,49,156,.314,122,169,.722,88,284,107,48,30,116,155
350,,,Overall,Overall,Overall,Overall,Overall,Overall,,Conf.,Conf.,,Home,Home,,Away,Away,,Points,Points,,Opponent,Opponent,Opponent,Opponent,Opponent,Opponent,Opponent,Opponent,Opponent,Opponent,Opponent,Opponent,Opponent,Opponent,Opponent,Opponent,Opponent
351,Rk,School,G,W,L,W-L%,SRS,SOS,,W,L,,W,L,,W,L,,Tm.,Opp.,,MP,FG,FGA,FG%,3P,3PA,3P%,FT,FTA,FT%,ORB,TRB,AST,STL,BLK,TOV,PF
352,321,UC Riverside,10,4,6,.400,-7.78,3.72,,,,,3,0,,0,6,,679,718,,401,258,571,.452,76,196,.388,126,164,.768,86,357,153,49,35,115,160
353,322,UC San Diego,9,5,4,.556,1.78,3.35,,,,,5,1,,0,2,,706,627,,365,232,576,.403,68,226,.301,95,129,.736,116,340,110,41,28,110,158
354,323,UC Santa Barbara,7,4,3,.571,-3.01,-2.51,,,,,3,1,,1,2,,539,530,,280,204,451,.452,49,159,.308,73,106,.689,64,213,90,62,18,66,129
355,324,UCLA,7,5,2,.714,8.37,-2.29,,,,,4,0,,0,0,,497,405,,280,134,361,.371,56,183,.306,81,123,.659,54,196,70,36,14,96,148
356,325,UNC Asheville,9,5,4,.556,-7.31,-0.14,,,,,3,1,,0,2,,781,660,,370,239,566,.422,62,207,.300,120,168,.714,108,329,110,49,27,149,206
357,326,UNC Greensboro,7,6,1,.857,6.54,-0.46,,,,,2,0,,1,1,,552,478,,280,155,393,.394,61,200,.305,107,145,.738,68,241,90,27,24,83,116
358,327,UNC Wilmington,8,6,2,.750,1.35,0.69,,,,,2,0,,3,1,,660,581,,325,212,466,.455,54,163,.331,103,156,.660,79,291,108,39,21,107,151
359,328,UT Arlington,9,5,4,.556,2.23,6.37,,1,1,,5,1,,0,3,,683,644,,360,223,543,.411,64,178,.360,134,189,.709,88,294,127,67,33,100,163
360,329,Utah,8,6,2,.750,14.53,5.28,,,,,3,0,,1,0,,653,579,,320,215,496,.433,78,217,.359,71,112,.634,73,261,116,49,19,87,155
361,330,Utah State,9,8,1,.889,13.76,1.13,,,,,4,0,,1,1,,755,601,,365,219,528,.415,54,196,.276,109,150,.727,75,268,94,56,20,116,160
362,331,Utah Tech,8,5,3,.625,-4.12,0.31,,2,0,,1,0,,4,3,,562,581,,325,197,470,.419,59,179,.330,128,191,.670,90,285,95,62,32,113,145
363,332,Utah Valley,9,6,3,.667,-1.26,0.45,,1,1,,4,0,,1,2,,621,590,,365,208,515,.404,53,177,.299,121,178,.680,84,327,109,56,25,119,165
364,333,UTEP,9,6,3,.667,-3.34,-2.68,,,,,5,1,,0,1,,737,613,,360,205,504,.407,54,178,.303,149,209,.713,94,307,94,66,30,166,189
365,334,UTSA,8,4,4,.500,-12.27,-8.02,,,,,3,1,,1,3,,625,659,,325,229,532,.430,62,191,.325,139,206,.675,112,340,119,53,45,79,159
366,335,Valparaiso,9,4,5,.444,-8.53,-3.53,,0,2,,4,2,,0,3,,628,629,,360,238,557,.427,56,190,.295,97,149,.651,111,378,119,62,28,128,155
367,336,Vanderbilt,9,4,5,.444,-4.32,-1.66,,,,,4,3,,0,0,,630,654,,360,238,527,.452,73,185,.395,105,138,.761,77,310,114,52,24,96,178
368,337,Vermont,10,8,2,.800,2.94,-0.31,,,,,5,0,,1,1,,750,624,,400,231,567,.407,60,190,.316,102,145,.703,87,311,96,51,19,91,141
369,338,Villanova,10,6,4,.600,11.23,2.83,,,,,3,1,,0,2,,740,656,,410,229,550,.416,90,248,.363,108,163,.663,81,326,129,57,43,122,174
370,339,Virginia,9,8,1,.889,17.97,3.19,,1,0,,6,0,,0,0,,612,479,,360,169,486,.348,48,184,.261,93,132,.705,114,320,92,47,21,127,134
371,340,Virginia Commonwealth,9,4,5,.444,8.78,6.33,,,,,3,3,,0,0,,624,602,,365,204,507,.402,49,168,.292,145,204,.711,97,297,85,75,17,100,174
372,,,Overall,Overall,Overall,Overall,Overall,Overall,,Conf.,Conf.,,Home,Home,,Away,Away,,Points,Points,,Opponent,Opponent,Opponent,Opponent,Opponent,Opponent,Opponent,Opponent,Opponent,Opponent,Opponent,Opponent,Opponent,Opponent,Opponent,Opponent,Opponent
373,Rk,School,G,W,L,W-L%,SRS,SOS,,W,L,,W,L,,W,L,,Tm.,Opp.,,MP,FG,FGA,FG%,3P,3PA,3P%,FT,FTA,FT%,ORB,TRB,AST,STL,BLK,TOV,PF
374,341,VMI,9,2,7,.222,-11.55,-0.84,,,,,2,1,,0,4,,648,652,,360,223,556,.401,72,241,.299,134,203,.660,100,325,112,71,26,109,132
375,342,Virginia Tech,9,6,3,.667,10.88,4.99,,1,0,,4,0,,0,1,,670,617,,360,218,502,.434,63,187,.337,118,165,.715,85,296,105,54,33,126,167
376,343,Wagner,8,4,4,.500,-12.26,-3.97,,,,,2,0,,2,4,,489,512,,325,187,427,.438,49,163,.301,89,141,.631,80,318,111,37,32,109,116
377,344,Wake Forest,8,5,3,.625,9.92,2.17,,,,,4,0,,0,1,,628,566,,325,205,486,.422,54,161,.335,102,142,.718,90,279,82,53,29,94,146
378,345,Washington,8,5,3,.625,17.18,7.05,,,,,4,1,,0,0,,662,581,,325,200,503,.398,53,186,.285,128,184,.696,107,294,101,52,22,101,152
379,346,Washington State,8,7,1,.875,17.27,-1.35,,,,,6,0,,0,0,,641,492,,320,162,448,.362,44,166,.265,124,162,.765,77,250,71,40,17,97,147
380,347,Weber State,7,4,3,.571,0.41,1.41,,,,,2,0,,1,1,,509,418,,285,162,390,.415,45,147,.306,49,86,.570,59,243,87,32,28,91,139
381,348,West Virginia,8,3,5,.375,3.59,6.09,,,,,3,3,,0,0,,512,532,,320,199,489,.407,73,214,.341,61,92,.663,78,275,105,49,33,66,155
382,349,Western Carolina,8,6,2,.750,-0.94,-1.66,,,,,3,0,,3,2,,617,571,,320,204,465,.439,46,132,.348,117,181,.646,68,262,65,36,24,74,142
383,350,Western Illinois,10,4,6,.400,-11.85,2.73,,,,,4,1,,0,5,,710,703,,410,266,642,.414,65,202,.322,106,162,.654,106,374,127,76,34,108,157
384,351,Western Kentucky,9,6,3,.667,-3.38,-2.38,,,,,4,0,,1,1,,728,664,,361,226,557,.406,64,224,.286,148,210,.705,102,350,116,54,43,148,166
385,352,Western Michigan,8,2,6,.250,-7.37,0.13,,,,,0,3,,0,3,,517,577,,325,203,459,.442,70,206,.340,101,149,.678,95,285,103,61,22,98,134
386,353,Wichita State,9,7,2,.778,7.30,0.68,,,,,5,0,,1,1,,714,631,,360,232,607,.382,73,257,.284,94,132,.712,93,312,120,66,38,78,144
387,354,William & Mary,10,4,6,.400,-9.93,-4.82,,,,,4,0,,0,4,,773,764,,405,263,577,.456,91,241,.378,147,186,.790,75,325,116,58,34,107,197
388,355,Winthrop,10,7,3,.700,-1.01,-5.39,,,,,6,1,,1,2,,804,674,,400,230,571,.403,75,264,.284,139,177,.785,109,332,119,69,42,136,222
389,356,Wisconsin,9,7,2,.778,19.01,8.57,,1,0,,4,1,,1,1,,662,568,,360,199,449,.443,59,176,.335,111,156,.712,61,244,86,40,29,121,175
390,357,Wofford,9,4,5,.444,-1.56,2.94,,,,,2,0,,2,2,,703,722,,370,237,545,.435,76,225,.338,172,231,.745,81,311,121,71,31,87,172
391,358,Wright State,8,3,5,.375,3.91,3.41,,1,0,,1,1,,0,3,,651,647,,320,232,467,.497,60,180,.333,123,167,.737,66,245,125,55,21,90,136
392,359,Wyoming,8,5,3,.625,-3.69,-1.02,,,,,3,0,,0,2,,611,558,,320,204,485,.421,56,187,.299,94,115,.817,92,264,86,79,28,125,169
393,360,Xavier,9,4,5,.444,12.82,7.38,,,,,3,3,,0,1,,680,631,,360,225,568,.396,55,183,.301,126,175,.720,103,330,133,67,37,110,180
394,,,Overall,Overall,Overall,Overall,Overall,Overall,,Conf.,Conf.,,Home,Home,,Away,Away,,Points,Points,,Opponent,Opponent,Opponent,Opponent,Opponent,Opponent,Opponent,Opponent,Opponent,Opponent,Opponent,Opponent,Opponent,Opponent,Opponent,Opponent,Opponent
395,Rk,School,G,W,L,W-L%,SRS,SOS,,W,L,,W,L,,W,L,,Tm.,Opp.,,MP,FG,FGA,FG%,3P,3PA,3P%,FT,FTA,FT%,ORB,TRB,AST,STL,BLK,TOV,PF
396,361,Yale,10,5,5,.500,0.04,0.49,,,,,2,1,,1,3,,747,702,,410,254,605,.420,78,231,.338,116,153,.758,95,346,129,50,26,109,154
397,362,Youngstown State,9,6,3,.667,1.68,1.11,,2,0,,4,0,,2,3,,689,635,,360,232,550,.422,71,210,.338,100,152,.658,88,306,127,46,35,103,147
