,Unnamed: 0_level_0,Unnamed: 1_level_0,Overall,Overall,Overall,Overall,Overall,Overall,Unnamed: 8_level_0,Conf.,Conf.,Unnamed: 11_level_0,Home,Home,Unnamed: 14_level_0,Away,Away,Unnamed: 17_level_0,Points,Points,Unnamed: 20_level_0,Totals,Totals,Totals,Totals,Totals,Totals,Totals,Totals,Totals,Totals,Totals,Totals,Totals,Totals,Totals,Totals,Totals
,Rk,School,G,W,L,W-L%,SRS,SOS,Unnamed: 8_level_1,W,L,Unnamed: 11_level_1,W,L,Unnamed: 14_level_1,W,L,Unnamed: 17_level_1,Tm.,Opp.,Unnamed: 20_level_1,MP,FG,FGA,FG%,3P,3PA,3P%,FT,FTA,FT%,ORB,TRB,AST,STL,BLK,TOV,PF
0,1,Abilene Christian,9,3,6,.333,-2.53,1.91,,0,2,,0,3,,1,2,,628,668,,365,210,517,.406,49,150,.327,159,214,.743,81,276,106,77,15,115,181
1,2,Air Force,9,7,2,.778,-0.39,-7.28,,,,,4,1,,3,1,,610,548,,365,212,464,.457,72,211,.341,114,172,.663,62,303,136,66,46,106,147
2,3,Akron,8,5,3,.625,5.40,2.54,,,,,3,0,,1,1,,602,524,,320,211,459,.460,77,212,.363,103,143,.720,83,291,122,56,23,113,125
3,4,Alabama,8,6,2,.750,23.82,4.57,,,,,5,1,,0,0,,753,599,,320,243,487,.499,85,208,.409,182,228,.798,101,324,122,64,40,94,146
4,5,Alabama A&M,7,1,6,.143,-19.53,-1.53,,,,,1,0,,0,5,,476,602,,285,153,409,.374,28,111,.252,142,195,.728,93,254,70,53,19,110,153
5,6,Alabama State,8,4,4,.500,-10.02,1.48,,,,,2,0,,0,4,,617,602,,325,214,548,.391,65,197,.330,124,167,.743,123,352,104,67,28,88,159
6,7,Albany (NY),9,6,3,.667,-6.36,-7.73,,,,,4,0,,2,3,,707,657,,360,250,563,.444,71,206,.345,136,199,.683,102,350,118,74,30,121,173
7,8,Alcorn State,8,1,7,.125,-11.78,7.65,,,,,1,0,,0,7,,553,681,,320,196,480,.408,40,127,.315,121,185,.654,84,267,82,63,12,87,157
8,9,American,10,4,6,.400,-10.75,-6.64,,,,,4,1,,0,5,,739,747,,405,263,598,.440,98,291,.337,115,160,.719,119,350,156,66,18,112,177
9,10,Appalachian State,9,7,2,.778,7.94,0.37,,,,,5,0,,0,2,,719,552,,365,267,569,.469,73,217,.336,112,166,.675,108,407,144,56,64,96,136
10,11,Arizona,7,7,0,1.000,32.49,1.64,,,,,5,0,,1,0,,654,438,,280,238,470,.506,56,148,.378,122,163,.748,106,330,147,71,31,94,108
11,12,Arizona State,8,6,2,.750,9.02,7.14,,,,,5,0,,0,0,,547,532,,320,191,460,.415,45,157,.287,120,193,.622,69,292,98,67,30,84,127
12,13,Arkansas,9,6,3,.667,10.00,3.67,,,,,5,1,,0,0,,742,685,,370,250,528,.473,65,185,.351,177,253,.700,86,345,110,51,64,108,191
13,14,Arkansas State,9,2,7,.222,-5.86,2.03,,,,,1,1,,0,5,,659,730,,360,227,564,.402,83,253,.328,122,184,.663,125,348,124,45,41,133,188
14,15,Arkansas-Pine Bluff,10,4,6,.400,-18.19,1.38,,,,,3,1,,1,5,,856,881,,400,287,647,.444,112,296,.378,170,217,.783,94,339,159,76,26,124,187
15,16,Army,9,2,7,.222,-17.86,-9.49,,,,,2,3,,0,4,,541,573,,360,203,518,.392,71,242,.293,64,123,.520,100,323,113,63,26,121,135
16,17,Auburn,7,5,2,.714,16.25,3.10,,,,,3,0,,0,1,,550,458,,280,189,426,.444,48,162,.296,124,179,.693,99,289,129,44,40,83,143
17,18,Austin Peay,10,4,6,.400,-11.47,-1.61,,,,,3,1,,0,4,,681,651,,400,252,592,.426,77,219,.352,100,149,.671,112,349,110,91,32,113,184
18,19,Ball State,9,7,2,.778,-7.41,-7.70,,,,,6,0,,1,2,,682,578,,360,235,502,.468,62,177,.350,150,208,.721,98,329,107,54,28,115,117
19,20,Baylor,9,9,0,1.000,25.06,1.81,,,,,6,0,,0,0,,820,608,,360,285,548,.520,82,190,.432,168,227,.740,124,360,150,66,46,106,139
20,,,Overall,Overall,Overall,Overall,Overall,Overall,,Conf.,Conf.,,Home,Home,,Away,Away,,Points,Points,,Totals,Totals,Totals,Totals,Totals,Totals,Totals,Totals,Totals,Totals,Totals,Totals,Totals,Totals,Totals,Totals,Totals
21,Rk,School,G,W,L,W-L%,SRS,SOS,,W,L,,W,L,,W,L,,Tm.,Opp.,,MP,FG,FGA,FG%,3P,3PA,3P%,FT,FTA,FT%,ORB,TRB,AST,STL,BLK,TOV,PF
22,21,Bellarmine,10,3,7,.300,-6.61,1.26,,,,,2,1,,1,6,,681,689,,400,248,588,.422,76,225,.338,109,137,.796,84,336,143,69,21,112,161
23,22,Belmont,10,7,3,.700,-0.75,1.14,,2,0,,4,0,,2,2,,812,795,,405,300,610,.492,88,236,.373,124,183,.678,84,354,152,80,36,140,151
24,23,Bethune-Cookman,8,4,4,.500,-15.59,-7.76,,,,,4,0,,0,2,,629,568,,320,225,520,.433,54,186,.290,125,174,.718,106,299,103,117,23,115,174
25,24,Binghamton,9,5,4,.556,-9.27,-4.52,,,,,3,0,,2,4,,648,632,,360,233,515,.452,53,175,.303,129,194,.665,89,345,127,49,44,117,159
26,25,Boise State,8,5,3,.625,8.51,11.51,,,,,3,0,,0,1,,548,535,,320,186,441,.422,48,164,.293,128,175,.731,71,272,85,57,21,100,133
27,26,Boston College,9,6,3,.667,7.33,1.77,,0,1,,4,1,,2,0,,687,637,,365,254,557,.456,63,189,.333,116,149,.779,88,328,121,66,39,93,135
28,27,Boston University,9,3,6,.333,-9.22,-2.47,,,,,2,1,,1,5,,593,606,,360,210,524,.401,75,216,.347,98,147,.667,84,328,120,66,21,111,158
29,28,Bowling Green State,8,5,3,.625,-1.81,-4.06,,,,,2,1,,1,1,,558,540,,320,209,475,.440,54,178,.303,86,143,.601,78,299,87,40,28,97,132
30,29,Bradley,9,6,3,.667,6.34,4.45,,0,2,,3,1,,1,2,,654,637,,370,236,519,.455,70,203,.345,112,165,.679,81,312,113,63,29,113,160
31,30,Brigham Young,8,8,0,1.000,31.03,-1.84,,,,,5,0,,0,0,,735,472,,320,267,540,.494,103,263,.392,98,131,.748,113,365,179,55,21,85,133
32,31,Brown,11,3,8,.273,-5.30,-0.60,,,,,1,2,,1,4,,782,788,,451,271,658,.412,82,267,.307,158,251,.629,143,436,138,78,52,148,193
33,32,Bryant,10,6,4,.600,-4.04,-1.79,,,,,3,1,,3,3,,782,705,,400,289,636,.454,94,272,.346,110,171,.643,77,390,147,69,71,118,163
34,33,Bucknell,10,3,7,.300,-8.39,1.31,,,,,1,2,,2,5,,632,729,,400,217,516,.421,80,239,.335,118,163,.724,66,286,117,64,32,135,170
35,34,Buffalo,9,1,8,.111,-14.00,2.25,,,,,1,3,,0,3,,613,737,,360,211,506,.417,57,206,.277,134,189,.709,112,331,103,57,43,158,137
36,35,Butler,9,7,2,.778,14.97,0.75,,,,,5,0,,0,1,,739,611,,365,266,553,.481,72,215,.335,135,174,.776,84,339,137,55,33,96,120
37,36,Cal Poly,9,3,6,.333,-10.87,-1.24,,,,,2,0,,0,5,,612,671,,375,220,527,.417,49,155,.316,123,174,.707,89,296,82,52,34,102,184
38,37,Cal State Bakersfield,8,4,4,.500,-10.19,2.48,,,,,3,0,,0,3,,558,553,,320,210,476,.441,35,130,.269,103,145,.710,98,280,86,57,30,96,147
39,38,Cal State Fullerton,9,5,4,.556,-6.47,2.53,,,,,3,0,,1,3,,621,604,,360,216,487,.444,52,174,.299,137,195,.703,89,320,90,61,28,128,149
40,39,Cal State Northridge,8,5,3,.625,-7.23,-12.52,,,,,2,1,,3,2,,632,564,,320,243,515,.472,38,127,.299,108,151,.715,105,348,103,65,28,121,164
41,40,California,8,3,5,.375,0.14,-1.61,,,,,3,2,,0,0,,597,583,,325,202,464,.435,65,199,.327,128,171,.749,101,308,76,40,23,108,146
42,,,Overall,Overall,Overall,Overall,Overall,Overall,,Conf.,Conf.,,Home,Home,,Away,Away,,Points,Points,,Totals,Totals,Totals,Totals,Totals,Totals,Totals,Totals,Totals,Totals,Totals,Totals,Totals,Totals,Totals,Totals,Totals
43,Rk,School,G,W,L,W-L%,SRS,SOS,,W,L,,W,L,,W,L,,Tm.,Opp.,,MP,FG,FGA,FG%,3P,3PA,3P%,FT,FTA,FT%,ORB,TRB,AST,STL,BLK,TOV,PF
44,41,California Baptist,8,6,2,.750,2.21,-5.45,,1,1,,5,2,,1,0,,579,506,,320,194,454,.427,60,175,.343,131,199,.658,109,326,100,41,20,98,120
45,42,Campbell,9,3,6,.333,-10.85,-3.98,,,,,3,2,,0,4,,546,570,,365,190,437,.435,49,168,.292,117,172,.680,69,283,99,55,24,120,131
46,43,Canisius,10,6,4,.600,-0.07,-2.18,,1,1,,3,1,,1,2,,783,724,,400,278,618,.450,92,234,.393,135,208,.649,129,399,142,65,39,137,182
47,44,Central Arkansas,10,1,9,.100,-19.39,-5.73,,,,,1,3,,0,6,,697,777,,400,246,615,.400,80,240,.333,125,179,.698,122,365,136,78,30,132,186
48,45,Central Connecticut State,8,3,5,.375,-10.30,-7.01,,,,,2,1,,1,4,,587,553,,320,219,482,.454,55,168,.327,94,136,.691,71,276,125,57,44,88,113
49,46,Central Florida,8,6,2,.750,11.01,-0.87,,,,,4,1,,0,1,,634,539,,325,227,513,.442,63,188,.335,117,170,.688,103,326,97,74,45,102,151
50,47,Central Michigan,8,3,5,.375,-10.47,-0.34,,,,,1,1,,1,3,,521,602,,320,193,452,.427,53,162,.327,82,130,.631,91,260,85,55,27,120,132
51,48,Charleston Southern,8,3,5,.375,-20.34,-4.84,,,,,3,1,,0,4,,566,583,,320,202,435,.464,56,161,.348,106,150,.707,72,272,98,29,23,116,151
52,49,Charlotte,8,5,3,.625,8.80,2.43,,,,,4,1,,0,0,,546,495,,325,200,425,.471,46,141,.326,100,128,.781,50,254,112,50,27,78,128
53,50,Chattanooga,8,5,3,.625,-5.19,-6.62,,,,,4,1,,1,2,,607,552,,325,206,460,.448,79,244,.324,116,156,.744,83,312,104,43,32,107,133
54,51,Chicago State,11,3,8,.273,-12.21,-6.30,,,,,1,4,,1,3,,730,795,,445,247,612,.404,62,225,.276,174,252,.690,122,349,104,106,28,154,205
55,52,Cincinnati,7,7,0,1.000,19.44,-2.85,,,,,6,0,,1,0,,611,455,,285,227,468,.485,67,180,.372,90,130,.692,96,293,126,50,22,63,91
56,53,Clemson,8,8,0,1.000,17.32,6.57,,1,0,,4,0,,2,0,,634,548,,320,230,481,.478,80,195,.410,94,131,.718,76,301,135,36,42,79,139
57,54,Cleveland State,10,6,4,.600,-2.60,-3.38,,1,1,,6,0,,0,4,,747,679,,400,261,602,.434,64,178,.360,161,246,.654,139,373,116,95,53,118,187
58,55,Coastal Carolina,8,3,5,.375,-8.55,-2.05,,,,,3,5,,0,0,,644,617,,325,239,524,.456,66,194,.340,100,166,.602,124,358,124,59,37,111,138
59,56,Colgate,9,5,4,.556,2.02,3.15,,,,,3,1,,0,2,,637,568,,360,238,532,.447,80,225,.356,81,113,.717,78,348,143,66,20,107,123
60,57,College of Charleston,8,4,4,.500,1.43,4.56,,,,,1,0,,2,1,,581,606,,320,198,503,.394,71,246,.289,114,155,.735,104,303,99,47,19,94,140
61,58,Colorado,8,6,2,.750,14.08,-0.04,,,,,5,0,,0,1,,670,557,,325,235,455,.516,56,134,.418,144,183,.787,85,306,142,54,21,112,132
62,59,Colorado State,9,9,0,1.000,21.73,7.18,,,,,5,0,,1,0,,772,641,,360,277,518,.535,78,201,.388,140,183,.765,58,288,185,60,24,85,152
63,60,Columbia,10,7,3,.700,-2.07,-5.32,,,,,6,1,,1,2,,778,657,,400,274,591,.464,76,214,.355,154,191,.806,98,372,172,95,23,127,160
64,,,Overall,Overall,Overall,Overall,Overall,Overall,,Conf.,Conf.,,Home,Home,,Away,Away,,Points,Points,,Totals,Totals,Totals,Totals,Totals,Totals,Totals,Totals,Totals,Totals,Totals,Totals,Totals,Totals,Totals,Totals,Totals
65,Rk,School,G,W,L,W-L%,SRS,SOS,,W,L,,W,L,,W,L,,Tm.,Opp.,,MP,FG,FGA,FG%,3P,3PA,3P%,FT,FTA,FT%,ORB,TRB,AST,STL,BLK,TOV,PF
66,61,Connecticut,9,8,1,.889,20.84,-1.83,,,,,5,0,,0,1,,773,569,,360,278,552,.504,76,237,.321,141,195,.723,117,377,168,61,50,90,145
67,62,Coppin State,10,1,9,.100,-20.79,-5.19,,,,,1,2,,0,6,,561,717,,400,195,517,.377,45,175,.257,126,174,.724,86,277,76,89,24,153,172
68,63,Cornell,9,7,2,.778,2.64,-1.86,,,,,2,0,,3,2,,754,697,,360,270,540,.500,89,260,.342,125,183,.683,92,343,163,71,18,139,161
69,64,Creighton,8,7,1,.875,25.25,4.63,,,,,4,0,,2,0,,672,507,,320,242,489,.495,98,250,.392,90,122,.738,81,333,135,29,31,82,78
70,65,Dartmouth,7,2,5,.286,-10.97,1.70,,,,,2,1,,0,4,,443,501,,280,159,397,.401,47,179,.263,78,110,.709,52,244,81,31,24,82,110
71,66,Davidson,9,6,3,.667,3.68,2.05,,,,,4,0,,1,2,,636,600,,360,219,494,.443,73,217,.336,125,174,.718,85,307,113,61,20,95,125
72,67,Dayton,8,6,2,.750,10.96,5.09,,,,,3,0,,1,1,,560,513,,320,189,404,.468,73,186,.392,109,149,.732,72,256,124,44,35,97,102
73,68,Delaware,9,6,3,.667,4.49,0.37,,,,,2,0,,3,1,,697,631,,360,259,549,.472,68,184,.370,111,168,.661,90,332,137,53,28,93,146
74,69,Delaware State,11,5,6,.455,-12.38,-6.68,,,,,1,1,,2,4,,809,819,,460,290,667,.435,50,155,.323,179,253,.708,130,398,134,102,23,173,194
75,70,Denver,10,6,4,.600,-1.22,-2.59,,,,,3,0,,2,3,,832,765,,400,273,616,.443,84,220,.382,202,275,.735,129,394,137,59,46,91,155
76,71,DePaul,8,1,7,.125,-0.47,8.91,,,,,1,4,,0,1,,564,639,,320,194,433,.448,59,151,.391,117,161,.727,62,245,117,37,32,118,143
77,72,Detroit Mercy,9,0,9,.000,-13.54,1.24,,0,2,,0,3,,0,6,,554,687,,360,211,497,.425,50,172,.291,82,125,.656,81,271,100,58,19,126,150
78,73,Drake,9,8,1,.889,8.50,0.25,,2,0,,5,0,,1,0,,713,627,,360,253,528,.479,69,213,.324,138,180,.767,81,301,143,59,15,83,133
79,74,Drexel,9,5,4,.556,1.23,-1.77,,,,,2,1,,2,3,,583,556,,365,215,506,.425,43,164,.262,110,155,.710,104,360,93,40,45,109,145
80,75,Duke,8,5,3,.625,17.47,3.72,,0,1,,4,1,,0,2,,647,537,,320,235,494,.476,58,174,.333,119,169,.704,83,296,128,53,32,69,132
81,76,Duquesne,8,6,2,.750,8.06,-0.07,,,,,4,1,,1,1,,628,563,,320,216,478,.452,76,208,.365,120,168,.714,93,306,109,54,44,92,145
82,77,East Carolina,9,6,3,.667,-4.66,-7.41,,,,,6,2,,0,1,,688,636,,360,231,516,.448,63,197,.320,163,235,.694,122,334,119,71,24,99,149
83,78,East Tennessee State,8,4,4,.500,-6.70,-1.70,,,,,2,0,,1,4,,540,558,,320,191,484,.395,66,207,.319,92,144,.639,101,300,84,57,29,105,159
84,79,Eastern Illinois,9,4,5,.444,-9.97,3.03,,,,,3,0,,0,5,,641,565,,360,247,575,.430,53,160,.331,94,128,.734,122,357,127,70,26,107,160
85,80,Eastern Kentucky,6,3,3,.500,-10.71,-3.96,,,,,3,2,,0,1,,525,458,,240,199,440,.452,53,167,.317,74,124,.597,102,284,107,47,52,76,95
86,,,Overall,Overall,Overall,Overall,Overall,Overall,,Conf.,Conf.,,Home,Home,,Away,Away,,Points,Points,,Totals,Totals,Totals,Totals,Totals,Totals,Totals,Totals,Totals,Totals,Totals,Totals,Totals,Totals,Totals,Totals,Totals
87,Rk,School,G,W,L,W-L%,SRS,SOS,,W,L,,W,L,,W,L,,Tm.,Opp.,,MP,FG,FGA,FG%,3P,3PA,3P%,FT,FTA,FT%,ORB,TRB,AST,STL,BLK,TOV,PF
88,81,Eastern Michigan,8,5,3,.625,-13.14,-4.57,,,,,3,0,,2,2,,539,584,,320,199,433,.460,54,147,.367,87,135,.644,69,265,86,41,17,101,129
89,82,Eastern Washington,7,1,6,.143,-8.22,11.94,,,,,1,0,,0,6,,520,590,,280,186,412,.451,66,197,.335,82,121,.678,51,225,127,40,12,98,148
90,83,Elon,9,5,4,.556,-10.85,-7.85,,,,,3,0,,0,4,,745,698,,360,259,534,.485,82,218,.376,145,200,.725,102,330,125,56,30,112,153
91,84,Evansville,9,7,2,.778,0.78,-2.60,,1,1,,4,0,,2,2,,740,643,,370,275,570,.482,61,184,.332,129,182,.709,86,341,146,73,37,97,139
92,85,Fairfield,9,3,6,.333,-9.78,-2.40,,1,1,,1,2,,2,3,,662,674,,360,238,552,.431,79,235,.336,107,142,.754,92,310,115,75,30,113,144
93,86,Fairleigh Dickinson,10,5,5,.500,-16.63,-7.50,,,,,3,0,,2,4,,832,803,,400,284,634,.448,98,277,.354,166,240,.692,110,381,164,93,21,134,194
94,87,Florida,8,5,3,.625,16.48,6.61,,,,,4,0,,0,1,,666,587,,320,235,511,.460,56,169,.331,140,214,.654,132,345,128,62,38,107,147
95,88,Florida A&M,6,1,5,.167,-10.79,10.61,,,,,0,2,,1,3,,380,494,,250,147,371,.396,23,81,.284,63,85,.741,62,201,71,47,20,83,130
96,89,Florida Atlantic,9,7,2,.778,21.10,7.21,,,,,3,1,,0,0,,760,635,,360,273,541,.505,80,208,.385,134,186,.720,96,332,139,70,28,98,157
97,90,Florida Gulf Coast,10,3,7,.300,-7.98,2.89,,,,,2,1,,1,3,,701,746,,400,254,584,.435,76,239,.318,117,171,.684,118,352,120,54,36,118,153
98,91,Florida International,10,3,7,.300,-5.61,-2.01,,,,,2,2,,1,2,,720,756,,400,266,604,.440,72,241,.299,116,178,.652,111,309,145,132,32,163,195
99,92,Florida State,7,4,3,.571,10.77,5.48,,0,1,,2,1,,0,2,,552,515,,285,201,441,.456,58,160,.363,92,137,.672,71,249,106,67,29,93,154
100,93,Fordham,9,4,5,.444,-0.70,-5.15,,,,,3,3,,0,0,,666,626,,365,227,536,.424,65,215,.302,147,240,.613,122,347,125,84,41,136,197
101,94,Fresno State,8,4,4,.500,-4.29,1.14,,,,,3,1,,0,1,,578,605,,325,213,449,.474,51,150,.340,101,145,.697,74,277,107,59,14,128,123
102,95,Furman,9,4,5,.444,0.13,0.38,,,,,3,0,,1,3,,741,727,,360,262,560,.468,82,255,.322,135,191,.707,96,337,160,72,25,127,157
103,96,Gardner-Webb,10,4,6,.400,-3.26,3.37,,,,,3,1,,0,3,,732,704,,406,260,632,.411,68,223,.305,144,219,.658,128,394,123,66,27,113,192
104,97,George Mason,9,7,2,.778,8.08,0.86,,,,,5,0,,1,1,,670,605,,360,235,502,.468,77,191,.403,123,169,.728,95,340,113,51,35,106,149
105,98,George Washington,9,7,2,.778,6.74,0.19,,,,,5,0,,0,1,,739,680,,375,255,553,.461,81,217,.373,148,196,.755,75,365,118,60,54,129,132
106,99,Georgetown,8,5,3,.625,-0.48,-6.60,,,,,5,2,,0,1,,632,583,,325,208,453,.459,76,195,.390,140,205,.683,102,307,116,44,32,113,134
107,100,Georgia,9,6,3,.667,6.83,4.61,,,,,5,0,,1,0,,649,629,,360,212,525,.404,72,227,.317,153,217,.705,91,345,101,51,27,103,160
108,,,Overall,Overall,Overall,Overall,Overall,Overall,,Conf.,Conf.,,Home,Home,,Away,Away,,Points,Points,,Totals,Totals,Totals,Totals,Totals,Totals,Totals,Totals,Totals,Totals,Totals,Totals,Totals,Totals,Totals,Totals,Totals
109,Rk,School,G,W,L,W-L%,SRS,SOS,,W,L,,W,L,,W,L,,Tm.,Opp.,,MP,FG,FGA,FG%,3P,3PA,3P%,FT,FTA,FT%,ORB,TRB,AST,STL,BLK,TOV,PF
110,101,Georgia Southern,8,0,8,.000,-19.60,-4.47,,,,,0,1,,0,5,,556,677,,320,190,464,.409,77,226,.341,99,131,.756,83,241,74,52,23,118,167
111,102,Georgia State,8,4,4,.500,-0.87,-0.01,,,,,2,1,,2,3,,632,606,,325,221,518,.427,59,187,.316,131,170,.771,104,300,103,48,18,87,176
112,103,Georgia Tech,7,4,3,.571,3.15,5.30,,1,0,,4,1,,0,2,,498,513,,280,176,445,.396,51,171,.298,95,145,.655,97,277,90,40,41,82,123
113,104,Gonzaga,8,7,1,.875,18.09,4.23,,,,,4,0,,0,0,,698,535,,320,272,533,.510,60,169,.355,94,137,.686,115,369,132,54,28,102,133
114,105,Grambling,8,2,6,.250,-21.46,4.54,,,,,2,0,,0,4,,539,640,,320,203,470,.432,31,122,.254,102,144,.708,83,246,83,63,19,108,144
115,106,Grand Canyon,8,7,1,.875,11.19,-0.06,,2,0,,5,0,,1,0,,641,551,,320,207,442,.468,48,152,.316,179,244,.734,103,314,82,65,42,109,151
116,107,Green Bay,9,4,5,.444,-7.13,-2.26,,1,1,,3,0,,1,4,,571,594,,365,213,467,.456,68,201,.338,77,120,.642,71,313,112,34,22,124,158
117,108,Hampton,8,3,5,.375,-15.52,-3.35,,,,,2,1,,0,2,,660,615,,320,234,490,.478,62,185,.335,130,182,.714,90,300,116,67,16,118,164
118,109,Harvard,9,6,3,.667,1.71,0.84,,,,,3,0,,3,3,,674,639,,365,241,532,.453,75,200,.375,117,166,.705,83,331,132,50,47,101,132
119,110,Hawaii,7,6,1,.857,3.38,-7.29,,,,,4,0,,0,0,,558,478,,280,194,397,.489,64,165,.388,106,146,.726,62,248,96,38,21,87,119
120,111,High Point,10,7,3,.700,3.25,-4.13,,,,,4,0,,1,2,,905,743,,410,298,605,.493,98,258,.380,211,278,.759,129,431,139,54,39,111,174
121,112,Hofstra,8,6,2,.750,9.03,1.31,,,,,2,1,,1,1,,656,549,,325,240,495,.485,94,236,.398,82,105,.781,73,301,143,49,35,93,131
122,113,Holy Cross,9,2,7,.222,-21.29,-8.07,,,,,0,2,,1,4,,579,698,,360,222,515,.431,65,196,.332,70,112,.625,88,294,100,35,22,108,150
123,114,Houston,9,9,0,1.000,26.47,0.58,,,,,5,0,,1,0,,675,442,,360,242,553,.438,71,206,.345,120,188,.638,137,372,126,98,44,79,164
124,115,Houston Christian,7,1,6,.143,-17.30,4.53,,,,,1,2,,0,4,,504,598,,280,194,448,.433,23,105,.219,93,152,.612,83,277,86,48,21,119,99
125,116,Howard,8,3,5,.375,-2.70,1.05,,,,,2,1,,1,4,,619,649,,335,207,468,.442,60,170,.353,145,190,.763,85,298,93,48,24,129,155
126,117,Idaho,9,5,4,.556,-4.42,-1.71,,,,,4,2,,0,2,,677,606,,365,245,531,.461,76,230,.330,111,159,.698,87,324,124,67,40,106,170
127,118,Idaho State,9,4,5,.444,-8.39,-2.68,,,,,3,0,,1,4,,620,570,,360,235,496,.474,55,176,.313,95,139,.683,84,303,116,67,35,114,146
128,119,Illinois,8,7,1,.875,20.44,2.69,,1,0,,5,1,,1,0,,641,499,,320,245,506,.484,66,196,.337,85,136,.625,101,371,101,33,37,106,110
129,120,Illinois State,9,6,3,.667,-0.70,0.17,,2,0,,4,0,,1,1,,604,592,,360,210,501,.419,61,205,.298,123,178,.691,97,331,103,55,23,121,141
130,,,Overall,Overall,Overall,Overall,Overall,Overall,,Conf.,Conf.,,Home,Home,,Away,Away,,Points,Points,,Totals,Totals,Totals,Totals,Totals,Totals,Totals,Totals,Totals,Totals,Totals,Totals,Totals,Totals,Totals,Totals,Totals
131,Rk,School,G,W,L,W-L%,SRS,SOS,,W,L,,W,L,,W,L,,Tm.,Opp.,,MP,FG,FGA,FG%,3P,3PA,3P%,FT,FTA,FT%,ORB,TRB,AST,STL,BLK,TOV,PF
132,121,Illinois-Chicago,8,5,3,.625,11.35,5.21,,0,1,,2,1,,1,1,,595,501,,320,222,470,.472,73,201,.363,78,121,.645,77,301,118,49,50,110,138
133,122,Incarnate Word,8,3,5,.375,-13.67,-6.24,,,,,2,0,,1,4,,625,636,,320,218,493,.442,67,197,.340,122,164,.744,92,307,104,58,36,129,164
134,123,Indiana,8,7,1,.875,6.23,1.36,,2,0,,5,0,,1,0,,593,554,,320,214,425,.504,25,97,.258,140,202,.693,66,270,115,52,38,101,130
135,124,Indiana State,9,8,1,.889,16.07,3.32,,2,0,,3,0,,2,1,,787,655,,360,275,519,.530,99,239,.414,138,189,.730,60,302,155,65,17,108,165
136,125,Iona,9,3,6,.333,-1.55,-1.21,,1,1,,1,2,,1,2,,657,660,,360,234,536,.437,78,210,.371,111,170,.653,100,304,120,83,23,113,180
137,126,Iowa,8,5,3,.625,16.07,5.32,,0,1,,4,0,,0,2,,703,617,,320,250,521,.480,54,153,.353,149,195,.764,93,312,148,58,34,71,122
138,127,Iowa State,8,6,2,.750,22.23,-1.77,,,,,4,0,,1,0,,663,471,,320,238,487,.489,49,151,.325,138,204,.676,103,305,142,94,22,80,134
139,128,IUPUI,9,3,6,.333,-19.67,-3.39,,0,2,,2,1,,1,3,,594,693,,365,216,503,.429,33,135,.244,129,174,.741,95,283,86,63,19,131,161
140,129,Jackson State,8,2,6,.250,-11.22,1.41,,,,,0,0,,2,6,,551,652,,320,198,482,.411,46,154,.299,109,162,.673,96,289,101,56,25,115,160
141,130,Jacksonville,9,6,3,.667,-13.51,-4.39,,,,,3,0,,2,3,,670,676,,360,243,534,.455,55,179,.307,129,186,.694,105,347,108,78,28,129,198
142,131,Jacksonville State,9,4,5,.444,-5.49,-7.37,,,,,2,2,,1,3,,625,560,,365,224,508,.441,51,166,.307,126,178,.708,111,332,103,63,32,121,144
143,132,James Madison,8,8,0,1.000,13.50,1.50,,,,,4,0,,2,0,,763,608,,335,276,551,.501,79,203,.389,132,187,.706,100,329,138,80,33,93,151
144,133,Kansas,9,8,1,.889,19.84,5.84,,,,,5,0,,0,0,,726,587,,360,274,511,.536,63,163,.387,115,168,.685,66,348,205,65,44,111,124
145,134,Kansas City,9,3,6,.333,-4.16,6.70,,,,,3,0,,0,3,,645,637,,365,237,546,.434,70,216,.324,101,167,.605,119,333,116,56,30,122,189
146,135,Kansas State,9,7,2,.778,10.23,2.56,,,,,6,0,,0,0,,734,665,,380,255,574,.444,76,237,.321,148,199,.744,132,370,147,61,33,129,145
147,136,Kennesaw State,9,6,3,.667,-6.60,-4.45,,,,,4,0,,0,3,,771,693,,365,275,644,.427,83,282,.294,138,208,.663,141,401,151,84,47,105,176
148,137,Kent State,9,6,3,.667,7.09,0.09,,,,,3,2,,1,0,,760,648,,370,256,555,.461,74,217,.341,174,221,.787,108,332,126,82,25,118,171
149,138,Kentucky,8,6,2,.750,17.83,-0.67,,,,,6,1,,0,0,,734,586,,325,267,528,.506,88,212,.415,112,151,.742,70,299,160,76,38,70,114
150,139,La Salle,9,7,2,.778,-3.02,-4.02,,,,,6,0,,0,2,,695,686,,380,250,558,.448,75,214,.350,120,169,.710,95,327,131,51,28,95,160
151,140,Lafayette,10,1,9,.100,-12.10,1.68,,,,,1,2,,0,5,,617,725,,400,227,585,.388,77,261,.295,86,133,.647,100,325,141,74,42,133,167
152,,,Overall,Overall,Overall,Overall,Overall,Overall,,Conf.,Conf.,,Home,Home,,Away,Away,,Points,Points,,Totals,Totals,Totals,Totals,Totals,Totals,Totals,Totals,Totals,Totals,Totals,Totals,Totals,Totals,Totals,Totals,Totals
153,Rk,School,G,W,L,W-L%,SRS,SOS,,W,L,,W,L,,W,L,,Tm.,Opp.,,MP,FG,FGA,FG%,3P,3PA,3P%,FT,FTA,FT%,ORB,TRB,AST,STL,BLK,TOV,PF
154,141,Lamar,9,4,5,.444,-9.59,-7.46,,,,,2,0,,0,5,,739,708,,365,257,588,.437,82,209,.392,143,194,.737,124,357,155,70,31,126,190
155,142,Le Moyne,9,3,6,.333,-20.68,-5.68,,,,,2,0,,1,6,,656,664,,360,233,556,.419,86,269,.320,104,143,.727,73,283,140,92,34,94,136
156,143,Lehigh,8,1,7,.125,-8.93,0.50,,,,,1,2,,0,5,,592,633,,320,223,518,.431,59,187,.316,87,121,.719,85,291,104,66,21,111,159
157,144,Liberty,9,7,2,.778,11.08,-0.30,,,,,3,0,,0,1,,714,563,,360,261,530,.492,98,255,.384,94,138,.681,92,327,138,46,13,86,130
158,145,Lindenwood,8,3,5,.375,-15.08,-0.08,,,,,1,1,,0,4,,519,593,,320,186,458,.406,41,142,.289,106,153,.693,73,266,68,46,21,104,164
159,146,Lipscomb,11,6,5,.545,-0.41,-2.31,,,,,3,0,,1,4,,886,828,,440,324,675,.480,105,289,.363,133,183,.727,86,374,159,77,40,133,154
160,147,Little Rock,8,4,4,.500,1.05,-0.21,,,,,4,1,,0,2,,653,643,,330,228,507,.450,52,170,.306,145,197,.736,97,281,115,59,27,94,173
161,148,Long Beach State,10,6,4,.600,-0.15,0.30,,,,,2,0,,3,2,,780,762,,400,297,638,.466,56,188,.298,130,202,.644,116,378,147,91,37,135,182
162,149,Long Island University,8,1,7,.125,-16.70,0.30,,,,,0,1,,0,6,,500,636,,320,175,448,.391,47,158,.297,103,145,.710,61,261,81,54,17,131,162
163,150,Longwood,9,8,1,.889,2.09,-10.77,,,,,6,0,,2,1,,736,545,,370,256,550,.465,53,167,.317,171,245,.698,135,392,115,74,31,111,164
164,151,Louisiana,8,5,3,.625,-1.24,0.42,,,,,3,0,,0,2,,645,580,,320,242,509,.475,79,205,.385,82,119,.689,100,271,118,73,40,94,137
165,152,Louisiana State,8,5,3,.625,3.97,-1.91,,,,,3,1,,0,1,,596,549,,325,204,439,.465,49,151,.325,139,192,.724,85,287,83,78,36,115,138
166,153,Louisiana Tech,9,7,2,.778,10.51,5.37,,,,,5,0,,2,2,,678,545,,360,230,516,.446,73,203,.360,145,210,.690,104,366,124,76,37,110,156
167,154,Louisiana-Monroe,7,4,3,.571,-7.86,4.54,,,,,3,1,,1,2,,512,498,,280,194,441,.440,43,146,.295,81,130,.623,110,289,117,64,26,95,128
168,155,Louisville,8,4,4,.500,-3.15,-3.90,,0,1,,4,1,,0,1,,603,597,,325,198,472,.419,43,151,.285,164,222,.739,106,312,84,43,24,107,152
169,156,Loyola (IL),9,5,4,.556,4.53,3.53,,,,,4,1,,0,1,,641,632,,360,224,507,.442,78,222,.351,115,163,.706,71,323,142,56,47,123,170
170,157,Loyola (MD),9,1,8,.111,-12.80,-3.80,,,,,0,2,,1,5,,598,679,,370,222,533,.417,69,215,.321,85,136,.625,92,323,131,56,28,131,150
171,158,Loyola Marymount,9,5,4,.556,3.17,-1.58,,,,,4,1,,0,1,,699,620,,360,235,525,.448,85,235,.362,144,193,.746,92,337,115,47,26,111,175
172,159,Maine,11,7,4,.636,-4.75,-6.95,,,,,2,1,,3,3,,776,702,,440,289,611,.473,64,208,.308,134,181,.740,76,347,143,100,29,122,176
173,160,Manhattan,8,4,4,.500,-13.34,1.95,,1,1,,2,0,,2,4,,520,615,,325,197,484,.407,52,161,.323,74,99,.747,67,268,104,65,15,115,100
174,,,Overall,Overall,Overall,Overall,Overall,Overall,,Conf.,Conf.,,Home,Home,,Away,Away,,Points,Points,,Totals,Totals,Totals,Totals,Totals,Totals,Totals,Totals,Totals,Totals,Totals,Totals,Totals,Totals,Totals,Totals,Totals
175,Rk,School,G,W,L,W-L%,SRS,SOS,,W,L,,W,L,,W,L,,Tm.,Opp.,,MP,FG,FGA,FG%,3P,3PA,3P%,FT,FTA,FT%,ORB,TRB,AST,STL,BLK,TOV,PF
176,161,Marist,7,5,2,.714,-4.01,-9.44,,2,0,,2,0,,3,2,,477,439,,280,176,376,.468,44,131,.336,81,126,.643,51,237,92,55,21,88,128
177,162,Marquette,9,7,2,.778,23.05,9.83,,,,,4,0,,1,1,,720,601,,360,265,547,.484,80,239,.335,110,157,.701,78,299,138,79,20,86,144
178,163,Marshall,8,2,6,.250,-4.54,3.09,,,,,1,2,,0,1,,590,651,,320,209,527,.397,51,200,.255,121,169,.716,111,329,109,52,42,106,143
179,164,Maryland,9,5,4,.556,3.65,-1.91,,1,1,,5,0,,0,2,,629,579,,365,209,518,.403,45,201,.224,166,240,.692,124,340,94,78,43,117,164
180,165,Maryland-Baltimore County,10,5,5,.500,-13.14,-9.14,,,,,4,1,,1,4,,806,823,,400,301,652,.462,78,222,.351,126,184,.685,109,377,131,56,33,144,177
181,166,Maryland-Eastern Shore,8,2,6,.250,-16.68,2.75,,,,,2,1,,0,5,,522,640,,325,189,486,.389,51,156,.327,93,124,.750,88,262,91,52,23,102,139
182,167,Massachusetts,6,4,2,.667,6.55,-4.79,,,,,4,1,,0,1,,495,427,,245,179,390,.459,47,142,.331,90,147,.612,85,235,110,54,22,63,123
183,168,Massachusetts-Lowell,8,6,2,.750,2.00,-5.00,,,,,2,0,,4,2,,654,519,,320,247,492,.502,45,139,.324,115,147,.782,95,334,106,54,43,118,130
184,169,McNeese State,10,8,2,.800,8.42,1.26,,,,,5,0,,2,2,,822,573,,400,324,629,.515,77,199,.387,97,152,.638,119,388,145,120,30,92,150
185,170,Memphis,8,6,2,.750,9.00,3.50,,,,,2,0,,2,1,,636,592,,325,222,488,.455,65,185,.351,127,175,.726,89,300,103,69,41,110,142
186,171,Mercer,8,2,6,.250,-11.06,-0.92,,,,,0,2,,1,3,,520,598,,320,190,450,.422,50,157,.318,90,148,.608,78,249,97,55,27,100,168
187,172,Merrimack,10,4,6,.400,-3.23,0.88,,,,,2,0,,1,5,,696,712,,405,242,560,.432,55,220,.250,157,214,.734,98,341,112,102,40,142,179
188,173,Miami (FL),8,7,1,.875,15.93,0.81,,1,0,,5,0,,0,1,,677,556,,320,243,474,.513,77,181,.425,114,146,.781,68,297,119,64,32,102,109
189,174,Miami (OH),8,4,4,.500,-5.15,-1.86,,,,,3,1,,1,3,,566,550,,320,190,426,.446,68,172,.395,118,168,.702,63,263,115,51,23,112,143
190,175,Michigan,9,4,5,.444,9.75,5.08,,0,1,,2,2,,1,1,,731,689,,365,269,545,.494,80,216,.370,113,168,.673,105,334,123,43,33,118,152
191,176,Michigan State,8,4,4,.500,16.39,7.02,,0,1,,4,2,,0,0,,581,506,,325,215,478,.450,41,149,.275,110,164,.671,90,300,133,56,38,87,138
192,177,Middle Tennessee,10,5,5,.500,-1.13,1.65,,,,,4,3,,0,0,,662,661,,415,234,581,.403,64,230,.278,130,192,.677,123,359,95,65,46,131,147
193,178,Milwaukee,9,3,6,.333,-14.75,-4.03,,0,1,,2,1,,0,4,,665,693,,360,233,579,.402,78,255,.306,121,178,.680,135,333,115,71,38,93,161
194,179,Minnesota,9,6,3,.667,7.33,-3.00,,1,1,,6,1,,0,1,,708,615,,360,245,511,.479,67,204,.328,151,210,.719,105,352,163,57,46,129,143
195,180,Mississippi,8,8,0,1.000,4.26,-2.99,,,,,7,0,,1,0,,590,532,,320,211,473,.446,55,152,.362,113,153,.739,84,294,130,66,54,83,109
196,,,Overall,Overall,Overall,Overall,Overall,Overall,,Conf.,Conf.,,Home,Home,,Away,Away,,Points,Points,,Totals,Totals,Totals,Totals,Totals,Totals,Totals,Totals,Totals,Totals,Totals,Totals,Totals,Totals,Totals,Totals,Totals
197,Rk,School,G,W,L,W-L%,SRS,SOS,,W,L,,W,L,,W,L,,Tm.,Opp.,,MP,FG,FGA,FG%,3P,3PA,3P%,FT,FTA,FT%,ORB,TRB,AST,STL,BLK,TOV,PF
198,181,Mississippi State,8,6,2,.750,13.63,2.25,,,,,3,1,,0,1,,573,482,,320,196,473,.414,62,212,.292,119,164,.726,98,335,108,68,28,111,130
199,182,Mississippi Valley State,9,0,9,.000,-27.40,5.93,,,,,0,0,,0,9,,447,747,,365,165,465,.355,30,109,.275,87,144,.604,81,253,63,54,13,149,175
200,183,Missouri,9,7,2,.778,5.24,-2.98,,,,,5,2,,2,0,,679,605,,360,240,528,.455,87,248,.351,112,145,.772,82,307,131,84,60,102,157
201,184,Missouri State,9,6,3,.667,4.32,-0.90,,1,1,,3,0,,0,3,,668,621,,365,224,501,.447,76,211,.360,144,196,.735,85,366,118,39,38,130,140
202,185,Monmouth,8,4,4,.500,-1.80,0.58,,,,,1,1,,1,3,,583,602,,320,202,460,.439,63,164,.384,116,165,.703,82,271,101,59,25,100,141
203,186,Montana,8,4,4,.500,1.16,7.66,,,,,4,1,,0,3,,591,558,,320,222,480,.463,46,156,.295,101,135,.748,77,292,124,33,23,86,148
204,187,Montana State,8,3,5,.375,-3.56,1.44,,,,,2,3,,1,2,,548,546,,325,205,471,.435,71,228,.311,67,94,.713,51,232,100,71,23,85,139
205,188,Morehead State,9,6,3,.667,-3.33,3.24,,,,,4,0,,2,3,,657,606,,360,238,505,.471,76,219,.347,105,160,.656,112,353,135,48,39,131,154
206,189,Morgan State,10,2,8,.200,-18.62,6.00,,,,,2,1,,0,5,,681,812,,400,264,609,.433,58,184,.315,95,143,.664,107,343,116,64,30,152,184
207,190,Mount St. Mary's,8,2,6,.250,-7.98,-8.35,,1,1,,2,1,,0,5,,569,566,,335,218,495,.440,44,153,.288,89,124,.718,104,293,109,67,31,122,137
208,191,Murray State,7,3,4,.429,-1.70,-0.37,,1,1,,3,1,,0,1,,539,514,,285,193,418,.462,51,153,.333,102,148,.689,74,256,93,35,20,69,109
209,192,Navy,7,2,5,.286,-5.85,-5.42,,,,,2,1,,0,4,,449,452,,285,155,426,.364,38,155,.245,101,133,.759,95,262,78,60,9,85,145
210,193,NC State,8,6,2,.750,9.48,-0.77,,1,0,,4,0,,1,1,,642,560,,325,235,514,.457,58,175,.331,114,157,.726,93,303,111,67,22,79,145
211,194,Nebraska,9,7,2,.778,9.23,-1.66,,0,1,,6,1,,0,1,,696,598,,360,233,529,.440,74,234,.316,156,210,.743,109,369,139,44,23,95,123
212,195,Nevada,7,7,0,1.000,16.61,-2.25,,,,,6,0,,1,0,,586,454,,280,194,409,.474,36,106,.340,162,213,.761,70,280,110,35,29,58,128
213,196,Nevada-Las Vegas,6,3,3,.500,0.26,1.42,,,,,2,1,,1,0,,436,443,,240,165,349,.473,43,130,.331,63,90,.700,58,183,75,44,23,65,84
214,197,New Hampshire,10,6,4,.600,-2.55,-0.78,,,,,4,0,,2,4,,791,730,,400,273,652,.419,98,285,.344,147,204,.721,103,397,141,78,21,106,166
215,198,New Mexico,9,8,1,.889,18.24,0.24,,,,,5,0,,0,1,,768,606,,360,279,584,.478,61,170,.359,149,213,.700,110,370,154,76,42,92,166
216,199,New Mexico State,10,4,6,.400,-13.64,5.50,,,,,4,0,,0,4,,718,747,,410,247,575,.430,67,197,.340,157,220,.714,93,356,133,66,21,127,216
217,200,New Orleans,8,4,4,.500,-15.07,-2.87,,,,,3,0,,1,3,,635,615,,325,221,527,.419,45,155,.290,148,193,.767,91,296,102,83,24,96,148
218,,,Overall,Overall,Overall,Overall,Overall,Overall,,Conf.,Conf.,,Home,Home,,Away,Away,,Points,Points,,Totals,Totals,Totals,Totals,Totals,Totals,Totals,Totals,Totals,Totals,Totals,Totals,Totals,Totals,Totals,Totals,Totals
219,Rk,School,G,W,L,W-L%,SRS,SOS,,W,L,,W,L,,W,L,,Tm.,Opp.,,MP,FG,FGA,FG%,3P,3PA,3P%,FT,FTA,FT%,ORB,TRB,AST,STL,BLK,TOV,PF
220,201,Niagara,7,1,6,.143,-15.19,-4.77,,0,2,,0,4,,1,2,,464,537,,285,168,376,.447,42,116,.362,86,122,.705,40,175,82,31,10,81,108
221,202,Nicholls State,9,3,6,.333,-4.30,5.95,,,,,1,0,,2,4,,659,711,,375,224,543,.413,83,234,.355,128,173,.740,87,319,91,71,41,112,164
222,203,NJIT,8,2,6,.250,-17.42,-4.42,,,,,1,2,,1,4,,529,633,,320,173,440,.393,65,191,.340,118,170,.694,76,263,87,47,16,111,175
223,204,Norfolk State,9,6,3,.667,-3.06,-2.63,,,,,4,0,,1,1,,679,601,,360,228,532,.429,58,186,.312,165,222,.743,112,321,112,95,27,98,175
224,205,North Alabama,8,4,4,.500,-5.41,-3.26,,,,,4,0,,0,4,,617,599,,335,208,484,.430,64,168,.381,137,178,.770,79,294,97,56,24,108,169
225,206,North Carolina,9,7,2,.778,17.77,6.33,,1,0,,5,0,,0,0,,766,663,,365,253,553,.458,69,192,.359,191,252,.758,108,349,131,48,39,91,148
226,207,North Carolina A&T,7,0,7,.000,-20.11,3.61,,,,,0,1,,0,4,,478,644,,280,157,422,.372,54,188,.287,110,150,.733,52,189,86,42,25,68,114
227,208,North Carolina Central,10,4,6,.400,-9.08,1.42,,,,,2,1,,2,4,,734,702,,405,262,596,.440,66,224,.295,144,204,.706,108,339,127,97,32,116,164
228,209,North Dakota,9,6,3,.667,-12.90,-7.90,,,,,3,0,,1,3,,665,639,,365,244,545,.448,64,221,.290,113,171,.661,96,327,112,57,37,99,143
229,210,North Dakota State,9,5,4,.556,-4.05,3.67,,,,,3,0,,2,3,,684,682,,370,245,538,.455,71,187,.380,123,181,.680,100,339,103,43,17,95,129
230,211,North Florida,10,5,5,.500,-10.57,-5.57,,,,,4,2,,1,3,,785,736,,400,269,622,.432,120,326,.368,127,165,.770,105,359,135,65,27,126,176
231,212,North Texas,8,5,3,.625,7.27,-1.88,,,,,4,0,,0,1,,559,466,,325,192,434,.442,66,176,.375,109,140,.779,91,283,88,60,18,99,131
232,213,Northeastern,10,4,6,.400,-3.90,-2.40,,,,,2,1,,1,4,,742,757,,400,256,543,.471,64,192,.333,166,222,.748,107,328,131,66,34,126,146
233,214,Northern Arizona,9,4,5,.444,-6.77,1.45,,,,,1,0,,2,4,,590,664,,360,224,518,.432,57,191,.298,85,139,.612,72,289,123,60,30,131,190
234,215,Northern Colorado,8,4,4,.500,-8.28,-2.95,,,,,3,1,,0,2,,596,578,,325,205,492,.417,70,225,.311,116,168,.690,80,298,103,58,17,99,131
235,216,Northern Illinois,8,5,3,.625,3.76,8.48,,,,,2,1,,2,2,,659,640,,320,232,487,.476,61,174,.351,134,207,.647,81,299,100,49,41,94,130
236,217,Northern Iowa,9,3,6,.333,1.35,5.60,,0,2,,2,1,,0,3,,681,675,,370,250,541,.462,77,216,.356,104,157,.662,76,317,131,56,14,99,171
237,218,Northern Kentucky,9,5,4,.556,-2.01,-2.63,,2,0,,4,0,,1,4,,642,620,,360,232,505,.459,50,165,.303,128,190,.674,86,292,132,83,28,110,151
238,219,Northwestern,7,6,1,.857,12.57,5.72,,1,0,,5,0,,0,0,,516,468,,285,188,408,.461,49,142,.345,91,123,.740,64,211,109,62,25,56,126
239,220,Northwestern State,8,1,7,.125,-16.24,0.90,,,,,1,1,,0,4,,566,639,,320,199,491,.405,51,191,.267,117,164,.713,92,271,83,59,28,104,158
240,,,Overall,Overall,Overall,Overall,Overall,Overall,,Conf.,Conf.,,Home,Home,,Away,Away,,Points,Points,,Totals,Totals,Totals,Totals,Totals,Totals,Totals,Totals,Totals,Totals,Totals,Totals,Totals,Totals,Totals,Totals,Totals
241,Rk,School,G,W,L,W-L%,SRS,SOS,,W,L,,W,L,,W,L,,Tm.,Opp.,,MP,FG,FGA,FG%,3P,3PA,3P%,FT,FTA,FT%,ORB,TRB,AST,STL,BLK,TOV,PF
242,221,Notre Dame,8,4,4,.500,0.28,1.40,,0,1,,3,1,,0,2,,519,528,,325,186,449,.414,55,196,.281,92,126,.730,77,291,89,41,22,103,121
243,222,Oakland,10,5,5,.500,5.96,5.86,,1,1,,1,2,,2,2,,724,723,,400,267,599,.446,76,228,.333,114,157,.726,98,335,116,70,14,119,172
244,223,Ohio,8,5,3,.625,3.29,-1.71,,,,,3,1,,0,1,,639,599,,330,231,501,.461,61,180,.339,116,168,.690,83,277,95,54,31,76,152
245,224,Ohio State,9,8,1,.889,18.94,3.60,,1,0,,6,1,,0,0,,728,590,,361,250,527,.474,77,192,.401,151,196,.770,113,343,137,59,40,95,154
246,225,Oklahoma,8,8,0,1.000,19.48,-4.03,,,,,6,0,,0,0,,684,496,,320,251,493,.509,65,186,.349,117,148,.791,93,322,121,63,40,100,119
247,226,Oklahoma State,8,3,5,.375,6.08,0.45,,,,,3,2,,0,1,,593,548,,325,218,490,.445,70,205,.341,87,137,.635,93,302,124,47,28,90,139
248,227,Old Dominion,8,3,5,.375,-6.28,0.01,,,,,3,1,,0,4,,556,586,,325,212,483,.439,54,151,.358,78,113,.690,80,279,91,58,25,91,156
249,228,Omaha,10,5,5,.500,-9.17,0.83,,,,,4,0,,0,4,,740,696,,400,258,575,.449,73,212,.344,151,215,.702,92,334,106,67,13,109,163
250,229,Oral Roberts,7,3,4,.429,1.00,5.34,,,,,3,0,,0,4,,502,523,,285,172,400,.430,65,186,.349,93,132,.705,51,234,78,39,34,66,117
251,230,Oregon,7,5,2,.714,11.15,3.72,,,,,3,0,,1,0,,575,523,,285,210,446,.471,58,148,.392,97,159,.610,84,273,104,53,25,65,124
252,231,Oregon State,8,5,3,.625,1.05,5.63,,,,,5,0,,0,0,,571,567,,345,189,449,.421,41,159,.258,152,199,.764,79,301,94,54,29,118,165
253,232,Pacific,10,4,6,.400,-18.09,-7.59,,,,,3,3,,1,3,,652,757,,405,230,560,.411,68,227,.300,124,203,.611,66,292,157,71,13,145,184
254,233,Penn State,9,4,5,.444,4.64,-0.58,,0,1,,4,1,,0,1,,681,634,,365,233,536,.435,65,219,.297,150,202,.743,91,297,97,76,32,106,161
255,234,Pennsylvania,10,6,4,.600,-0.05,-2.93,,,,,6,1,,0,2,,831,709,,415,302,614,.492,102,246,.415,125,193,.648,128,397,177,70,34,122,150
256,235,Pepperdine,11,4,7,.364,-0.58,0.92,,,,,4,2,,0,2,,797,800,,440,298,658,.453,70,194,.361,131,184,.712,118,374,150,62,27,145,194
257,236,Pittsburgh,9,6,3,.667,15.98,-0.80,,0,1,,4,2,,1,0,,743,592,,360,251,564,.445,94,270,.348,147,216,.681,122,390,138,54,48,84,147
258,237,Portland,9,5,4,.556,-4.59,-0.16,,,,,5,2,,0,2,,711,702,,360,252,529,.476,75,224,.335,132,182,.725,88,341,146,52,37,140,157
259,238,Portland State,9,7,2,.778,1.76,-0.67,,,,,3,0,,3,1,,663,585,,360,239,558,.428,72,222,.324,113,168,.673,104,339,119,63,31,82,147
260,239,Prairie View,7,4,3,.571,-1.40,2.10,,,,,1,0,,2,3,,524,522,,280,182,456,.399,32,107,.299,128,166,.771,88,270,67,64,19,85,152
261,240,Presbyterian,10,6,4,.600,-9.08,-9.74,,,,,2,2,,3,1,,753,705,,405,269,566,.475,67,188,.356,148,229,.646,80,351,144,66,34,126,178
262,,,Overall,Overall,Overall,Overall,Overall,Overall,,Conf.,Conf.,,Home,Home,,Away,Away,,Points,Points,,Totals,Totals,Totals,Totals,Totals,Totals,Totals,Totals,Totals,Totals,Totals,Totals,Totals,Totals,Totals,Totals,Totals
263,Rk,School,G,W,L,W-L%,SRS,SOS,,W,L,,W,L,,W,L,,Tm.,Opp.,,MP,FG,FGA,FG%,3P,3PA,3P%,FT,FTA,FT%,ORB,TRB,AST,STL,BLK,TOV,PF
264,241,Princeton,9,9,0,1.000,12.13,0.79,,,,,3,0,,5,0,,686,584,,360,248,522,.475,83,244,.340,107,134,.799,83,291,123,59,19,80,121
265,242,Providence,9,7,2,.778,11.70,1.92,,,,,6,0,,0,1,,669,581,,365,243,524,.464,67,210,.319,116,168,.690,86,347,125,56,59,122,134
266,243,Purdue,9,8,1,.889,28.55,10.88,,1,1,,5,0,,0,1,,764,605,,365,259,527,.491,75,189,.397,171,243,.704,102,383,158,46,45,113,134
267,244,Purdue Fort Wayne,10,9,1,.900,6.45,-2.80,,2,0,,4,0,,3,1,,866,665,,400,317,638,.497,100,257,.389,132,182,.725,84,332,141,103,34,98,172
268,245,Queens (NC),10,5,5,.500,-8.10,-1.43,,,,,4,0,,0,5,,793,788,,400,277,666,.416,96,288,.333,143,201,.711,137,401,151,66,34,122,179
269,246,Quinnipiac,8,6,2,.750,-10.22,-9.22,,1,1,,4,0,,2,2,,651,590,,325,226,492,.459,61,164,.372,138,176,.784,87,311,125,54,37,108,120
270,247,Radford,10,6,4,.600,-2.07,-1.07,,,,,3,0,,0,4,,754,678,,400,277,586,.473,80,200,.400,120,165,.727,109,386,119,62,33,131,175
271,248,Rhode Island,9,5,4,.556,-0.26,0.50,,,,,5,1,,0,1,,667,635,,360,250,515,.485,51,145,.352,116,201,.577,115,362,122,47,27,109,138
272,249,Rice,9,3,6,.333,-5.33,7.17,,,,,3,1,,0,2,,655,711,,360,232,545,.426,65,214,.304,126,183,.689,93,323,129,58,30,108,132
273,250,Richmond,9,5,4,.556,7.78,-2.88,,,,,4,0,,0,3,,704,608,,360,271,544,.498,75,204,.368,87,118,.737,57,297,120,63,29,73,126
274,251,Rider,8,1,7,.125,-15.35,-0.21,,0,2,,1,1,,0,6,,556,616,,320,214,529,.405,32,135,.237,96,144,.667,119,333,91,59,22,106,154
275,252,Robert Morris,9,2,7,.222,-8.25,-0.12,,0,2,,2,2,,0,5,,617,672,,360,221,534,.414,57,202,.282,118,159,.742,98,300,108,51,22,127,170
276,253,Rutgers,8,5,3,.625,9.05,2.42,,0,1,,5,1,,0,1,,538,485,,320,185,458,.404,48,157,.306,120,184,.652,94,294,97,64,46,91,132
277,254,Sacramento State,8,2,6,.250,-10.64,0.50,,,,,1,0,,1,4,,605,621,,320,207,483,.429,85,256,.332,106,148,.716,108,321,124,36,18,129,140
278,255,Sacred Heart,10,4,6,.400,-10.76,-5.54,,,,,2,2,,1,4,,733,736,,400,265,625,.424,71,203,.350,132,195,.677,113,374,110,103,51,131,178
279,256,Saint Francis (PA),9,4,5,.444,-18.32,-1.04,,,,,2,1,,2,4,,590,644,,360,218,515,.423,48,172,.279,106,157,.675,102,292,99,60,25,123,166
280,257,Saint Joseph's,9,7,2,.778,8.11,-4.01,,,,,5,1,,1,1,,677,568,,365,244,540,.452,100,274,.365,89,125,.712,88,340,157,62,31,111,144
281,258,Saint Louis,10,5,5,.500,-3.30,1.92,,,,,4,1,,0,2,,746,757,,400,248,570,.435,73,198,.369,177,243,.728,81,333,113,78,25,111,169
282,259,Saint Mary's (CA),9,4,5,.444,9.53,8.90,,,,,4,2,,0,0,,629,545,,360,235,541,.434,59,203,.291,100,162,.617,131,373,130,58,49,103,155
283,260,Saint Peter's,7,3,4,.429,-6.66,-4.23,,2,0,,0,1,,3,3,,431,448,,280,147,377,.390,39,132,.295,98,131,.748,94,248,65,44,22,107,156
284,,,Overall,Overall,Overall,Overall,Overall,Overall,,Conf.,Conf.,,Home,Home,,Away,Away,,Points,Points,,Totals,Totals,Totals,Totals,Totals,Totals,Totals,Totals,Totals,Totals,Totals,Totals,Totals,Totals,Totals,Totals,Totals
285,Rk,School,G,W,L,W-L%,SRS,SOS,,W,L,,W,L,,W,L,,Tm.,Opp.,,MP,FG,FGA,FG%,3P,3PA,3P%,FT,FTA,FT%,ORB,TRB,AST,STL,BLK,TOV,PF
286,261,Sam Houston,9,5,4,.556,-3.64,-4.39,,,,,2,1,,2,3,,677,654,,370,222,537,.413,75,214,.350,158,214,.738,107,337,135,74,24,125,167
287,262,Samford,9,7,2,.778,2.90,-2.10,,,,,7,0,,0,2,,790,665,,360,278,591,.470,90,242,.372,144,191,.754,123,360,180,102,37,128,180
288,263,San Diego,10,6,4,.600,-4.28,-3.28,,,,,5,0,,0,3,,721,726,,400,251,579,.434,64,199,.322,155,201,.771,96,363,121,69,37,144,186
289,264,San Diego State,9,7,2,.778,15.65,8.03,,,,,3,0,,1,2,,698,617,,370,238,542,.439,67,199,.337,155,216,.718,106,348,136,77,31,97,154
290,265,San Francisco,9,6,3,.667,11.80,2.42,,,,,3,0,,1,2,,698,554,,360,268,547,.490,73,215,.340,89,119,.748,101,329,149,81,33,121,151
291,266,San Jose State,10,5,5,.500,-0.33,-2.33,,,,,3,0,,0,4,,741,678,,410,273,586,.466,86,249,.345,109,159,.686,90,349,131,56,44,119,172
292,267,Santa Clara,9,7,2,.778,2.79,-3.21,,,,,5,0,,1,1,,713,628,,360,271,570,.475,79,218,.362,92,145,.634,121,372,144,51,27,110,143
293,268,Seattle,8,5,3,.625,6.40,-1.23,,1,1,,5,1,,0,2,,574,513,,320,197,433,.455,49,160,.306,131,175,.749,77,284,107,53,29,115,160
294,269,Seton Hall,8,5,3,.625,8.63,1.01,,,,,5,0,,0,1,,606,545,,320,224,480,.467,45,144,.313,113,141,.801,98,301,110,71,25,95,129
295,270,Siena,9,2,7,.222,-26.69,-9.24,,1,1,,2,2,,0,3,,511,668,,360,198,503,.394,38,162,.235,77,138,.558,120,318,89,52,37,152,131
296,271,South Alabama,10,5,5,.500,-6.68,-1.93,,,,,3,2,,2,3,,719,754,,415,253,575,.440,67,213,.315,146,199,.734,74,323,96,58,23,103,174
297,272,South Carolina,8,7,1,.875,13.17,2.92,,,,,4,0,,0,1,,604,522,,320,210,459,.458,76,194,.392,108,154,.701,80,282,119,45,26,80,137
298,273,South Carolina State,9,2,7,.222,-17.42,-2.17,,,,,2,0,,0,7,,621,735,,360,229,568,.403,40,145,.276,123,193,.637,133,337,116,85,23,137,192
299,274,South Carolina Upstate,9,4,5,.444,-11.07,-1.93,,,,,2,0,,2,5,,654,625,,365,240,548,.438,80,220,.364,94,147,.639,85,294,129,84,25,106,174
300,275,South Dakota,9,6,3,.667,-4.74,-5.07,,,,,4,1,,1,1,,731,623,,360,266,584,.455,70,186,.376,129,184,.701,144,414,115,44,21,124,144
301,276,South Dakota State,9,4,5,.444,1.89,4.60,,,,,2,2,,1,1,,668,637,,360,252,546,.462,77,212,.363,87,137,.635,99,339,108,65,33,107,138
302,277,South Florida,6,2,4,.333,-1.29,-2.62,,,,,2,2,,0,2,,411,403,,240,141,368,.383,32,132,.242,97,131,.740,69,224,80,46,14,70,118
303,278,Southeast Missouri State,9,3,6,.333,-19.86,-0.15,,,,,3,1,,0,4,,603,663,,360,216,549,.393,64,223,.287,107,169,.633,98,312,121,53,25,121,172
304,279,Southeastern Louisiana,8,2,6,.250,-9.47,6.53,,,,,2,0,,0,4,,583,614,,320,208,485,.429,57,171,.333,110,157,.701,94,274,120,69,9,106,141
305,280,Southern,8,2,6,.250,-7.28,10.35,,,,,0,0,,2,6,,534,675,,325,203,480,.423,56,180,.311,72,118,.610,69,233,94,77,17,120,162
306,,,Overall,Overall,Overall,Overall,Overall,Overall,,Conf.,Conf.,,Home,Home,,Away,Away,,Points,Points,,Totals,Totals,Totals,Totals,Totals,Totals,Totals,Totals,Totals,Totals,Totals,Totals,Totals,Totals,Totals,Totals,Totals
307,Rk,School,G,W,L,W-L%,SRS,SOS,,W,L,,W,L,,W,L,,Tm.,Opp.,,MP,FG,FGA,FG%,3P,3PA,3P%,FT,FTA,FT%,ORB,TRB,AST,STL,BLK,TOV,PF
308,281,Southern California,8,5,3,.625,12.73,5.10,,,,,3,1,,0,0,,631,570,,320,215,461,.466,66,178,.371,135,183,.738,85,295,116,51,44,105,120
309,282,Southern Illinois,8,6,2,.750,10.06,-0.23,,0,1,,5,0,,0,1,,626,523,,320,209,437,.478,79,193,.409,129,179,.721,68,262,122,56,30,87,156
310,283,SIU Edwardsville,10,6,4,.600,-6.84,-2.59,,,,,4,0,,0,4,,705,690,,400,244,555,.440,72,193,.373,145,204,.711,107,339,116,64,48,104,154
311,284,Southern Indiana,10,2,8,.200,-9.93,1.45,,,,,2,3,,0,5,,661,691,,400,245,595,.412,68,219,.311,103,151,.682,106,392,138,60,40,142,189
312,285,Southern Methodist,10,6,4,.600,12.43,2.32,,,,,5,2,,0,1,,744,634,,400,277,614,.451,70,207,.338,120,175,.686,134,401,155,84,43,121,171
313,286,Southern Mississippi,8,4,4,.500,-7.33,-2.50,,,,,2,1,,2,1,,555,531,,320,193,463,.417,48,148,.324,121,186,.651,94,298,95,73,34,91,151
314,287,Southern Utah,8,2,6,.250,-2.97,4.74,,0,2,,1,1,,0,5,,606,625,,320,213,473,.450,59,175,.337,121,174,.695,86,270,83,49,10,98,152
315,288,St. Bonaventure,8,6,2,.750,6.58,-2.30,,,,,3,1,,2,0,,597,526,,320,219,461,.475,67,190,.353,92,119,.773,87,267,118,48,34,91,129
316,289,St. John's (NY),8,6,2,.750,11.89,0.64,,,,,3,1,,1,0,,643,553,,320,243,535,.454,72,194,.371,85,122,.697,144,339,138,60,44,106,142
317,290,St. Thomas,9,5,4,.556,-5.30,-5.55,,,,,3,0,,1,3,,609,561,,360,216,495,.436,74,214,.346,103,147,.701,85,295,112,46,21,91,151
318,291,Stanford,8,4,4,.500,3.44,-0.81,,,,,4,1,,0,0,,642,608,,330,239,505,.473,74,209,.354,90,128,.703,66,286,147,55,27,97,131
319,292,Stephen F. Austin,9,5,4,.556,4.32,1.70,,1,1,,1,2,,2,1,,675,626,,370,241,527,.457,60,174,.345,133,189,.704,107,335,111,77,31,167,195
320,293,Stetson,9,5,4,.556,-7.56,1.30,,,,,2,0,,1,4,,663,625,,360,244,534,.457,83,238,.349,92,116,.793,95,329,139,46,22,112,121
321,294,Stonehill,10,1,9,.100,-21.29,-0.19,,,,,1,2,,0,7,,647,858,,400,234,591,.396,85,266,.320,94,131,.718,74,295,111,65,22,135,151
322,295,Stony Brook,8,3,5,.375,-8.96,-2.81,,,,,3,1,,0,4,,557,559,,320,202,493,.410,64,194,.330,89,129,.690,94,305,91,49,34,86,106
323,296,Syracuse,9,6,3,.667,8.33,7.95,,0,1,,5,0,,0,1,,692,640,,360,254,586,.433,71,219,.324,113,156,.724,106,347,122,79,49,107,129
324,297,Tarleton State,9,7,2,.778,-2.47,-1.61,,2,0,,3,0,,2,2,,650,579,,360,238,531,.448,44,151,.291,130,171,.760,119,326,102,90,30,123,154
325,298,TCU,7,7,0,1.000,13.28,-12.29,,,,,6,0,,1,0,,642,463,,280,243,454,.535,46,136,.338,110,146,.753,81,275,155,83,43,90,119
326,299,Temple,8,5,3,.625,1.00,-2.00,,,,,3,2,,2,0,,631,580,,335,205,526,.390,69,224,.308,152,198,.768,109,333,97,61,32,80,136
327,300,Tennessee,8,5,3,.625,21.53,10.78,,,,,3,0,,1,1,,621,535,,320,216,494,.437,68,205,.332,121,159,.761,80,302,123,60,39,81,151
328,,,Overall,Overall,Overall,Overall,Overall,Overall,,Conf.,Conf.,,Home,Home,,Away,Away,,Points,Points,,Totals,Totals,Totals,Totals,Totals,Totals,Totals,Totals,Totals,Totals,Totals,Totals,Totals,Totals,Totals,Totals,Totals
329,Rk,School,G,W,L,W-L%,SRS,SOS,,W,L,,W,L,,W,L,,Tm.,Opp.,,MP,FG,FGA,FG%,3P,3PA,3P%,FT,FTA,FT%,ORB,TRB,AST,STL,BLK,TOV,PF
330,301,Tennessee State,9,6,3,.667,-7.49,-7.49,,,,,4,0,,1,2,,690,633,,365,246,546,.451,61,188,.324,137,192,.714,102,323,123,68,24,115,159
331,302,Tennessee Tech,9,3,6,.333,-13.74,-0.17,,,,,2,2,,1,4,,647,704,,365,244,521,.468,65,186,.349,94,142,.662,51,291,114,33,25,98,136
332,303,Tennessee-Martin,9,5,4,.556,-7.00,-1.86,,,,,3,0,,2,3,,760,750,,370,276,615,.449,88,239,.368,120,161,.745,96,395,130,65,21,123,130
333,304,Texas,8,6,2,.750,11.08,0.21,,,,,5,0,,0,1,,634,547,,320,235,477,.493,56,158,.354,108,149,.725,84,294,136,61,44,97,135
334,305,Texas A&M,9,7,2,.778,18.75,9.63,,,,,3,0,,2,1,,691,609,,360,250,573,.436,62,207,.300,129,178,.725,159,376,113,61,27,84,140
335,306,Texas A&M-Commerce,10,4,6,.400,-11.14,6.36,,,,,3,1,,1,5,,692,730,,400,253,599,.422,88,293,.300,98,143,.685,84,314,147,88,49,125,161
336,307,Texas A&M-Corpus Christi,8,3,5,.375,-11.23,0.27,,,,,2,1,,1,3,,611,556,,330,222,512,.434,47,159,.296,120,184,.652,117,338,118,76,19,113,179
337,308,Texas Southern,7,0,7,.000,-5.78,15.50,,,,,0,0,,0,7,,391,540,,280,152,446,.341,43,161,.267,44,73,.603,81,253,63,40,22,84,134
338,309,Texas State,8,3,5,.375,-4.02,2.73,,,,,1,0,,2,3,,513,567,,320,189,463,.408,31,118,.263,104,168,.619,106,301,83,48,33,110,170
339,310,Texas Tech,8,6,2,.750,9.80,0.68,,,,,4,0,,0,1,,598,525,,325,204,462,.442,64,200,.320,126,164,.768,85,293,104,51,27,95,116
340,311,Texas-Rio Grande Valley,10,3,7,.300,-12.62,2.88,,0,2,,2,1,,1,4,,737,791,,400,260,612,.425,50,186,.269,167,247,.676,108,348,140,101,36,140,187
341,312,The Citadel,10,6,4,.600,-4.88,-7.63,,,,,3,1,,1,3,,712,644,,400,250,558,.448,68,206,.330,144,198,.727,104,379,108,51,27,114,144
342,313,Toledo,8,4,4,.500,8.20,5.70,,,,,2,1,,2,0,,634,614,,320,228,473,.482,47,122,.385,131,171,.766,81,244,112,65,22,99,133
343,314,Towson,9,4,5,.444,-2.28,2.06,,,,,3,0,,1,1,,538,577,,360,189,483,.391,43,144,.299,117,183,.639,139,348,74,48,40,117,143
344,315,Troy,8,4,4,.500,-4.05,-6.39,,,,,4,1,,0,3,,678,554,,335,234,527,.444,70,203,.345,140,201,.697,131,348,121,81,25,126,167
345,316,Tulane,7,6,1,.857,9.17,-3.83,,,,,4,0,,1,0,,619,528,,280,204,384,.531,40,129,.310,171,220,.777,37,219,89,74,25,81,114
346,317,Tulsa,7,5,2,.714,2.27,-7.87,,,,,5,0,,0,2,,557,486,,285,178,420,.424,57,175,.326,144,199,.724,92,299,92,61,25,109,129
347,318,UAB,8,4,4,.500,0.20,1.95,,,,,2,3,,1,0,,585,599,,325,203,476,.426,38,140,.271,141,197,.716,106,305,85,56,39,95,133
348,319,UC Davis,7,3,4,.429,-3.91,0.59,,,,,2,1,,0,3,,488,480,,280,166,375,.443,50,147,.340,106,154,.688,80,227,88,57,30,119,152
349,320,UC Irvine,9,6,3,.667,8.11,2.86,,,,,2,0,,1,3,,703,601,,360,262,535,.490,57,153,.373,122,173,.705,93,338,154,61,29,115,167
350,,,Overall,Overall,Overall,Overall,Overall,Overall,,Conf.,Conf.,,Home,Home,,Away,Away,,Points,Points,,Totals,Totals,Totals,Totals,Totals,Totals,Totals,Totals,Totals,Totals,Totals,Totals,Totals,Totals,Totals,Totals,Totals
351,Rk,School,G,W,L,W-L%,SRS,SOS,,W,L,,W,L,,W,L,,Tm.,Opp.,,MP,FG,FGA,FG%,3P,3PA,3P%,FT,FTA,FT%,ORB,TRB,AST,STL,BLK,TOV,PF
352,321,UC Riverside,10,4,6,.400,-7.78,3.72,,,,,3,0,,0,6,,679,718,,401,244,640,.381,87,287,.303,104,148,.703,135,376,146,56,16,103,168
353,322,UC San Diego,9,5,4,.556,1.78,3.35,,,,,5,1,,0,2,,706,627,,365,250,542,.461,80,233,.343,126,168,.750,82,315,122,57,35,91,136
354,323,UC Santa Barbara,7,4,3,.571,-3.01,-2.51,,,,,3,1,,1,2,,539,530,,280,196,387,.506,38,111,.342,109,145,.752,62,267,105,25,25,110,102
355,324,UCLA,7,5,2,.714,8.37,-2.29,,,,,4,0,,0,0,,497,405,,280,176,384,.458,30,96,.313,115,155,.742,75,255,95,46,26,81,129
356,325,UNC Asheville,9,5,4,.556,-7.31,-0.14,,,,,3,1,,0,2,,781,660,,370,260,560,.464,81,243,.333,180,262,.687,110,339,163,61,40,113,164
357,326,UNC Greensboro,7,6,1,.857,6.54,-0.46,,,,,2,0,,1,1,,552,478,,280,196,416,.471,66,175,.377,94,133,.707,65,248,95,50,14,61,131
358,327,UNC Wilmington,8,6,2,.750,1.35,0.69,,,,,2,0,,3,1,,660,581,,325,231,492,.470,74,192,.385,124,171,.725,72,282,91,50,19,80,144
359,328,UT Arlington,9,5,4,.556,2.23,6.37,,1,1,,5,1,,0,3,,683,644,,360,237,541,.438,80,237,.338,129,183,.705,120,374,160,51,28,136,178
360,329,Utah,8,6,2,.750,14.53,5.28,,,,,3,0,,1,0,,653,579,,320,231,480,.481,64,169,.379,127,178,.713,86,314,136,55,28,95,120
361,330,Utah State,9,8,1,.889,13.76,1.13,,,,,4,0,,1,1,,755,601,,365,291,545,.534,53,166,.319,120,180,.667,96,349,170,63,48,106,153
362,331,Utah Tech,8,5,3,.625,-4.12,0.31,,2,0,,1,0,,4,3,,562,581,,325,198,449,.441,53,139,.381,113,166,.681,74,285,96,58,30,126,166
363,332,Utah Valley,9,6,3,.667,-1.26,0.45,,1,1,,4,0,,1,2,,621,590,,365,227,507,.448,47,174,.270,120,181,.663,74,322,135,63,40,114,158
364,333,UTEP,9,6,3,.667,-3.34,-2.68,,,,,5,1,,0,1,,737,613,,360,262,545,.481,51,174,.293,162,240,.675,112,345,158,104,37,129,182
365,334,UTSA,8,4,4,.500,-12.27,-8.02,,,,,3,1,,1,3,,625,659,,325,210,515,.408,68,208,.327,137,192,.714,104,329,109,43,40,94,160
366,335,Valparaiso,9,4,5,.444,-8.53,-3.53,,0,2,,4,2,,0,3,,628,629,,360,225,568,.396,64,194,.330,114,164,.695,102,339,111,63,42,99,142
367,336,Vanderbilt,9,4,5,.444,-4.32,-1.66,,,,,4,3,,0,0,,630,654,,360,207,508,.407,71,233,.305,145,204,.711,102,331,98,53,18,104,130
368,337,Vermont,10,8,2,.800,2.94,-0.31,,,,,5,0,,1,1,,750,624,,400,274,567,.483,109,276,.395,93,136,.684,86,354,149,48,33,97,134
369,338,Villanova,10,6,4,.600,11.23,2.83,,,,,3,1,,0,2,,740,656,,410,239,583,.410,94,292,.322,168,204,.824,117,382,118,58,18,102,164
370,339,Virginia,9,8,1,.889,17.97,3.19,,1,0,,6,0,,0,0,,612,479,,360,221,475,.465,66,168,.393,104,152,.684,70,298,144,80,56,75,125
371,340,Virginia Commonwealth,9,4,5,.444,8.78,6.33,,,,,3,3,,0,0,,624,602,,365,205,468,.438,66,213,.310,148,191,.775,87,323,113,52,45,133,163
372,,,Overall,Overall,Overall,Overall,Overall,Overall,,Conf.,Conf.,,Home,Home,,Away,Away,,Points,Points,,Totals,Totals,Totals,Totals,Totals,Totals,Totals,Totals,Totals,Totals,Totals,Totals,Totals,Totals,Totals,Totals,Totals
373,Rk,School,G,W,L,W-L%,SRS,SOS,,W,L,,W,L,,W,L,,Tm.,Opp.,,MP,FG,FGA,FG%,3P,3PA,3P%,FT,FTA,FT%,ORB,TRB,AST,STL,BLK,TOV,PF
374,341,VMI,9,2,7,.222,-11.55,-0.84,,,,,2,1,,0,4,,648,652,,360,252,554,.455,66,196,.337,78,126,.619,100,372,108,45,24,148,172
375,342,Virginia Tech,9,6,3,.667,10.88,4.99,,1,0,,4,0,,0,1,,670,617,,360,217,500,.434,65,195,.333,171,213,.803,84,304,137,59,21,103,148
376,343,Wagner,8,4,4,.500,-12.26,-3.97,,,,,2,0,,2,4,,489,512,,325,174,488,.357,60,199,.302,81,125,.648,102,290,86,61,18,76,142
377,344,Wake Forest,8,5,3,.625,9.92,2.17,,,,,4,0,,0,1,,628,566,,325,220,470,.468,64,181,.354,124,157,.790,71,278,95,48,38,88,119
378,345,Washington,8,5,3,.625,17.18,7.05,,,,,4,1,,0,0,,662,581,,325,242,508,.476,56,174,.322,122,173,.705,96,320,137,54,43,98,157
379,346,Washington State,8,7,1,.875,17.27,-1.35,,,,,6,0,,0,0,,641,492,,320,242,483,.501,53,159,.333,104,158,.658,95,323,109,52,53,79,153
380,347,Weber State,7,4,3,.571,0.41,1.41,,,,,2,0,,1,1,,509,418,,285,165,390,.423,55,169,.325,124,161,.770,57,242,76,42,8,68,96
381,348,West Virginia,8,3,5,.375,3.59,6.09,,,,,3,3,,0,0,,512,532,,320,167,432,.387,44,155,.284,134,184,.728,89,308,90,27,34,95,100
382,349,Western Carolina,8,6,2,.750,-0.94,-1.66,,,,,3,0,,3,2,,617,571,,320,227,478,.475,56,166,.337,107,149,.718,75,304,91,26,24,83,152
383,350,Western Illinois,10,4,6,.400,-11.85,2.73,,,,,4,1,,0,5,,710,703,,410,259,631,.410,65,225,.289,127,211,.602,151,448,116,54,68,134,158
384,351,Western Kentucky,9,6,3,.667,-3.38,-2.38,,,,,4,0,,1,1,,728,664,,361,265,602,.440,54,189,.286,144,202,.713,117,373,108,76,26,118,185
385,352,Western Michigan,8,2,6,.250,-7.37,0.13,,,,,0,3,,0,3,,517,577,,325,191,444,.430,61,175,.349,74,123,.602,91,279,90,47,13,117,140
386,353,Wichita State,9,7,2,.778,7.30,0.68,,,,,5,0,,1,1,,714,631,,360,267,574,.465,58,184,.315,122,170,.718,111,408,111,45,43,105,128
387,354,William & Mary,10,4,6,.400,-9.93,-4.82,,,,,4,0,,0,4,,773,764,,405,256,573,.447,99,286,.346,162,222,.730,93,349,133,47,13,112,175
388,355,Winthrop,10,7,3,.700,-1.01,-5.39,,,,,6,1,,1,2,,804,674,,400,264,568,.465,76,217,.350,200,277,.722,120,370,116,73,26,117,161
389,356,Wisconsin,9,7,2,.778,19.01,8.57,,1,0,,4,1,,1,1,,662,568,,360,231,504,.458,56,176,.318,144,184,.783,107,309,99,58,13,95,136
390,357,Wofford,9,4,5,.444,-1.56,2.94,,,,,2,0,,2,2,,703,722,,370,250,544,.460,80,237,.338,123,189,.651,89,343,136,32,32,123,180
391,358,Wright State,8,3,5,.375,3.91,3.41,,1,0,,1,1,,0,3,,651,647,,320,248,489,.507,51,139,.367,104,142,.732,86,277,100,48,22,97,133
392,359,Wyoming,8,5,3,.625,-3.69,-1.02,,,,,3,0,,0,2,,611,558,,320,206,433,.476,62,148,.419,137,191,.717,83,279,107,54,33,128,125
393,360,Xavier,9,4,5,.444,12.82,7.38,,,,,3,3,,0,1,,680,631,,360,244,535,.456,56,172,.326,136,201,.677,97,352,158,66,33,118,155
394,,,Overall,Overall,Overall,Overall,Overall,Overall,,Conf.,Conf.,,Home,Home,,Away,Away,,Points,Points,,Totals,Totals,Totals,Totals,Totals,Totals,Totals,Totals,Totals,Totals,Totals,Totals,Totals,Totals,Totals,Totals,Totals
395,Rk,School,G,W,L,W-L%,SRS,SOS,,W,L,,W,L,,W,L,,Tm.,Opp.,,MP,FG,FGA,FG%,3P,3PA,3P%,FT,FTA,FT%,ORB,TRB,AST,STL,BLK,TOV,PF
396,361,Yale,10,5,5,.500,0.04,0.49,,,,,2,1,,1,3,,747,702,,410,275,597,.461,68,194,.351,129,173,.746,89,355,131,60,37,97,146
397,362,Youngstown State,9,6,3,.667,1.68,1.11,,2,0,,4,0,,2,3,,689,635,,360,250,569,.439,75,233,.322,114,156,.731,112,360,120,56,37,108,144
