,Rk,School,G,W,L,W_L_Pct,SRS,SOS,W_Conf,L_Conf,W_Home,L_Home,W_Away,L_Away,Pts_Tm,Pts_Opp,Opp_MP,Opp_FG,Opp_FGA,Opp_FG_Pct,Opp_3P,Opp_3PA,Opp_3P_Pct,Opp_FT,Opp_FTA,Opp_FT_Pct,Opp_ORB,Opp_TRB,Opp_AST,Opp_STL,Opp_BLK,Opp_TOV,Opp_PF
0,1,Abilene Christian,17,6,11,0.353,-5.55,-0.74,1.0,5.0,3,3,1,7,1272,1298,690,450,972,0.463,106,315,0.337,292,415,0.704,181,655,212,111,64,266,344
1,2,Air Force,16,7,9,0.438,-4.27,-4.08,0.0,4.0,4,5,3,3,1080,1083,650,376,858,0.438,113,318,0.355,218,305,0.715,151,522,197,91,49,199,280
2,3,Akron,17,13,4,0.765,5.92,-0.34,5.0,0.0,8,0,4,1,1311,1116,685,419,976,0.429,114,358,0.318,164,248,0.661,165,540,206,115,39,224,294
3,4,Alabama,17,12,5,0.706,24.85,8.56,4.0,0.0,8,1,2,1,1534,1257,680,438,1032,0.424,122,387,0.315,259,363,0.713,183,558,191,119,59,207,339
4,5,Alabama A&M,18,3,15,0.167,-17.55,-3.33,2.0,3.0,1,4,2,9,1244,1500,725,487,1059,0.46,163,426,0.383,363,494,0.735,230,685,281,173,62,247,361
5,6,Alabama State,18,9,9,0.5,-8.04,-0.9,4.0,1.0,4,2,2,7,1275,1267,725,418,1008,0.415,143,446,0.321,288,406,0.709,182,718,235,109,73,271,276
6,7,Albany (NY),18,10,8,0.556,-5.98,-6.09,2.0,1.0,6,1,4,6,1405,1364,720,499,1109,0.45,85,304,0.28,281,396,0.71,196,636,230,136,79,234,300
7,8,Alcorn State,16,2,14,0.125,-14.23,3.77,1.0,2.0,1,0,1,14,1095,1357,640,455,945,0.481,182,476,0.382,265,364,0.728,182,601,295,105,82,190,282
8,9,American,18,10,8,0.556,-7.48,-7.3,4.0,1.0,6,1,4,7,1317,1291,725,462,994,0.465,162,438,0.37,205,306,0.67,153,556,234,89,47,192,296
9,10,Appalachian State,18,14,4,0.778,5.96,-1.85,5.0,1.0,7,0,4,3,1380,1141,730,421,1143,0.368,121,415,0.292,178,263,0.677,203,657,185,120,33,203,278
10,11,Arizona,17,13,4,0.765,29.09,10.03,4.0,2.0,9,0,2,2,1541,1217,690,449,1065,0.422,139,417,0.333,180,259,0.695,133,529,244,122,57,251,324
11,12,Arizona State,17,10,7,0.588,6.6,8.13,4.0,2.0,7,1,2,2,1174,1200,680,443,1040,0.426,132,412,0.32,182,265,0.687,195,706,247,98,42,239,308
12,13,Arkansas,17,10,7,0.588,7.22,6.4,1.0,3.0,9,2,0,2,1333,1319,690,457,1088,0.42,129,393,0.328,276,392,0.704,196,632,212,110,40,181,362
13,14,Arkansas State,18,7,11,0.389,-1.76,-1.15,3.0,3.0,5,2,1,8,1408,1419,720,499,1098,0.454,103,314,0.328,318,426,0.746,197,663,213,144,82,173,298
14,15,Arkansas-Pine Bluff,16,6,10,0.375,-16.9,-0.06,1.0,2.0,4,3,2,7,1334,1374,640,496,1027,0.483,133,399,0.333,249,348,0.716,183,619,300,113,68,221,285
15,16,Army,18,5,13,0.278,-13.91,-8.16,1.0,4.0,4,6,1,7,1098,1147,725,410,949,0.432,115,359,0.32,212,303,0.7,140,598,218,134,56,209,278
16,17,Auburn,17,15,2,0.882,21.45,3.27,4.0,0.0,9,0,2,1,1425,1116,680,371,980,0.379,103,351,0.293,271,367,0.738,180,570,162,112,44,236,319
17,18,Austin Peay,19,9,10,0.474,-5.74,-0.99,2.0,2.0,6,1,2,8,1312,1289,765,453,1039,0.436,113,401,0.282,270,387,0.698,189,697,243,81,57,239,279
18,19,Ball State,17,9,8,0.529,-6.45,-4.58,1.0,4.0,7,2,2,5,1258,1184,680,433,963,0.45,113,333,0.339,205,287,0.714,153,539,211,103,44,197,321
19,20,Baylor,17,14,3,0.824,20.86,5.55,3.0,1.0,10,0,1,1,1441,1170,690,428,979,0.437,102,336,0.304,212,288,0.736,161,510,215,108,59,227,330
20,21,Bellarmine,19,4,15,0.211,-10.75,2.13,0.0,4.0,3,4,1,11,1275,1387,760,501,1122,0.447,165,484,0.341,220,302,0.728,197,705,262,97,63,205,256
21,22,Belmont,18,11,7,0.611,0.62,2.44,4.0,3.0,7,1,3,5,1407,1404,725,521,1134,0.459,147,455,0.323,215,299,0.719,181,643,289,131,53,229,300
22,23,Bethune-Cookman,16,7,9,0.438,-13.99,-5.06,2.0,1.0,6,1,1,6,1192,1209,645,392,892,0.439,124,342,0.363,301,416,0.724,174,571,230,146,44,290,282
23,24,Binghamton,16,8,8,0.5,-11.24,-4.45,0.0,3.0,6,1,2,7,1191,1176,640,420,1000,0.42,131,384,0.341,205,297,0.69,164,555,193,112,68,153,283
24,25,Boise State,17,12,5,0.706,12.55,7.22,3.0,1.0,8,1,2,1,1257,1104,680,402,939,0.428,95,312,0.304,205,292,0.702,128,510,186,99,61,205,298
25,26,Boston College,17,11,6,0.647,8.56,3.38,2.0,4.0,7,2,3,2,1326,1238,685,444,1010,0.44,135,375,0.36,215,281,0.765,163,603,216,96,59,208,266
26,27,Boston University,18,7,11,0.389,-10.13,-6.25,2.0,3.0,4,4,3,7,1157,1182,720,407,969,0.42,130,398,0.327,236,331,0.713,120,610,212,127,46,207,272
27,28,Bowling Green State,17,13,4,0.765,-2.63,-5.63,4.0,1.0,8,1,3,2,1291,1177,685,442,1034,0.427,117,349,0.335,176,268,0.657,153,601,204,110,66,208,331
28,29,Bradley,18,13,5,0.722,9.35,2.0,5.0,2.0,7,2,4,2,1339,1192,730,411,1008,0.408,117,380,0.308,253,363,0.697,190,613,198,130,39,240,290
29,30,Brigham Young,17,14,3,0.824,25.41,3.35,2.0,2.0,10,1,1,2,1457,1082,680,399,995,0.401,90,331,0.272,194,286,0.678,147,548,191,102,33,218,248
30,31,Brown,17,5,12,0.294,-7.23,-2.48,1.0,1.0,2,4,2,6,1186,1221,691,441,992,0.445,118,353,0.334,221,325,0.68,153,601,220,112,68,204,312
31,32,Bryant,18,11,7,0.611,-2.46,-1.52,3.0,0.0,5,1,5,6,1440,1360,730,475,1222,0.389,132,419,0.315,278,409,0.68,252,809,225,124,58,233,312
32,33,Bucknell,18,6,12,0.333,-8.41,-2.08,3.0,2.0,2,6,4,6,1170,1284,720,456,1001,0.456,151,424,0.356,221,312,0.708,165,589,273,125,57,189,290
33,34,Buffalo,17,2,15,0.118,-12.84,-0.28,1.0,4.0,1,7,1,6,1150,1345,680,510,1054,0.484,127,371,0.342,198,287,0.69,170,592,282,139,52,178,255
34,35,Butler,18,11,7,0.611,12.99,7.17,2.0,5.0,8,2,1,4,1444,1319,740,497,1164,0.427,142,451,0.315,183,261,0.701,215,663,240,128,85,219,296
35,36,Cal Poly,18,4,14,0.222,-12.79,-1.49,0.0,6.0,3,5,0,8,1151,1325,735,453,998,0.454,112,316,0.354,307,431,0.712,210,704,204,113,62,222,330
36,37,Cal State Bakersfield,17,6,11,0.353,-6.55,-0.48,1.0,5.0,5,2,0,8,1187,1197,690,402,924,0.435,123,352,0.349,270,387,0.698,194,597,205,83,53,228,284
37,38,Cal State Fullerton,18,8,10,0.444,-5.9,1.23,1.0,5.0,4,3,3,6,1210,1244,725,434,1006,0.431,128,394,0.325,248,356,0.697,188,641,227,129,55,239,339
38,39,Cal State Northridge,18,13,5,0.722,-3.06,-6.25,4.0,2.0,7,2,6,3,1425,1305,720,433,1083,0.4,152,494,0.308,287,396,0.725,167,587,255,154,64,255,349
39,40,California,18,6,12,0.333,4.67,6.01,2.0,5.0,5,5,1,3,1356,1380,735,485,1078,0.45,146,407,0.359,264,354,0.746,164,614,219,112,56,192,307
40,41,California Baptist,17,10,7,0.588,-0.6,-3.93,3.0,3.0,8,3,2,4,1158,1081,680,403,953,0.423,81,260,0.312,194,273,0.711,138,555,184,91,53,193,326
41,42,Campbell,18,9,9,0.5,-9.7,-6.7,3.0,2.0,7,3,2,6,1240,1176,725,431,1024,0.421,127,421,0.302,187,273,0.685,187,603,219,115,52,235,301
42,43,Canisius,16,7,9,0.438,-4.05,-2.11,2.0,4.0,4,2,1,6,1199,1188,645,442,991,0.446,95,320,0.297,209,306,0.683,186,585,217,102,54,193,266
43,44,Central Arkansas,20,7,13,0.35,-14.21,-3.98,3.0,1.0,4,5,3,8,1452,1527,800,532,1196,0.445,181,494,0.366,282,409,0.689,229,760,271,147,63,244,317
44,45,Central Connecticut State,16,9,7,0.563,-6.48,-6.33,3.0,0.0,4,2,5,5,1179,1063,640,396,924,0.429,101,312,0.324,170,259,0.656,166,555,216,114,51,235,243
45,46,Central Florida,16,11,5,0.688,11.48,1.85,2.0,2.0,8,3,1,2,1195,1041,645,351,869,0.404,109,336,0.324,230,318,0.723,139,537,199,127,53,259,297
46,47,Central Michigan,17,8,9,0.471,-10.36,-1.67,3.0,2.0,4,2,3,6,1138,1253,680,443,979,0.453,133,402,0.331,234,302,0.775,174,605,251,104,49,213,252
47,48,Charleston Southern,17,6,11,0.353,-13.48,-0.9,2.0,2.0,5,3,1,8,1201,1277,680,466,1015,0.459,100,304,0.329,245,341,0.718,177,596,194,112,37,163,270
48,49,Charlotte,17,10,7,0.588,4.78,3.34,4.0,1.0,7,1,2,4,1179,1109,690,395,938,0.421,114,350,0.326,205,275,0.745,166,564,183,92,43,193,273
49,50,Chattanooga,18,11,7,0.611,-2.2,-4.58,3.0,2.0,8,2,3,5,1409,1265,730,455,1115,0.408,153,474,0.323,202,307,0.658,196,627,224,117,49,206,301
50,51,Chicago State,24,9,15,0.375,-8.93,-3.05,,,3,5,5,9,1553,1694,965,611,1296,0.471,149,461,0.323,323,466,0.693,262,842,309,165,73,352,412
51,52,Cincinnati,17,13,4,0.765,16.7,3.64,2.0,2.0,11,1,2,2,1351,1129,690,410,1000,0.41,119,377,0.316,190,259,0.734,131,530,217,105,68,210,286
52,53,Clemson,17,12,5,0.706,14.67,7.2,2.0,4.0,7,2,2,3,1375,1248,690,436,1019,0.428,150,427,0.351,226,310,0.729,157,559,203,107,42,163,267
53,54,Cleveland State,19,11,8,0.579,-2.99,-3.71,4.0,4.0,9,0,2,8,1460,1386,765,495,1088,0.455,129,411,0.314,267,407,0.656,250,724,263,112,63,289,336
54,55,Coastal Carolina,17,5,12,0.294,-8.58,-2.98,2.0,4.0,4,9,1,3,1294,1312,685,450,1121,0.401,172,529,0.325,240,342,0.702,232,652,250,131,65,176,283
55,56,Colgate,18,10,8,0.556,-1.36,-0.89,4.0,1.0,4,2,4,5,1270,1200,720,447,1045,0.428,134,414,0.324,172,266,0.647,161,606,248,111,52,212,253
56,57,College of Charleston,18,13,5,0.722,3.14,-0.27,4.0,1.0,8,1,4,1,1439,1344,720,493,1124,0.439,141,421,0.335,217,309,0.702,180,663,217,126,64,212,321
57,58,Colorado,18,13,5,0.722,15.04,5.48,4.0,3.0,11,0,0,4,1450,1278,725,459,1069,0.429,134,385,0.348,226,313,0.722,157,534,189,145,60,222,332
58,59,Colorado State,17,14,3,0.824,16.32,6.85,2.0,2.0,9,1,2,2,1385,1166,685,422,976,0.432,115,349,0.33,207,279,0.742,158,543,192,96,45,226,290
59,60,Columbia,15,9,6,0.6,-5.76,-4.92,0.0,2.0,7,1,2,5,1212,1059,600,383,924,0.415,129,422,0.306,164,230,0.713,154,505,213,91,61,195,242
60,61,Connecticut,18,16,2,0.889,20.03,2.7,6.0,1.0,10,0,2,2,1474,1162,720,399,1007,0.396,106,318,0.333,258,359,0.719,178,534,190,104,52,207,320
61,62,Coppin State,16,2,14,0.125,-19.9,-3.4,1.0,1.0,2,2,0,11,872,1136,645,396,910,0.435,121,364,0.332,223,301,0.741,206,638,243,146,52,240,230
62,63,Cornell,15,12,3,0.8,4.08,-1.99,2.0,0.0,5,0,5,3,1263,1157,600,426,945,0.451,140,408,0.343,165,272,0.607,178,527,220,115,43,216,260
63,64,Creighton,18,13,5,0.722,19.68,6.9,4.0,3.0,8,1,4,3,1407,1177,725,479,1184,0.405,96,320,0.3,123,167,0.737,182,592,185,119,47,139,260
64,65,Dartmouth,15,4,11,0.267,-14.84,-1.3,0.0,2.0,4,2,0,9,909,1038,600,387,880,0.44,121,346,0.35,143,203,0.704,119,533,185,106,42,153,246
65,66,Davidson,17,11,6,0.647,2.8,1.13,1.0,3.0,7,2,2,3,1238,1155,685,417,970,0.43,141,415,0.34,180,273,0.659,161,584,225,101,54,202,306
66,67,Dayton,16,14,2,0.875,14.3,5.68,4.0,0.0,8,0,3,1,1171,1033,640,394,962,0.41,112,348,0.322,133,190,0.7,194,533,200,97,43,167,265
67,68,Delaware,18,11,7,0.611,1.07,-2.99,3.0,2.0,4,2,5,3,1368,1266,725,464,1080,0.43,127,407,0.312,211,295,0.715,181,619,220,106,70,206,278
68,69,Delaware State,18,9,9,0.5,-11.41,-5.29,2.0,0.0,4,2,3,6,1295,1313,740,458,1023,0.448,160,413,0.387,237,342,0.693,148,554,252,133,48,284,323
69,70,Denver,19,12,7,0.632,0.57,-2.3,3.0,1.0,7,1,4,5,1620,1482,770,554,1230,0.45,136,414,0.329,238,338,0.704,208,687,248,101,88,201,377
70,71,DePaul,17,3,14,0.176,-5.79,7.33,0.0,6.0,3,8,0,4,1113,1336,680,483,1016,0.475,136,373,0.365,234,323,0.724,183,610,261,120,56,173,297
71,72,Detroit Mercy,19,0,19,0.0,-17.78,-1.46,0.0,8.0,0,6,0,13,1196,1506,770,533,1118,0.477,155,411,0.377,285,373,0.764,223,728,292,123,63,226,300
72,73,Drake,18,15,3,0.833,9.88,-0.6,6.0,1.0,9,0,3,2,1418,1220,725,433,979,0.442,131,391,0.335,223,318,0.701,142,568,184,93,38,244,291
73,74,Drexel,19,13,6,0.684,2.77,-3.95,6.0,0.0,7,1,5,5,1405,1216,765,435,1104,0.394,127,411,0.309,219,303,0.723,174,582,207,107,52,184,319
74,75,Duke,16,13,3,0.813,20.23,4.29,4.0,1.0,9,1,2,2,1312,1057,640,388,906,0.428,114,339,0.336,167,241,0.693,133,511,204,82,79,213,281
75,76,Duquesne,16,9,7,0.563,6.01,3.88,0.0,4.0,6,3,1,3,1184,1104,640,388,897,0.433,109,316,0.345,219,311,0.704,164,554,203,92,60,229,276
76,77,East Carolina,18,9,9,0.5,0.35,-0.42,2.0,3.0,8,6,1,2,1286,1243,720,440,1014,0.434,135,439,0.308,228,311,0.733,202,623,224,103,61,233,314
77,78,East Tennessee State,18,9,9,0.5,-4.79,-1.67,1.0,4.0,6,1,2,8,1285,1256,720,433,1040,0.416,121,379,0.319,269,385,0.699,210,702,205,109,59,241,314
78,79,Eastern Illinois,18,8,10,0.444,-10.53,-1.6,2.0,3.0,5,3,2,7,1260,1210,720,422,945,0.447,134,376,0.356,232,322,0.72,135,602,250,104,81,269,244
79,80,Eastern Kentucky,17,8,9,0.471,-5.56,0.01,4.0,0.0,6,3,2,6,1385,1304,685,465,1099,0.423,154,409,0.377,220,318,0.692,199,640,238,131,43,218,270
80,81,Eastern Michigan,17,8,9,0.471,-13.1,-4.1,1.0,4.0,6,3,2,5,1148,1265,690,457,990,0.462,130,385,0.338,221,314,0.704,165,595,230,118,47,184,271
81,82,Eastern Washington,17,10,7,0.588,1.47,2.07,4.0,0.0,5,0,5,7,1345,1234,680,424,989,0.429,129,380,0.339,257,352,0.73,162,554,217,105,48,217,307
82,83,Elon,18,8,10,0.444,-10.17,-4.23,1.0,4.0,6,2,0,8,1395,1385,720,497,1082,0.459,141,417,0.338,250,353,0.708,202,625,240,99,61,195,295
83,84,Evansville,18,11,7,0.611,-2.51,-1.16,2.0,5.0,7,2,3,5,1372,1325,730,477,1109,0.43,169,483,0.35,202,283,0.714,173,649,251,112,57,236,291
84,85,Fairfield,17,10,7,0.588,-3.77,-6.15,4.0,2.0,4,2,6,4,1297,1212,680,454,1031,0.44,114,348,0.328,190,271,0.701,197,618,227,110,48,236,270
85,86,Fairleigh Dickinson,19,8,11,0.421,-14.36,-6.89,2.0,2.0,4,4,4,6,1486,1511,765,532,1184,0.449,174,490,0.355,273,388,0.704,220,747,296,141,53,278,349
86,87,Florida,17,11,6,0.647,13.98,5.33,1.0,3.0,7,1,0,3,1448,1301,690,467,1092,0.428,116,343,0.338,251,359,0.699,186,594,197,146,73,196,326
87,88,Florida A&M,14,2,12,0.143,-15.55,6.11,0.0,3.0,1,4,1,7,919,1156,570,394,832,0.474,132,336,0.393,236,357,0.661,158,529,211,125,54,159,194
88,89,Florida Atlantic,18,14,4,0.778,16.39,5.16,4.0,1.0,7,1,1,2,1486,1284,730,476,1094,0.435,133,393,0.338,199,280,0.711,196,600,185,105,44,223,314
89,90,Florida Gulf Coast,19,7,12,0.368,-8.49,-1.43,1.0,3.0,5,2,1,7,1314,1382,765,494,1109,0.445,172,475,0.362,222,320,0.694,188,641,257,128,46,194,308
90,91,Florida International,19,7,12,0.368,-6.22,-1.78,2.0,2.0,6,3,1,6,1449,1438,765,498,1058,0.471,159,428,0.371,283,409,0.692,214,711,290,140,72,352,316
91,92,Florida State,17,11,6,0.647,10.5,6.61,5.0,1.0,7,3,2,2,1311,1245,685,424,975,0.435,133,397,0.335,264,404,0.653,190,627,196,101,47,263,328
92,93,Fordham,17,8,9,0.471,-0.55,-1.9,2.0,2.0,4,6,2,1,1292,1269,700,424,983,0.431,99,280,0.354,322,436,0.739,178,636,197,134,65,257,333
93,94,Fresno State,17,8,9,0.471,-3.66,0.15,1.0,3.0,6,3,1,4,1184,1234,690,462,1031,0.448,140,366,0.383,170,258,0.659,180,574,207,115,58,186,285
94,95,Furman,18,9,9,0.5,0.44,-2.43,3.0,2.0,7,1,2,6,1491,1395,730,530,1152,0.46,132,395,0.334,203,302,0.672,171,642,266,144,61,226,302
95,96,Gardner-Webb,19,7,12,0.368,-5.05,0.83,2.0,2.0,5,2,1,7,1399,1393,771,481,1102,0.436,126,389,0.324,305,433,0.704,163,702,227,108,67,226,327
96,97,George Mason,18,13,5,0.722,6.23,0.12,2.0,3.0,9,1,3,3,1317,1189,720,405,1040,0.389,146,423,0.345,233,319,0.73,178,581,204,125,65,187,314
97,98,George Washington,17,14,3,0.824,2.82,-4.24,3.0,1.0,11,1,1,1,1406,1278,715,477,1214,0.393,150,477,0.314,174,241,0.722,233,662,227,127,62,200,305
98,99,Georgetown,17,8,9,0.471,1.48,2.25,1.0,5.0,7,5,1,4,1223,1236,690,460,1003,0.459,114,355,0.321,202,289,0.699,188,583,236,131,57,204,287
99,100,Georgia,17,13,4,0.765,9.66,4.13,3.0,1.0,10,1,3,0,1284,1190,680,427,1064,0.401,118,404,0.292,218,309,0.706,208,664,223,96,73,202,337
100,101,Georgia Southern,18,3,15,0.167,-13.58,-3.03,3.0,3.0,2,2,1,10,1243,1433,720,491,1059,0.464,150,410,0.366,301,428,0.703,228,703,269,140,69,218,265
101,102,Georgia State,17,9,8,0.529,-2.65,-2.25,4.0,2.0,6,1,3,7,1357,1254,685,447,1031,0.434,106,377,0.281,254,366,0.694,171,616,223,92,70,188,281
102,103,Georgia Tech,17,9,8,0.529,5.16,6.39,2.0,4.0,5,3,2,4,1258,1279,700,447,1065,0.42,126,410,0.307,259,364,0.712,196,614,201,120,60,164,297
103,104,Gonzaga,17,12,5,0.706,15.53,2.53,3.0,1.0,8,1,1,2,1435,1161,680,418,1061,0.394,123,391,0.315,202,280,0.721,177,555,199,106,53,211,295
104,105,Grambling,17,6,11,0.353,-13.41,0.81,3.0,1.0,4,1,2,8,1113,1245,683,448,963,0.465,127,322,0.394,222,311,0.714,170,558,280,123,47,214,251
105,106,Grand Canyon,18,17,1,0.944,10.32,-2.5,7.0,0.0,10,0,4,0,1471,1203,720,431,1051,0.41,107,340,0.315,234,332,0.705,187,561,200,123,39,247,352
106,107,Green Bay,20,12,8,0.6,-3.32,-2.49,7.0,2.0,7,1,5,6,1369,1335,805,474,1121,0.423,119,391,0.304,268,376,0.713,196,629,238,130,79,182,297
107,108,Hampton,18,4,14,0.222,-17.89,-4.75,0.0,6.0,3,5,0,7,1370,1402,720,484,1103,0.439,144,456,0.316,290,380,0.763,182,633,223,137,43,218,306
108,109,Harvard,15,9,6,0.6,-3.45,-1.88,0.0,2.0,6,2,3,4,1084,1078,605,407,960,0.424,121,386,0.313,143,227,0.63,193,569,194,97,58,163,252
109,110,Hawaii,18,10,8,0.556,1.11,-1.39,2.0,4.0,7,5,1,2,1279,1198,725,445,1013,0.439,85,251,0.339,223,312,0.715,150,585,163,107,46,209,317
110,111,High Point,19,15,4,0.789,2.24,-4.77,4.0,0.0,10,0,3,3,1620,1398,770,493,1123,0.439,144,394,0.365,268,369,0.726,159,563,235,100,51,195,416
111,112,Hofstra,18,9,9,0.5,2.15,0.92,2.0,3.0,5,2,1,7,1360,1286,725,452,1065,0.424,158,447,0.353,224,301,0.744,197,663,249,104,44,225,257
112,113,Holy Cross,18,4,14,0.222,-18.33,-6.09,1.0,4.0,1,5,2,8,1182,1362,725,487,1081,0.451,157,422,0.372,231,306,0.755,191,650,248,126,70,151,240
113,114,Houston,17,15,2,0.882,27.92,4.57,2.0,2.0,10,0,1,2,1273,876,680,288,817,0.353,97,341,0.284,203,325,0.625,174,546,188,82,45,288,272
114,115,Houston Christian,15,3,12,0.2,-17.14,1.94,1.0,3.0,2,3,1,9,1052,1228,605,457,1014,0.451,116,370,0.314,198,279,0.71,184,602,261,151,82,173,262
115,116,Howard,19,8,11,0.421,-7.34,-3.34,2.0,1.0,5,2,3,7,1443,1466,780,516,1162,0.444,144,415,0.347,290,422,0.687,228,655,263,145,59,231,354
116,117,Idaho,17,7,10,0.412,-8.63,-2.83,1.0,3.0,5,5,1,5,1188,1185,685,405,935,0.433,130,367,0.354,245,349,0.702,157,600,220,103,64,198,275
117,118,Idaho State,18,7,11,0.389,-8.46,-3.08,2.0,3.0,5,2,2,8,1227,1223,725,460,980,0.469,92,289,0.318,211,282,0.748,152,555,211,121,45,215,297
118,119,Illinois,17,13,4,0.765,20.27,5.98,4.0,2.0,9,2,2,2,1395,1152,680,437,1107,0.395,101,325,0.311,177,256,0.691,188,575,184,101,53,163,300
119,120,Illinois State,18,8,10,0.444,-4.46,-0.4,2.0,5.0,6,4,1,4,1193,1243,720,450,1002,0.449,132,368,0.359,211,290,0.728,142,607,238,99,54,208,337
120,121,Illinois-Chicago,18,8,10,0.444,0.19,-0.28,1.0,6.0,4,5,2,4,1242,1183,720,421,1043,0.404,94,341,0.276,247,340,0.726,187,637,191,123,63,208,252
121,122,Incarnate Word,16,5,11,0.313,-15.66,-6.38,0.0,3.0,3,2,2,8,1176,1256,640,438,986,0.444,112,348,0.322,268,367,0.73,194,603,238,127,67,194,276
122,123,Indiana,18,12,6,0.667,6.69,6.13,4.0,3.0,10,2,1,2,1330,1320,720,462,1121,0.412,154,466,0.33,242,333,0.727,213,654,249,134,67,209,360
123,124,Indiana State,18,15,3,0.833,14.81,1.16,6.0,1.0,8,0,3,3,1557,1295,720,477,1105,0.432,115,358,0.321,226,305,0.741,177,585,193,116,61,228,321
124,125,Iona,16,7,9,0.438,-1.86,-2.55,2.0,3.0,4,3,2,3,1147,1136,640,375,842,0.445,124,352,0.352,262,365,0.718,163,585,210,90,64,245,254
125,126,Iowa,17,11,6,0.647,15.08,5.5,3.0,3.0,8,1,1,4,1480,1317,680,484,1086,0.446,127,392,0.324,222,315,0.705,189,638,239,111,65,230,301
126,127,Iowa State,17,13,4,0.765,23.01,1.95,2.0,2.0,11,0,1,2,1379,1021,680,340,877,0.388,139,419,0.332,202,283,0.714,145,531,201,102,48,308,330
127,128,IUPUI,20,6,14,0.3,-19.01,-4.31,2.0,7.0,4,5,2,7,1340,1552,805,567,1137,0.499,153,423,0.362,265,381,0.696,209,655,317,140,62,272,334
128,129,Jackson State,16,7,9,0.438,-7.48,0.58,3.0,0.0,1,0,4,9,1130,1259,640,426,944,0.451,144,406,0.355,263,371,0.709,194,608,247,128,64,215,291
129,130,Jacksonville,18,10,8,0.556,-12.72,-3.45,1.0,3.0,7,0,2,8,1335,1343,725,452,1055,0.428,140,412,0.34,299,436,0.686,210,615,238,142,57,243,341
130,131,Jacksonville State,18,10,8,0.556,-1.35,-3.55,2.0,1.0,5,3,4,5,1289,1130,725,401,985,0.407,102,345,0.296,226,326,0.693,159,563,178,123,58,238,308
131,132,James Madison,18,16,2,0.889,8.38,-5.27,4.0,2.0,8,1,6,1,1565,1262,735,453,1079,0.42,101,350,0.289,255,364,0.701,188,623,193,104,54,285,308
132,133,Kansas,17,15,2,0.882,18.58,6.58,3.0,1.0,9,0,2,1,1346,1127,680,409,1045,0.391,127,413,0.308,182,259,0.703,170,549,194,125,50,207,280
133,134,Kansas City,19,7,12,0.368,-8.79,-2.6,1.0,3.0,6,2,1,7,1363,1355,775,463,1046,0.443,128,373,0.343,301,424,0.71,173,620,236,117,50,233,338
134,135,Kansas State,17,13,4,0.765,12.04,4.63,3.0,1.0,10,1,2,1,1271,1145,705,415,1051,0.395,126,402,0.313,189,262,0.721,204,588,198,129,61,216,308
135,136,Kennesaw State,18,12,6,0.667,-4.61,-4.28,3.0,1.0,8,0,2,6,1518,1398,725,483,1142,0.423,130,423,0.307,302,435,0.694,213,720,224,131,83,274,354
136,137,Kent State,17,9,8,0.529,-0.7,-1.36,2.0,3.0,5,3,2,4,1330,1257,695,446,971,0.459,143,399,0.358,222,322,0.689,163,558,243,123,48,252,312
137,138,Kentucky,16,13,3,0.813,18.73,4.04,3.0,1.0,9,1,2,1,1452,1217,650,431,1035,0.416,139,442,0.314,216,316,0.684,187,595,228,97,50,210,280
138,139,La Salle,18,10,8,0.556,-3.2,-0.91,1.0,4.0,7,3,2,5,1347,1320,740,484,1080,0.448,123,349,0.352,229,330,0.694,207,695,261,84,59,219,289
139,140,Lafayette,18,6,12,0.333,-10.66,-2.36,5.0,0.0,3,4,3,6,1096,1221,720,431,1035,0.416,136,394,0.345,223,299,0.746,191,681,219,129,46,218,267
140,141,Lamar,17,9,8,0.529,-6.29,-6.43,3.0,1.0,6,1,1,7,1384,1307,690,423,991,0.427,157,433,0.363,304,427,0.712,189,605,265,132,61,260,318
141,142,Le Moyne,17,6,11,0.353,-13.23,-5.09,1.0,2.0,4,2,2,9,1243,1240,680,452,1032,0.438,156,468,0.333,180,247,0.729,198,671,266,112,43,256,230
142,143,Lehigh,16,4,12,0.25,-8.62,-2.69,1.0,4.0,2,4,2,8,1183,1186,645,422,946,0.446,120,341,0.352,222,315,0.705,136,586,189,116,48,213,267
143,144,Liberty,19,12,7,0.632,4.87,0.37,1.0,3.0,7,2,1,3,1447,1200,765,438,1050,0.417,105,342,0.307,219,293,0.747,158,626,176,105,72,228,285
144,145,Lindenwood,18,7,11,0.389,-17.19,-5.45,1.0,4.0,3,4,2,7,1190,1291,720,438,985,0.445,140,405,0.346,275,388,0.709,168,639,232,119,59,230,344
145,146,Lipscomb,19,11,8,0.579,-0.62,-2.56,2.0,2.0,6,1,3,6,1539,1421,760,534,1217,0.439,157,468,0.335,196,277,0.708,200,685,235,97,64,227,297
146,147,Little Rock,19,9,10,0.474,-6.42,-5.53,3.0,3.0,7,4,2,5,1513,1530,770,509,1129,0.451,144,415,0.347,368,486,0.757,213,698,243,99,58,246,356
147,148,Long Beach State,19,12,7,0.632,-1.89,-1.6,4.0,3.0,5,1,6,4,1521,1475,765,513,1179,0.435,184,548,0.336,265,389,0.681,218,682,308,139,47,281,380
148,149,Long Island University,15,3,12,0.2,-19.99,-3.79,2.0,1.0,1,2,1,10,951,1194,600,429,903,0.475,88,285,0.309,248,356,0.697,161,601,232,129,60,172,223
149,150,Longwood,20,13,7,0.65,-1.42,-7.36,1.0,4.0,9,1,4,6,1504,1271,815,451,1103,0.409,130,415,0.313,239,350,0.683,164,585,213,130,54,286,379
150,151,Louisiana,18,10,8,0.556,0.06,-1.0,3.0,3.0,5,1,3,6,1391,1299,720,455,996,0.457,85,314,0.271,304,419,0.726,204,635,215,126,72,281,273
151,152,Louisiana State,17,11,6,0.647,8.89,1.94,3.0,1.0,8,2,1,2,1310,1192,685,402,1009,0.398,145,438,0.331,243,322,0.755,195,596,197,140,66,251,299
152,153,Louisiana Tech,18,12,6,0.667,5.18,0.65,2.0,1.0,9,0,3,6,1369,1163,730,406,1040,0.39,128,378,0.339,223,317,0.703,186,607,190,118,61,232,339
153,154,Louisiana-Monroe,16,4,12,0.25,-13.85,-1.5,0.0,6.0,3,5,1,7,1074,1171,640,384,906,0.424,144,418,0.344,259,356,0.728,166,569,242,116,71,193,274
154,155,Louisville,17,6,11,0.353,-0.17,3.36,1.0,5.0,5,5,1,4,1251,1311,685,470,1023,0.459,131,391,0.335,240,323,0.743,171,599,257,119,64,202,331
155,156,Loyola (IL),18,12,6,0.667,4.81,1.22,4.0,1.0,9,2,2,2,1330,1218,720,416,1044,0.398,137,382,0.359,249,358,0.696,167,610,214,124,59,221,286
156,157,Loyola (MD),18,3,15,0.167,-15.32,-4.26,1.0,4.0,1,6,2,8,1175,1329,730,484,1046,0.463,142,398,0.357,219,321,0.682,170,612,252,151,71,199,300
157,158,Loyola Marymount,18,8,10,0.444,1.36,0.42,1.0,3.0,6,5,1,2,1321,1264,720,463,1063,0.436,95,301,0.316,243,324,0.75,164,586,228,115,65,173,315
158,159,Maine,18,8,10,0.444,-6.36,-4.54,0.0,3.0,3,2,3,8,1229,1208,720,440,997,0.441,105,331,0.317,223,331,0.674,168,633,232,104,62,239,258
159,160,Manhattan,15,4,11,0.267,-15.91,-2.55,1.0,5.0,2,4,2,7,970,1145,605,431,945,0.456,105,307,0.342,178,238,0.748,158,593,252,127,65,178,205
160,161,Marist,14,8,6,0.571,-5.06,-8.78,3.0,2.0,4,2,4,4,929,877,560,293,720,0.407,88,285,0.309,203,294,0.69,125,470,126,92,28,204,219
161,162,Marquette,17,12,5,0.706,18.98,9.22,3.0,3.0,9,1,1,3,1316,1150,680,411,962,0.427,142,422,0.336,186,261,0.713,167,601,231,98,48,279,255
162,163,Marshall,19,9,10,0.474,-4.62,-1.51,4.0,2.0,5,4,3,3,1447,1470,760,538,1228,0.438,149,437,0.341,245,349,0.702,217,742,268,147,57,235,327
163,164,Maryland,18,11,7,0.611,8.97,2.14,3.0,4.0,9,1,2,4,1275,1152,725,408,1013,0.403,96,289,0.332,240,327,0.734,203,641,195,109,58,238,359
164,165,Maryland-Baltimore County,19,6,13,0.316,-11.88,-5.65,1.0,3.0,5,4,1,9,1476,1569,760,576,1262,0.456,139,421,0.33,278,377,0.737,228,748,259,167,58,213,293
165,166,Maryland-Eastern Shore,15,4,11,0.267,-17.6,-1.98,1.0,2.0,4,1,0,10,974,1101,610,394,864,0.456,109,324,0.336,204,303,0.673,165,578,212,103,48,201,204
166,167,Massachusetts,17,11,6,0.647,8.12,-1.41,2.0,3.0,8,1,0,4,1385,1223,685,404,971,0.416,125,380,0.329,290,406,0.714,195,597,215,93,58,247,333
167,168,Massachusetts-Lowell,17,13,4,0.765,-0.53,-6.67,4.0,0.0,6,1,7,3,1385,1138,680,429,1080,0.397,101,380,0.266,179,252,0.71,172,540,183,134,51,213,314
168,169,McNeese State,17,15,2,0.882,5.87,-3.2,4.0,0.0,9,0,5,2,1353,1029,680,352,943,0.373,146,475,0.307,179,244,0.734,179,557,213,76,56,262,294
169,170,Memphis,18,15,3,0.833,11.68,4.74,4.0,1.0,8,1,5,1,1463,1338,730,476,1154,0.412,165,506,0.326,221,313,0.706,238,664,249,129,75,254,344
170,171,Mercer,18,8,10,0.444,-6.88,-2.94,1.0,4.0,5,4,2,5,1250,1269,720,434,973,0.446,114,339,0.336,287,403,0.712,177,634,192,113,55,228,280
171,172,Merrimack,18,9,9,0.5,-3.52,-2.21,3.0,1.0,6,0,2,8,1243,1239,725,441,1048,0.421,113,333,0.339,244,334,0.731,239,698,254,128,58,290,293
172,173,Miami (FL),17,12,5,0.706,13.16,2.93,3.0,3.0,9,2,1,2,1414,1240,685,469,1098,0.427,139,483,0.288,163,219,0.744,185,579,254,122,55,224,268
173,174,Miami (OH),17,8,9,0.471,-5.32,-3.32,2.0,3.0,6,3,2,6,1266,1207,680,438,992,0.442,95,329,0.289,236,328,0.72,177,592,199,107,62,215,311
174,175,Michigan,18,7,11,0.389,9.79,8.06,2.0,5.0,4,5,2,3,1428,1397,735,509,1144,0.445,129,381,0.339,250,346,0.723,209,624,220,135,78,182,304
175,176,Michigan State,18,11,7,0.611,19.64,8.14,3.0,4.0,10,2,0,3,1387,1180,725,406,1035,0.392,133,436,0.305,235,324,0.725,187,614,229,104,48,229,332
176,177,Middle Tennessee,18,6,12,0.333,-8.39,-0.27,0.0,3.0,5,6,0,4,1124,1191,735,443,1021,0.434,99,320,0.309,206,292,0.705,188,629,185,124,60,217,301
177,178,Milwaukee,18,9,9,0.5,-6.4,-2.34,4.0,3.0,6,2,2,6,1406,1424,725,497,1094,0.454,153,404,0.379,277,376,0.737,215,656,280,127,78,218,324
178,179,Minnesota,18,12,6,0.667,8.83,0.05,3.0,4.0,11,2,1,3,1389,1231,720,457,1077,0.424,98,300,0.327,219,302,0.725,191,594,239,135,52,211,314
179,180,Mississippi,17,15,2,0.882,9.26,2.14,2.0,2.0,11,0,2,2,1322,1201,680,429,1045,0.411,123,392,0.314,220,306,0.719,227,639,226,116,46,224,296
180,181,Mississippi State,17,12,5,0.706,14.63,5.58,1.0,3.0,6,2,0,3,1281,1127,680,392,970,0.404,107,384,0.279,236,330,0.715,165,551,184,127,49,223,304
181,182,Mississippi Valley State,17,0,17,0.0,-27.52,3.66,0.0,4.0,0,2,0,15,869,1399,685,498,970,0.513,145,387,0.375,258,367,0.703,196,614,291,160,49,175,277
182,183,Missouri,17,8,9,0.471,5.99,4.35,0.0,4.0,6,4,2,3,1284,1256,685,424,969,0.438,132,394,0.335,276,359,0.769,201,633,222,99,48,243,276
183,184,Missouri State,18,10,8,0.556,0.54,-0.47,2.0,5.0,5,2,2,6,1272,1254,725,466,1136,0.41,119,398,0.299,203,280,0.725,180,619,206,117,48,170,304
184,185,Monmouth,18,9,9,0.5,-1.46,0.21,2.0,3.0,6,1,1,8,1273,1303,721,447,1055,0.424,154,476,0.324,255,352,0.724,221,674,260,114,69,224,294
185,186,Montana,17,11,6,0.647,2.25,0.25,2.0,2.0,7,2,4,4,1337,1216,685,439,1003,0.438,107,323,0.331,231,326,0.709,151,568,195,98,56,171,258
186,187,Montana State,17,8,9,0.471,-5.72,-2.08,3.0,1.0,6,4,2,5,1257,1251,690,451,958,0.471,100,311,0.322,249,357,0.697,152,609,217,101,35,240,298
187,188,Morehead State,19,14,5,0.737,0.97,-2.17,5.0,1.0,9,0,5,5,1467,1192,760,421,1102,0.382,114,394,0.289,236,328,0.72,177,570,181,115,47,203,303
188,189,Morgan State,18,4,14,0.222,-18.5,-0.5,0.0,2.0,4,3,0,9,1281,1415,720,509,1137,0.448,126,379,0.332,271,393,0.69,237,694,243,151,73,214,257
189,190,Mount St. Mary's,16,6,10,0.375,-6.01,-7.07,2.0,3.0,4,1,2,9,1168,1151,655,399,921,0.433,93,290,0.321,260,343,0.758,172,541,199,148,47,226,248
190,191,Murray State,18,8,10,0.444,1.09,-0.15,5.0,2.0,5,4,3,4,1306,1252,725,461,1015,0.454,143,404,0.354,187,272,0.688,150,607,235,81,66,218,290
191,192,Navy,16,7,9,0.438,-8.6,-7.66,3.0,2.0,6,2,1,7,1097,1053,645,362,849,0.426,104,371,0.28,225,320,0.703,151,581,193,79,78,245,288
192,193,NC State,17,13,4,0.765,10.61,2.73,5.0,1.0,9,1,3,1,1314,1180,685,414,965,0.429,115,338,0.34,237,339,0.699,169,623,202,85,49,236,283
193,194,Nebraska,18,13,5,0.722,11.9,3.51,3.0,4.0,11,1,1,4,1413,1262,725,454,1137,0.399,154,472,0.326,200,287,0.697,219,667,234,109,60,212,306
194,195,Nevada,18,15,3,0.833,13.07,1.95,2.0,2.0,9,1,3,1,1369,1147,720,398,1012,0.393,136,438,0.311,215,323,0.666,181,617,211,84,44,236,391
195,196,Nevada-Las Vegas,16,9,7,0.563,9.63,7.99,2.0,2.0,7,3,2,1,1228,1113,650,405,944,0.429,104,313,0.332,199,266,0.748,185,577,216,93,53,224,261
196,197,New Hampshire,17,10,7,0.588,-3.23,-2.17,2.0,2.0,5,2,5,5,1315,1255,680,456,1097,0.416,112,412,0.272,231,309,0.748,179,683,229,134,78,202,280
197,198,New Mexico,18,15,3,0.833,16.59,3.47,3.0,2.0,10,0,1,3,1504,1248,720,430,1042,0.413,112,367,0.305,276,386,0.715,173,638,230,103,75,287,346
198,199,New Mexico State,18,8,10,0.444,-6.09,3.7,2.0,1.0,8,1,0,7,1265,1292,730,408,992,0.411,148,430,0.344,328,471,0.696,163,609,246,144,41,242,320
199,200,New Orleans,17,7,10,0.412,-12.73,-1.04,2.0,2.0,6,1,1,8,1281,1312,686,476,1052,0.452,112,365,0.307,248,364,0.681,216,690,259,119,69,267,337
200,201,Niagara,16,7,9,0.438,-8.71,-5.98,3.0,3.0,3,5,4,4,1215,1207,645,450,933,0.482,98,276,0.355,209,298,0.701,128,491,195,95,51,171,290
201,202,Nicholls State,17,8,9,0.471,-5.8,0.49,3.0,1.0,5,1,3,6,1257,1292,705,463,1065,0.435,117,387,0.302,249,386,0.645,229,683,227,129,70,195,285
202,203,NJIT,16,4,12,0.25,-14.21,-3.34,0.0,4.0,3,4,1,8,1117,1204,640,416,924,0.45,119,323,0.368,253,374,0.676,201,618,222,110,60,208,272
203,204,Norfolk State,19,11,8,0.579,-5.02,-2.75,1.0,1.0,6,0,3,6,1441,1293,760,421,1037,0.406,159,498,0.319,292,427,0.684,212,638,256,108,62,285,350
204,205,North Alabama,18,7,11,0.389,-7.15,-3.47,1.0,3.0,6,3,1,8,1371,1353,740,462,1053,0.439,130,370,0.351,299,420,0.712,169,646,251,104,64,204,324
205,206,North Carolina,17,14,3,0.824,21.97,7.62,6.0,0.0,8,0,3,0,1426,1182,685,427,1067,0.4,119,402,0.296,209,286,0.731,168,586,180,93,69,207,335
206,207,North Carolina A&T,18,5,13,0.278,-14.17,-2.62,3.0,2.0,2,3,2,7,1252,1460,720,547,1098,0.498,140,381,0.367,226,321,0.704,213,732,279,101,76,211,305
207,208,North Carolina Central,17,10,7,0.588,-6.37,-1.98,2.0,0.0,7,1,3,5,1301,1148,685,398,972,0.409,98,375,0.261,254,346,0.734,200,625,219,105,67,261,299
208,209,North Dakota,20,10,10,0.5,-10.67,-5.55,2.0,3.0,5,3,3,7,1474,1449,805,530,1178,0.45,133,401,0.332,256,343,0.746,187,699,233,117,38,222,355
209,210,North Dakota State,19,8,11,0.421,-6.79,-0.29,1.0,3.0,5,3,3,7,1487,1441,785,537,1145,0.469,125,344,0.363,242,337,0.718,164,636,237,96,78,194,296
210,211,North Florida,19,10,9,0.526,-7.26,-2.88,3.0,1.0,8,2,2,7,1470,1410,760,512,1129,0.453,114,340,0.335,272,368,0.739,184,697,243,133,68,219,284
211,212,North Texas,16,11,5,0.688,10.17,1.88,4.0,0.0,8,0,2,1,1103,935,645,322,848,0.38,88,301,0.292,203,293,0.693,170,503,144,110,55,199,248
212,213,Northeastern,18,7,11,0.389,-4.47,-1.86,2.0,3.0,4,2,2,8,1264,1311,720,479,1010,0.474,140,378,0.37,213,286,0.745,163,534,228,125,65,198,287
213,214,Northern Arizona,18,8,10,0.444,-14.18,-2.85,1.0,3.0,4,0,3,9,1180,1384,720,487,1019,0.478,125,384,0.326,285,390,0.731,181,672,219,129,47,231,297
214,215,Northern Colorado,17,10,7,0.588,-4.67,-3.07,3.0,1.0,6,1,3,5,1377,1351,700,480,1038,0.462,164,428,0.383,227,299,0.759,150,595,222,117,48,215,294
215,216,Northern Illinois,17,6,11,0.353,-5.82,3.18,0.0,5.0,3,5,2,6,1314,1353,685,491,1086,0.452,130,365,0.356,241,350,0.689,209,646,244,115,36,192,328
216,217,Northern Iowa,18,10,8,0.556,4.91,3.03,4.0,3.0,5,2,4,4,1361,1289,730,450,1013,0.444,148,417,0.355,241,317,0.76,129,587,199,110,62,214,299
217,218,Northern Kentucky,19,10,9,0.526,-3.77,-2.77,5.0,3.0,7,1,3,8,1413,1378,770,496,1120,0.443,149,453,0.329,237,321,0.738,212,672,281,125,62,288,344
218,219,Northwestern,17,13,4,0.765,10.16,4.21,4.0,2.0,9,1,2,2,1240,1139,685,389,875,0.445,119,339,0.351,242,327,0.74,154,552,217,86,53,234,278
219,220,Northwestern State,17,4,13,0.235,-17.74,-2.14,2.0,2.0,4,3,0,8,1194,1357,680,483,1005,0.481,126,378,0.333,265,372,0.712,201,662,247,131,73,238,291
220,221,Notre Dame,18,7,11,0.389,2.99,5.32,2.0,5.0,5,6,1,4,1130,1172,735,424,1052,0.403,118,367,0.322,206,279,0.738,170,621,206,129,55,184,274
221,222,Oakland,20,12,8,0.6,1.93,1.23,7.0,2.0,5,2,5,5,1492,1478,805,525,1181,0.445,176,500,0.352,252,343,0.735,198,680,323,126,56,236,336
222,223,Ohio,17,8,9,0.471,-1.65,-3.9,2.0,3.0,6,3,0,4,1337,1221,690,422,979,0.431,127,382,0.332,250,360,0.694,189,613,188,86,57,236,300
223,224,Ohio State,17,12,5,0.706,14.03,4.26,2.0,4.0,8,2,0,3,1297,1131,686,419,1005,0.417,112,343,0.327,181,270,0.67,177,570,176,89,45,192,318
224,225,Oklahoma,17,14,3,0.824,17.05,2.22,2.0,2.0,11,0,0,2,1358,1106,680,396,993,0.399,98,353,0.278,216,285,0.758,155,516,178,122,63,218,290
225,226,Oklahoma State,17,8,9,0.471,5.75,2.69,0.0,4.0,7,4,0,3,1231,1179,690,437,1001,0.437,96,297,0.323,209,282,0.741,152,557,184,142,45,198,271
226,227,Old Dominion,18,5,13,0.278,-6.08,0.16,1.0,5.0,4,3,0,8,1298,1390,725,468,1066,0.439,170,477,0.356,284,390,0.728,197,710,268,105,75,237,280
227,228,Omaha,20,10,10,0.5,-5.75,-4.25,3.0,2.0,8,1,1,8,1491,1411,805,492,1120,0.439,157,474,0.331,270,363,0.744,171,668,245,111,50,238,378
228,229,Oral Roberts,18,8,10,0.444,-4.34,0.26,2.0,3.0,6,2,2,8,1365,1358,729,491,1130,0.435,151,435,0.347,225,318,0.708,224,725,246,84,50,207,260
229,230,Oregon,17,13,4,0.765,11.32,5.44,5.0,1.0,9,0,3,1,1330,1230,685,437,972,0.45,117,341,0.343,239,340,0.703,157,570,201,87,55,225,319
230,231,Oregon State,17,9,8,0.529,2.61,5.43,1.0,5.0,9,2,0,3,1196,1205,710,416,978,0.425,126,383,0.329,247,352,0.702,187,585,230,115,56,218,337
231,232,Pacific,20,6,14,0.3,-17.27,-4.0,0.0,5.0,5,6,1,8,1336,1539,810,545,1158,0.471,160,464,0.345,289,403,0.717,186,726,272,127,60,252,368
232,233,Penn State,18,9,9,0.5,7.23,4.4,3.0,4.0,9,2,0,3,1384,1333,730,475,1037,0.458,117,353,0.331,266,353,0.754,199,687,270,103,54,295,328
233,234,Pennsylvania,17,9,8,0.529,-0.12,1.55,1.0,1.0,8,1,1,5,1302,1228,700,458,1041,0.44,146,426,0.343,166,239,0.695,166,564,246,117,64,182,261
234,235,Pepperdine,20,9,11,0.45,-1.46,1.6,2.0,3.0,8,4,1,4,1451,1458,800,532,1100,0.484,123,327,0.376,271,378,0.717,150,649,265,128,45,245,359
235,236,Pittsburgh,17,10,7,0.588,12.18,2.12,1.0,5.0,7,5,2,1,1297,1126,680,400,973,0.411,113,384,0.294,213,281,0.758,143,584,214,94,64,206,308
236,237,Portland,18,7,11,0.389,-9.92,-0.49,1.0,2.0,6,2,1,6,1311,1422,720,516,1142,0.452,183,513,0.357,207,299,0.692,192,652,294,125,36,186,331
237,238,Portland State,18,11,7,0.611,-7.19,-3.79,2.0,3.0,5,1,5,5,1284,1268,724,465,1075,0.433,134,378,0.354,204,306,0.667,193,685,239,106,76,228,288
238,239,Prairie View,16,6,10,0.375,-13.3,-1.01,1.0,2.0,3,0,2,10,1118,1236,640,413,891,0.464,99,299,0.331,311,439,0.708,183,637,201,111,75,278,305
239,240,Presbyterian,20,9,11,0.45,-10.16,-6.16,1.0,4.0,4,6,4,4,1537,1472,805,492,1101,0.447,138,401,0.344,350,461,0.759,164,654,228,122,66,261,375
240,241,Princeton,15,14,1,0.933,10.73,-0.74,2.0,0.0,7,0,6,1,1181,949,600,350,834,0.42,96,295,0.325,153,202,0.757,125,459,167,75,45,169,235
241,242,Providence,18,12,6,0.667,13.7,5.37,3.0,4.0,10,2,1,3,1333,1183,730,433,1081,0.401,109,341,0.32,208,286,0.727,173,621,159,123,52,231,332
242,243,Purdue,18,16,2,0.889,26.13,10.35,5.0,2.0,9,0,2,2,1532,1248,725,463,1140,0.406,140,453,0.309,180,261,0.69,168,540,262,134,43,196,363
243,244,Purdue Fort Wayne,19,13,6,0.684,0.01,-6.76,4.0,4.0,8,2,3,4,1603,1361,765,497,1124,0.442,123,411,0.299,244,352,0.693,211,739,250,87,55,341,343
244,245,Queens (NC),19,7,12,0.368,-10.64,-0.17,1.0,3.0,6,2,0,10,1497,1562,760,570,1211,0.471,146,448,0.326,276,371,0.744,198,728,254,129,97,232,332
245,246,Quinnipiac,16,12,4,0.75,-4.6,-6.87,4.0,1.0,7,1,5,3,1245,1143,645,426,1014,0.42,119,372,0.32,172,255,0.675,152,544,233,109,59,202,258
246,247,Radford,19,11,8,0.579,-2.99,-1.64,1.0,3.0,5,2,3,6,1399,1338,775,470,1115,0.422,131,434,0.302,267,370,0.722,226,666,213,104,51,212,301
247,248,Rhode Island,17,9,8,0.529,-0.6,2.21,3.0,1.0,8,2,1,3,1256,1263,680,465,1059,0.439,138,392,0.352,195,290,0.672,188,570,232,125,80,161,315
248,249,Rice,17,6,11,0.353,-4.59,0.73,0.0,4.0,5,4,1,4,1253,1294,690,472,1046,0.451,145,397,0.365,205,282,0.727,178,607,252,130,61,190,274
249,250,Richmond,17,12,5,0.706,8.28,-0.07,4.0,0.0,9,0,2,3,1238,1096,680,397,1000,0.397,122,412,0.296,180,256,0.703,172,632,197,81,47,202,250
250,251,Rider,17,5,12,0.294,-9.99,-1.61,2.0,4.0,4,2,1,10,1218,1306,695,444,1008,0.44,140,424,0.33,278,401,0.693,170,612,231,144,58,190,278
251,252,Robert Morris,19,7,12,0.368,-7.47,-3.53,3.0,5.0,6,5,1,7,1438,1446,775,518,1107,0.468,126,378,0.333,284,397,0.715,175,626,261,152,55,244,316
252,253,Rutgers,17,10,7,0.588,7.86,4.56,2.0,4.0,9,1,1,4,1167,1111,685,390,997,0.391,128,389,0.329,203,291,0.698,202,681,207,111,64,258,316
253,254,Sacramento State,18,6,12,0.333,-10.05,-0.8,2.0,3.0,5,2,1,8,1265,1296,720,466,1024,0.455,137,390,0.351,227,325,0.698,145,530,228,136,47,180,304
254,255,Sacred Heart,19,9,10,0.474,-9.3,-6.59,3.0,1.0,6,3,2,7,1398,1371,760,485,1115,0.435,161,458,0.352,240,357,0.672,232,724,278,121,66,299,287
255,256,Saint Francis (PA),17,5,12,0.294,-16.65,-4.25,0.0,4.0,3,5,2,7,1115,1234,680,442,970,0.456,121,359,0.337,229,331,0.692,192,596,231,119,66,218,274
256,257,Saint Joseph's,17,11,6,0.647,8.84,-1.87,1.0,3.0,8,2,1,4,1329,1147,685,391,1016,0.385,148,483,0.306,217,329,0.66,203,611,222,116,62,214,265
257,258,Saint Louis,17,8,9,0.471,-1.49,3.26,1.0,3.0,7,2,0,5,1255,1295,680,453,1009,0.449,141,421,0.335,248,355,0.699,184,616,220,103,63,176,304
258,259,Saint Mary's (CA),19,13,6,0.684,15.02,5.02,4.0,0.0,8,3,4,0,1372,1113,770,388,999,0.388,94,294,0.32,243,351,0.692,155,544,183,107,49,232,306
259,260,Saint Peter's,14,9,5,0.643,-3.09,-4.63,5.0,0.0,4,1,5,4,916,893,560,292,688,0.424,88,272,0.324,221,319,0.693,123,436,160,101,58,199,277
260,261,Sam Houston,18,10,8,0.556,-3.93,-1.05,3.0,0.0,6,2,3,6,1296,1285,730,454,1035,0.439,126,400,0.315,251,365,0.688,175,662,257,126,76,263,328
261,262,Samford,18,16,2,0.889,7.83,-4.05,5.0,0.0,12,0,4,2,1630,1350,720,456,1076,0.424,140,413,0.339,298,423,0.704,216,642,240,165,70,319,320
262,263,San Diego,19,10,9,0.526,-2.84,0.98,0.0,4.0,9,4,0,4,1377,1425,760,502,1137,0.442,142,445,0.319,279,404,0.691,205,689,294,162,72,248,312
263,264,San Diego State,18,15,3,0.833,15.79,8.23,4.0,1.0,9,0,3,3,1378,1203,730,422,1052,0.401,130,447,0.291,229,322,0.711,178,609,209,105,54,235,355
264,265,San Francisco,19,15,4,0.789,11.81,-3.02,4.0,0.0,10,0,3,2,1519,1183,765,405,999,0.405,117,392,0.298,256,361,0.709,142,526,186,116,33,288,272
265,266,San Jose State,18,8,10,0.444,-0.96,-1.02,1.0,4.0,5,3,1,6,1356,1310,730,469,1038,0.452,125,350,0.357,247,346,0.714,172,630,220,77,49,200,281
266,267,Santa Clara,20,13,7,0.65,4.64,2.16,4.0,1.0,6,3,4,2,1517,1433,800,509,1225,0.416,146,469,0.311,269,382,0.704,210,675,251,151,48,214,342
267,268,Seattle,18,10,8,0.556,3.06,-1.82,3.0,4.0,9,2,1,6,1342,1204,745,420,1017,0.413,102,367,0.278,262,378,0.693,158,589,199,108,56,249,358
268,269,Seton Hall,18,13,5,0.722,11.84,6.5,6.0,1.0,9,1,3,2,1332,1236,720,433,1045,0.414,147,430,0.342,223,291,0.766,197,566,248,137,79,229,310
269,270,Siena,16,3,13,0.188,-19.52,-3.83,2.0,3.0,2,4,1,7,999,1250,640,464,969,0.479,121,331,0.366,201,278,0.723,166,546,225,149,54,172,280
270,271,South Alabama,18,10,8,0.556,-5.33,-0.93,3.0,3.0,6,4,4,4,1334,1380,740,500,1103,0.453,127,402,0.316,253,372,0.68,195,697,223,133,75,214,286
271,272,South Carolina,17,14,3,0.824,9.31,1.25,2.0,2.0,9,1,2,2,1236,1099,685,388,945,0.411,103,309,0.333,220,308,0.714,162,553,188,104,71,185,287
272,273,South Carolina State,18,4,14,0.222,-14.85,-0.72,0.0,2.0,4,3,0,11,1286,1487,725,482,1011,0.477,150,403,0.372,373,491,0.76,188,653,292,163,87,271,328
273,274,South Carolina Upstate,17,6,11,0.353,-10.46,-1.46,1.0,3.0,4,3,2,8,1229,1242,690,415,909,0.457,108,340,0.318,304,420,0.724,167,614,197,107,50,238,289
274,275,South Dakota,19,9,10,0.474,-11.56,-4.31,2.0,2.0,6,3,2,6,1437,1447,765,535,1237,0.432,162,462,0.351,215,307,0.7,207,654,269,125,67,184,342
275,276,South Dakota State,19,10,9,0.526,-0.45,0.24,3.0,1.0,6,2,2,3,1464,1393,760,479,1143,0.419,188,533,0.353,247,333,0.742,192,660,252,135,62,220,323
276,277,South Florida,15,10,5,0.667,3.98,-1.82,3.0,1.0,8,2,1,3,1144,1057,600,370,865,0.428,107,332,0.322,210,315,0.667,164,566,197,95,45,217,290
277,278,Southeast Missouri State,18,6,12,0.333,-19.38,-4.45,1.0,4.0,6,3,0,8,1250,1343,725,470,1001,0.47,99,293,0.338,304,448,0.679,150,636,230,128,53,235,321
278,279,Southeastern Louisiana,17,6,11,0.353,-10.14,1.07,1.0,3.0,4,1,2,8,1150,1219,680,427,959,0.445,139,424,0.328,226,302,0.748,177,567,262,122,60,203,283
279,280,Southern,17,9,8,0.529,-4.84,2.66,3.0,1.0,6,0,3,8,1282,1233,690,424,946,0.448,116,377,0.308,269,400,0.673,174,622,250,112,59,302,286
280,281,Southern California,18,8,10,0.444,9.67,8.28,2.0,5.0,5,3,1,5,1372,1347,725,476,1095,0.435,151,420,0.36,244,341,0.716,200,648,282,134,64,242,324
281,282,Southern Illinois,18,12,6,0.667,7.0,-0.76,4.0,3.0,9,3,2,2,1329,1166,720,430,999,0.43,87,315,0.276,219,319,0.687,173,576,199,105,60,198,308
282,283,SIU Edwardsville,19,11,8,0.579,-5.63,-3.82,4.0,2.0,8,1,1,7,1362,1299,760,452,1073,0.421,141,413,0.341,254,351,0.724,207,663,242,101,63,218,320
283,284,Southern Indiana,19,5,14,0.263,-12.93,-2.05,2.0,4.0,4,5,1,9,1275,1356,765,446,1082,0.412,126,394,0.32,338,472,0.716,181,686,231,134,58,227,334
284,285,Southern Methodist,17,12,5,0.706,13.98,1.61,3.0,1.0,8,2,3,2,1270,1053,680,368,1003,0.367,95,372,0.255,222,319,0.696,218,596,197,137,86,225,248
285,286,Southern Mississippi,18,10,8,0.556,-6.81,-2.56,4.0,2.0,6,1,4,4,1263,1278,720,450,1064,0.423,145,425,0.341,233,345,0.675,203,679,244,131,57,241,318
286,287,Southern Utah,17,6,11,0.353,-5.41,-0.47,1.0,5.0,5,3,0,8,1308,1330,685,511,1026,0.498,91,282,0.323,217,307,0.707,172,618,239,106,62,217,336
287,288,St. Bonaventure,16,11,5,0.688,8.93,-0.44,2.0,2.0,6,2,3,1,1208,1058,640,375,861,0.436,104,340,0.306,204,299,0.682,140,491,212,71,42,212,247
288,289,St. John's (NY),18,12,6,0.667,15.4,7.95,4.0,3.0,8,1,2,3,1402,1268,720,440,1068,0.412,120,370,0.324,268,369,0.726,219,632,217,116,59,235,287
289,290,St. Thomas,20,13,7,0.65,0.21,-5.02,3.0,2.0,7,1,5,5,1468,1261,805,455,1061,0.429,124,393,0.316,227,324,0.701,181,647,229,103,48,248,334
290,291,Stanford,17,9,8,0.529,8.51,6.1,4.0,3.0,7,3,2,2,1337,1296,695,489,1107,0.442,142,401,0.354,176,261,0.674,172,605,211,120,47,183,285
291,292,Stephen F. Austin,18,12,6,0.667,1.66,-2.9,5.0,2.0,6,2,4,3,1435,1277,735,408,987,0.413,120,337,0.356,341,480,0.71,183,577,209,151,59,329,376
292,293,Stetson,19,11,8,0.579,-3.66,-0.41,3.0,1.0,6,1,3,7,1470,1342,760,490,1157,0.424,144,453,0.318,218,314,0.694,228,665,268,116,55,199,299
293,294,Stonehill,19,2,17,0.105,-19.92,-2.3,0.0,4.0,2,4,0,13,1208,1498,765,520,1185,0.439,190,549,0.346,268,362,0.74,238,791,315,153,87,239,267
294,295,Stony Brook,18,9,9,0.5,-5.58,-1.64,2.0,3.0,6,2,3,7,1273,1299,730,470,1079,0.436,168,456,0.368,191,265,0.721,188,663,273,110,46,215,285
295,296,Syracuse,17,12,5,0.706,9.42,8.17,3.0,3.0,8,0,2,3,1290,1221,680,453,1073,0.422,123,413,0.298,192,279,0.688,213,663,232,119,58,256,264
296,297,Tarleton State,17,11,6,0.647,-2.05,1.17,4.0,2.0,6,1,3,5,1190,1120,680,393,923,0.426,117,344,0.34,217,321,0.676,194,591,206,100,73,246,277
297,298,TCU,17,13,4,0.765,16.14,1.14,2.0,2.0,9,0,2,2,1421,1166,685,425,987,0.431,102,333,0.306,214,321,0.667,171,551,230,116,60,274,307
298,299,Temple,18,8,10,0.444,-2.86,0.91,1.0,4.0,4,3,2,4,1274,1308,735,468,1069,0.438,135,406,0.333,237,316,0.75,188,706,257,115,64,240,307
299,300,Tennessee,17,13,4,0.765,21.31,8.25,3.0,1.0,9,0,2,2,1344,1122,680,371,992,0.374,115,379,0.303,265,374,0.709,182,583,181,117,44,225,300
300,301,Tennessee State,19,10,9,0.526,-6.72,-5.19,3.0,3.0,8,1,1,7,1459,1367,765,465,1092,0.426,121,370,0.327,316,430,0.735,209,678,213,123,76,271,323
301,302,Tennessee Tech,19,7,12,0.368,-14.55,-3.93,2.0,4.0,5,4,2,8,1322,1447,765,541,1165,0.464,163,452,0.361,202,265,0.762,177,692,291,127,63,197,302
302,303,Tennessee-Martin,19,10,9,0.526,-7.83,-3.7,3.0,3.0,6,2,4,6,1557,1512,770,551,1302,0.423,183,548,0.334,227,316,0.718,212,748,283,141,87,221,318
303,304,Texas,17,12,5,0.706,11.91,1.67,1.0,3.0,9,2,1,2,1314,1140,680,406,980,0.414,107,319,0.335,221,323,0.684,185,572,188,118,63,230,277
304,305,Texas A&M,17,10,7,0.588,13.58,7.58,1.0,3.0,6,2,2,3,1272,1170,685,396,963,0.411,141,413,0.341,237,327,0.725,170,573,237,87,93,203,330
305,306,Texas A&M-Commerce,16,6,10,0.375,-11.43,2.88,0.0,3.0,5,3,1,7,1182,1189,650,414,929,0.446,103,307,0.336,258,359,0.719,183,613,200,91,46,230,217
306,307,Texas A&M-Corpus Christi,17,10,7,0.588,-7.19,-4.34,3.0,1.0,6,1,4,5,1309,1147,690,359,880,0.408,104,346,0.301,325,449,0.724,133,568,198,118,72,278,309
307,308,Texas Southern,15,4,11,0.267,-10.25,0.61,2.0,2.0,2,2,1,8,987,1103,600,377,882,0.427,114,338,0.337,235,349,0.673,188,622,202,96,64,183,217
308,309,Texas State,18,7,11,0.389,-6.34,0.72,1.0,5.0,3,3,4,6,1260,1282,720,453,1024,0.442,105,344,0.305,271,381,0.711,189,613,225,129,72,220,313
309,310,Texas Tech,17,14,3,0.824,14.12,3.41,3.0,1.0,10,0,1,2,1296,1114,685,417,993,0.42,129,394,0.327,151,225,0.671,179,555,181,97,67,210,285
310,311,Texas-Rio Grande Valley,18,6,12,0.333,-10.85,-0.92,2.0,5.0,5,3,1,7,1355,1444,730,495,1102,0.449,127,369,0.344,327,428,0.764,217,710,286,154,86,290,376
311,312,The Citadel,18,8,10,0.444,-3.24,-1.98,0.0,5.0,4,4,2,6,1295,1238,720,469,1072,0.438,141,418,0.337,159,213,0.746,156,567,251,115,70,183,297
312,313,Toledo,17,11,6,0.647,2.41,0.53,5.0,0.0,7,2,4,1,1344,1312,680,494,1010,0.489,135,383,0.352,189,253,0.747,165,559,238,104,59,228,311
313,314,Towson,18,10,8,0.556,-1.16,0.08,3.0,2.0,7,0,3,3,1206,1176,735,425,977,0.435,105,338,0.311,221,308,0.718,166,553,196,121,69,203,296
314,315,Troy,18,11,7,0.611,0.71,-2.02,5.0,1.0,10,1,1,6,1455,1257,735,437,1033,0.423,116,346,0.335,267,397,0.673,185,618,193,147,79,284,333
315,316,Tulane,17,11,6,0.647,6.2,0.45,2.0,3.0,8,2,2,2,1464,1342,695,479,1118,0.428,166,484,0.343,218,313,0.696,218,673,263,113,46,253,349
316,317,Tulsa,17,10,7,0.588,1.68,-4.44,1.0,4.0,10,2,0,4,1328,1189,690,421,1041,0.404,111,391,0.284,236,343,0.688,213,655,205,116,41,250,331
317,318,UAB,17,11,6,0.647,0.46,1.02,3.0,1.0,7,3,3,2,1316,1289,690,465,1034,0.45,134,390,0.344,225,313,0.719,177,588,229,111,81,195,327
318,319,UC Davis,18,11,7,0.611,1.01,-3.05,6.0,1.0,7,3,3,4,1331,1208,730,411,964,0.426,101,330,0.306,285,392,0.727,174,590,198,113,49,283,354
319,320,UC Irvine,18,13,5,0.722,9.13,1.55,6.0,0.0,7,0,3,5,1384,1195,725,416,1045,0.398,108,346,0.312,255,352,0.724,179,585,205,104,56,222,315
320,321,UC Riverside,19,7,12,0.368,-6.96,0.51,2.0,5.0,6,2,0,10,1296,1370,761,485,1042,0.465,127,334,0.38,273,377,0.724,153,679,271,91,70,214,309
321,322,UC San Diego,18,11,7,0.611,3.81,-0.87,5.0,1.0,7,1,4,5,1388,1223,725,450,1048,0.429,132,386,0.342,191,276,0.692,175,606,238,85,61,221,314
322,323,UC Santa Barbara,17,11,6,0.647,-0.91,-3.84,4.0,3.0,7,2,3,4,1347,1241,685,468,1066,0.439,115,359,0.32,190,288,0.66,161,524,213,124,42,165,314
323,324,UCLA,18,8,10,0.444,4.16,4.75,3.0,4.0,5,4,2,3,1168,1150,720,387,965,0.401,144,442,0.326,232,330,0.703,166,582,188,111,42,228,361
324,325,UNC Asheville,20,12,8,0.6,-2.04,-0.52,4.0,1.0,7,1,2,5,1630,1492,810,525,1224,0.429,134,442,0.303,308,422,0.73,231,699,258,129,70,266,426
325,326,UNC Greensboro,18,13,5,0.722,1.05,-1.45,4.0,1.0,8,0,2,5,1383,1233,725,414,1061,0.39,151,492,0.307,254,351,0.724,197,631,200,104,61,209,278
326,327,UNC Wilmington,17,12,5,0.706,0.69,-0.31,3.0,2.0,5,0,6,4,1386,1228,685,434,965,0.45,127,360,0.353,233,337,0.691,171,600,205,72,51,224,345
327,328,UT Arlington,18,9,9,0.5,-1.11,2.89,4.0,3.0,8,1,0,8,1342,1338,720,458,1065,0.43,142,378,0.376,280,388,0.722,192,612,264,144,63,231,340
328,329,Utah,18,13,5,0.722,19.32,8.38,4.0,3.0,10,0,1,3,1442,1245,720,461,1124,0.41,148,435,0.34,175,274,0.639,184,641,250,108,53,204,312
329,330,Utah State,18,16,2,0.889,13.94,3.69,4.0,1.0,8,0,4,2,1478,1230,725,445,1034,0.43,102,371,0.275,238,331,0.719,152,559,215,118,50,238,335
330,331,Utah Tech,17,7,10,0.412,-7.33,-0.52,3.0,3.0,3,3,4,7,1186,1283,690,435,1019,0.427,128,388,0.33,285,406,0.702,206,641,217,138,70,237,317
331,332,Utah Valley,18,8,10,0.444,-3.0,1.82,3.0,4.0,6,1,1,8,1227,1261,725,447,1007,0.444,121,357,0.339,246,365,0.674,163,646,253,123,70,245,352
332,333,UTEP,18,10,8,0.556,-3.53,-1.79,1.0,2.0,9,2,0,5,1342,1240,720,413,934,0.442,101,325,0.311,313,428,0.731,181,602,189,137,52,347,367
333,334,UTSA,18,7,11,0.389,-8.62,-4.03,1.0,4.0,5,4,2,7,1425,1470,735,512,1147,0.446,146,409,0.357,300,424,0.708,203,698,273,112,80,182,329
334,335,Valparaiso,18,5,13,0.278,-7.2,-0.25,1.0,6.0,4,6,1,7,1206,1285,720,471,1058,0.445,125,370,0.338,218,324,0.673,209,696,255,130,49,236,286
335,336,Vanderbilt,17,5,12,0.294,-0.51,3.73,0.0,4.0,5,6,0,3,1155,1227,680,429,977,0.439,136,363,0.375,233,300,0.777,151,618,216,106,55,187,303
336,337,Vermont,19,14,5,0.737,1.69,-2.84,4.0,0.0,8,1,4,3,1398,1221,760,452,1093,0.414,132,386,0.342,185,266,0.695,167,625,191,93,45,173,282
337,338,Villanova,17,11,6,0.647,15.07,7.18,4.0,2.0,6,2,2,3,1262,1128,695,407,970,0.42,133,392,0.339,181,259,0.699,142,569,221,102,70,193,276
338,339,Virginia,17,12,5,0.706,10.33,3.15,3.0,3.0,10,0,0,4,1104,982,680,353,896,0.394,116,369,0.314,158,220,0.718,166,591,192,92,41,235,238
339,340,Virginia Commonwealth,17,10,7,0.588,7.78,2.25,2.0,2.0,7,5,2,0,1244,1150,685,394,976,0.404,103,335,0.307,259,357,0.725,177,557,169,131,32,182,301
340,341,VMI,18,3,15,0.167,-21.1,-3.17,0.0,5.0,3,4,0,9,1270,1451,725,529,1183,0.447,167,484,0.345,226,350,0.646,204,671,261,167,53,200,273
341,342,Virginia Tech,17,10,7,0.588,11.43,5.84,2.0,4.0,8,1,0,4,1243,1148,680,419,968,0.433,110,345,0.319,200,283,0.707,143,521,203,111,48,204,285
342,343,Wagner,15,8,7,0.533,-11.59,-7.82,2.0,1.0,5,1,3,6,967,932,605,342,814,0.42,97,330,0.294,151,229,0.659,149,560,211,68,51,191,208
343,344,Wake Forest,17,12,5,0.706,14.22,3.75,4.0,2.0,10,0,1,3,1370,1192,690,430,1015,0.424,106,317,0.334,226,306,0.739,170,567,172,102,61,212,307
344,345,Washington,18,11,7,0.611,12.42,7.14,3.0,4.0,8,2,2,3,1445,1350,735,483,1115,0.433,125,388,0.322,259,391,0.662,204,642,243,114,58,217,359
345,346,Washington State,18,13,5,0.722,12.97,3.97,4.0,3.0,9,1,2,2,1359,1197,720,410,1021,0.402,110,336,0.327,267,351,0.761,162,578,187,96,48,200,321
346,347,Weber State,18,11,7,0.611,3.51,-1.22,2.0,3.0,7,1,3,4,1366,1148,725,436,996,0.438,119,358,0.332,157,234,0.671,133,575,222,94,56,226,312
347,348,West Virginia,17,6,11,0.353,3.36,7.77,1.0,3.0,6,5,0,2,1149,1224,685,446,1042,0.428,140,412,0.34,192,267,0.719,187,626,224,118,63,184,318
348,349,Western Carolina,18,15,3,0.833,1.68,-3.19,4.0,1.0,7,1,8,2,1368,1188,720,430,1095,0.393,101,311,0.325,227,335,0.678,180,620,150,96,49,172,294
349,350,Western Illinois,18,12,6,0.667,-7.27,-4.12,5.0,0.0,7,1,5,5,1285,1184,730,446,1112,0.401,105,360,0.292,187,275,0.68,183,599,202,139,56,188,305
350,351,Western Kentucky,18,13,5,0.722,-0.77,-2.83,2.0,2.0,8,0,4,3,1419,1318,721,469,1146,0.409,130,444,0.293,250,357,0.7,195,679,235,129,72,266,323
351,352,Western Michigan,17,7,10,0.412,-6.84,-1.34,4.0,1.0,3,4,2,6,1264,1296,690,466,1031,0.452,148,413,0.358,216,310,0.697,185,589,253,110,43,192,314
352,353,Wichita State,17,8,9,0.471,2.33,4.7,0.0,4.0,6,2,1,4,1265,1273,680,463,1104,0.419,153,471,0.325,194,264,0.735,183,612,250,141,67,173,271
353,354,William & Mary,18,7,11,0.389,-11.7,-6.07,2.0,3.0,6,3,1,6,1324,1310,725,463,1040,0.445,134,395,0.339,250,337,0.742,159,620,211,102,58,183,327
354,355,Winthrop,20,13,7,0.65,0.09,-2.2,4.0,1.0,9,2,4,5,1584,1399,825,489,1186,0.412,152,513,0.296,269,362,0.743,222,679,251,143,89,270,443
355,356,Wisconsin,17,13,4,0.765,18.33,9.33,5.0,1.0,9,1,2,3,1286,1133,680,411,908,0.453,119,338,0.352,192,279,0.688,115,486,181,77,64,200,329
356,357,Wofford,18,11,7,0.611,-3.62,-1.49,4.0,1.0,7,0,4,4,1415,1359,735,475,1084,0.438,149,421,0.354,260,353,0.737,143,603,228,121,57,167,306
357,358,Wright State,19,9,10,0.474,-0.38,-1.32,4.0,4.0,5,3,2,6,1610,1528,760,557,1176,0.474,171,473,0.362,243,346,0.702,183,618,275,126,53,222,319
358,359,Wyoming,17,9,8,0.529,-2.61,2.92,2.0,2.0,6,1,0,6,1235,1249,680,461,1031,0.447,124,389,0.319,203,262,0.775,184,558,210,154,65,219,348
359,360,Xavier,17,9,8,0.529,15.92,9.86,3.0,3.0,7,4,1,3,1289,1186,680,429,1068,0.402,114,372,0.306,214,315,0.679,203,619,260,112,79,198,312
360,361,Yale,17,11,6,0.647,2.47,0.27,2.0,0.0,4,1,5,4,1296,1155,695,414,1005,0.412,134,394,0.34,193,260,0.742,152,565,231,95,57,193,266
361,362,Youngstown State,19,13,6,0.684,0.2,-2.0,5.0,3.0,10,1,3,5,1533,1341,760,488,1172,0.416,148,432,0.343,217,312,0.696,185,652,275,107,55,224,306
