,Rk,School,Conf,AP Rank,W,L,Pts,Opp,MOV,SOS,OSRS,DSRS,SRS,Adj_ORtg,Adj_DRtg,Adj_NRtg
0,1,Arizona,Pac-12,12.0,13,4,90.6,71.6,19.06,10.03,20.98,8.11,29.09,122.68,84.58,38.09
1,2,Houston,Big 12,5.0,15,2,74.9,51.5,23.35,4.57,5.22,22.7,27.92,120.35,77.79,42.56
2,3,Purdue,Big Ten,2.0,16,2,85.1,69.3,15.78,10.35,15.78,10.34,26.13,125.67,90.03,35.64
3,4,Brigham Young,Big 12,20.0,14,3,85.7,63.6,22.06,3.35,14.44,10.97,25.41,122.29,87.33,34.95
4,5,Alabama,SEC,,12,5,90.2,73.9,16.29,8.56,21.6,3.25,24.85,129.14,94.75,34.4
5,6,Iowa State,Big 12,24.0,13,4,81.1,60.1,21.06,1.95,11.02,11.99,23.01,117.59,85.88,31.7
6,7,North Carolina,ACC,4.0,14,3,83.9,69.5,14.35,7.62,14.41,7.56,21.97,119.43,89.58,29.85
7,8,Auburn,SEC,13.0,15,2,83.8,65.6,18.18,3.27,13.63,7.82,21.45,121.04,91.36,29.68
8,9,Tennessee,SEC,6.0,13,4,79.1,66.0,13.06,8.25,9.99,11.32,21.31,117.09,87.26,29.83
9,10,Baylor,Big 12,9.0,14,3,84.8,68.8,15.94,5.55,13.37,7.49,20.86,123.91,94.52,29.39
10,11,Illinois,Big Ten,14.0,13,4,82.1,67.8,14.29,5.98,13.28,6.99,20.27,119.87,92.2,27.67
11,12,Duke,ACC,7.0,13,3,82.0,66.1,15.94,4.29,12.1,8.12,20.23,123.55,94.78,28.76
12,13,Connecticut,Big East,1.0,16,2,81.9,64.6,17.33,2.7,9.84,10.19,20.03,123.43,95.19,28.24
13,14,Creighton,Big East,18.0,13,5,78.2,65.4,12.78,6.9,8.36,11.32,19.68,119.41,91.65,27.76
14,15,Michigan State,Big Ten,,11,7,77.1,65.6,11.5,8.14,6.79,12.85,19.64,116.99,90.13,26.86
15,16,Utah,Pac-12,,13,5,80.1,69.2,10.94,8.38,12.35,6.97,19.32,119.08,92.12,26.96
16,17,Marquette,Big East,17.0,12,5,77.4,67.6,9.76,9.22,10.06,8.93,18.98,117.11,90.9,26.21
17,18,Kentucky,SEC,8.0,13,3,90.8,76.1,14.69,4.04,19.62,-0.9,18.73,122.2,97.03,25.17
18,19,Kansas,Big 12,3.0,15,2,79.2,66.3,12.88,6.58,9.35,9.24,18.58,117.14,91.54,25.6
19,20,Wisconsin,Big Ten,11.0,13,4,75.6,66.6,9.0,9.33,8.52,9.82,18.33,122.87,95.44,27.42
20,21,Oklahoma,Big 12,15.0,14,3,79.9,65.1,14.82,2.22,7.27,9.78,17.05,116.02,92.21,23.81
21,22,Cincinnati,Big 12,,13,4,79.5,66.4,13.06,3.64,8.2,8.5,16.7,114.42,91.64,22.78
22,23,New Mexico,MWC,,15,3,83.6,69.3,14.22,3.47,12.95,3.64,16.59,113.22,91.53,21.68
23,24,Florida Atlantic,AAC,23.0,14,4,82.6,71.3,11.22,5.16,11.45,4.94,16.39,120.59,97.48,23.11
24,25,Colorado State,MWC,,14,3,81.5,68.6,12.88,6.85,8.59,7.73,16.32,120.15,97.31,22.84
25,26,TCU,Big 12,19.0,13,4,83.6,68.6,15.0,1.14,12.24,3.89,16.14,115.12,94.04,21.08
26,27,Xavier,Big East,,9,8,75.8,69.8,6.06,9.86,7.92,8.0,15.92,113.36,90.94,22.42
27,28,San Diego State,MWC,,15,3,76.6,66.8,9.72,8.23,6.75,9.04,15.79,114.61,92.23,22.37
28,29,Gonzaga,WCC,,12,5,84.4,68.3,16.12,2.53,10.07,5.47,15.53,115.92,94.84,21.08
29,30,St. John's (NY),Big East,,12,6,77.9,70.4,7.44,7.95,9.47,5.93,15.4,115.47,94.07,21.4
30,31,Iowa,Big Ten,,11,6,87.1,77.5,9.59,5.5,16.72,-1.63,15.08,118.44,99.2,19.23
31,32,Villanova,Big East,,11,6,74.2,66.4,7.88,7.18,6.0,9.06,15.07,115.09,93.55,21.53
32,33,Colorado,Pac-12,,13,5,80.6,71.0,9.56,5.48,9.56,5.48,15.04,116.75,96.32,20.43
33,34,Saint Mary's (CA),WCC,,13,6,72.2,58.6,13.63,5.02,0.29,14.73,15.02,112.03,89.53,22.5
34,35,Indiana State,MVC,,15,3,86.5,71.9,14.56,1.16,13.54,1.27,14.81,118.99,98.77,20.22
35,36,Clemson,ACC,,12,5,80.9,73.4,7.47,7.2,10.09,4.58,14.67,120.15,99.59,20.56
36,37,Mississippi State,SEC,,12,5,75.4,66.3,9.06,5.58,4.18,10.45,14.63,111.66,91.58,20.08
37,38,Dayton,A-10,21.0,14,2,73.2,64.6,8.63,5.68,4.37,9.94,14.3,119.41,98.18,21.23
38,39,Wake Forest,ACC,,12,5,80.6,70.1,10.47,3.75,9.94,4.28,14.22,116.9,96.88,20.02
39,40,Texas Tech,Big 12,25.0,14,3,76.2,65.5,10.71,3.41,5.36,8.76,14.12,116.23,95.51,20.72
40,41,Ohio State,Big Ten,,12,5,76.3,66.5,9.76,4.26,5.65,8.38,14.03,115.37,95.37,20.0
41,42,Florida,SEC,,11,6,85.2,76.5,8.65,5.33,15.91,-1.94,13.98,117.43,98.84,18.59
42,43,Southern Methodist,AAC,,12,5,74.7,61.9,12.76,1.61,3.15,10.84,13.98,109.79,89.75,20.05
43,44,Utah State,MWC,16.0,16,2,82.1,68.3,13.78,3.69,9.67,4.27,13.94,116.18,96.58,19.6
44,45,Providence,Big East,,12,6,74.1,65.7,8.33,5.37,3.95,9.75,13.7,107.91,89.29,18.62
45,46,Texas A&M,SEC,,10,7,74.8,68.8,6.0,7.58,5.55,8.03,13.58,116.76,96.88,19.88
46,47,Miami (FL),ACC,,12,5,83.2,72.9,10.24,2.93,11.39,1.78,13.16,115.66,98.55,17.11
47,48,Nevada,MWC,,15,3,76.1,63.7,12.33,1.95,3.95,9.12,13.07,110.95,92.55,18.4
48,49,Butler,Big East,,11,7,80.2,73.3,6.94,7.17,10.35,2.64,12.99,114.77,97.26,17.51
49,50,Washington State,Pac-12,,13,5,75.5,66.5,9.0,3.97,4.38,8.59,12.97,113.62,95.55,18.07
50,51,Boise State,MWC,,12,5,73.9,64.9,9.0,7.22,3.36,9.19,12.55,111.31,92.94,18.37
51,52,Washington,Pac-12,,11,7,80.3,75.0,5.28,7.14,11.59,0.82,12.42,113.58,96.67,16.92
52,53,Pittsburgh,ACC,,10,7,76.3,66.2,10.06,2.12,2.71,9.47,12.18,110.94,94.67,16.27
53,54,Kansas State,Big 12,,13,4,74.8,67.4,7.41,4.63,3.71,8.33,12.04,109.42,92.56,16.87
54,55,Texas,Big 12,,12,5,77.3,67.1,10.24,1.67,5.66,6.24,11.91,112.55,95.52,17.03
55,56,Nebraska,Big Ten,,13,5,78.5,70.1,8.39,3.51,8.06,3.84,11.9,114.96,98.7,16.26
56,57,Seton Hall,Big East,,13,5,74.0,68.7,5.33,6.5,4.25,7.58,11.84,114.42,97.93,16.49
57,58,San Francisco,WCC,,15,4,79.9,62.3,17.68,-3.02,3.63,8.18,11.81,113.0,95.15,17.85
58,59,Memphis,AAC,10.0,15,3,81.3,74.3,6.94,4.74,11.68,0.0,11.68,113.87,97.98,15.89
59,60,Central Florida,Big 12,,11,5,74.7,65.1,9.63,1.85,2.74,8.74,11.48,104.99,89.77,15.22
60,61,Virginia Tech,ACC,,10,7,73.1,67.5,5.59,5.84,4.32,7.11,11.43,112.43,95.62,16.8
61,62,Oregon,Pac-12,,13,4,78.2,72.4,5.88,5.44,7.7,3.62,11.32,114.94,98.8,16.13
62,63,Princeton,Ivy,,14,1,78.7,63.3,15.47,-0.74,5.56,5.16,10.73,120.63,104.28,16.36
63,64,NC State,ACC,,13,4,77.3,69.4,7.88,2.73,6.28,4.33,10.61,112.27,97.41,14.86
64,65,Florida State,ACC,,11,6,77.1,73.2,3.88,6.61,6.39,4.11,10.5,109.28,95.4,13.88
65,66,Virginia,ACC,,12,5,64.9,57.8,7.18,3.15,-6.52,16.85,10.33,106.18,90.65,15.53
66,67,Grand Canyon,WAC,,17,1,81.7,66.8,14.89,-2.5,5.32,5.0,10.32,111.99,97.5,14.49
67,68,North Texas,AAC,,11,5,68.9,58.4,10.5,1.88,-4.33,14.5,10.17,108.5,92.77,15.73
68,69,Northwestern,Big Ten,,13,4,72.9,67.0,5.94,4.21,2.54,7.62,10.16,114.33,99.57,14.76
69,70,Drake,MVC,,15,3,78.8,67.8,11.0,-0.6,6.0,3.88,9.88,115.08,100.99,14.09
70,71,Michigan,Big Ten,,7,11,79.3,77.6,1.72,8.06,8.72,1.06,9.79,114.7,101.54,13.16
71,72,Southern California,Pac-12,,8,10,76.2,74.8,1.39,8.28,6.87,2.8,9.67,110.99,98.01,12.98
72,73,Georgia,SEC,,13,4,75.5,70.0,5.53,4.13,4.1,5.55,9.66,108.03,94.58,13.45
73,74,Nevada-Las Vegas,MWC,,9,7,76.8,69.6,7.19,7.99,5.6,4.04,9.63,115.48,101.52,13.96
74,75,Syracuse,ACC,,12,5,75.9,71.8,4.06,8.17,4.81,4.61,9.42,106.09,92.89,13.2
75,76,Bradley,MVC,,13,5,74.4,66.2,8.17,2.0,3.35,6.0,9.35,110.61,97.49,13.13
76,77,South Carolina,SEC,,14,3,72.7,64.6,8.06,1.25,0.15,9.16,9.31,110.43,96.97,13.46
77,78,Mississippi,SEC,22.0,15,2,77.8,70.6,7.12,2.14,5.09,4.17,9.26,113.2,100.53,12.67
78,79,UC Irvine,Big West,,13,5,76.9,66.4,10.5,1.55,3.18,5.96,9.13,107.96,95.61,12.35
79,80,Maryland,Big Ten,,11,7,70.8,64.0,6.83,2.14,-1.45,10.41,8.97,105.39,93.55,11.83
80,81,St. Bonaventure,A-10,,11,5,75.5,66.1,9.38,-0.44,3.04,5.89,8.93,113.92,100.62,13.3
81,82,Louisiana State,SEC,,11,6,77.1,70.1,6.94,1.94,6.51,2.37,8.89,108.36,96.58,11.79
82,83,Saint Joseph's,A-10,,11,6,78.2,67.5,10.71,-1.87,4.29,4.54,8.84,110.39,97.64,12.75
83,84,Minnesota,Big Ten,,12,6,77.2,68.4,8.78,0.05,3.53,5.3,8.83,109.78,97.88,11.9
84,85,Boston College,ACC,,11,6,78.0,72.8,5.18,3.38,7.61,0.95,8.56,113.92,102.2,11.73
85,86,Stanford,Pac-12,,9,8,78.6,76.2,2.41,6.1,8.59,-0.08,8.51,111.92,100.71,11.21
86,87,James Madison,Sun Belt,,16,2,86.9,70.1,16.83,-5.27,10.33,-1.95,8.38,110.72,100.0,10.72
87,88,Richmond,A-10,,12,5,72.8,64.5,8.35,-0.07,-0.04,8.32,8.28,107.58,95.75,11.83
88,89,Massachusetts,A-10,,11,6,81.5,71.9,9.53,-1.41,8.16,-0.04,8.12,112.63,102.05,10.59
89,90,Rutgers,Big Ten,,10,7,68.6,65.4,3.29,4.56,-1.83,9.69,7.86,100.74,90.1,10.65
90,91,Samford,Southern,,16,2,90.6,75.0,15.56,-4.05,13.93,-6.1,7.83,112.26,103.4,8.86
91,92,Virginia Commonwealth,A-10,,10,7,73.2,67.6,5.53,2.25,0.73,7.05,7.78,109.47,98.39,11.08
92,93,Penn State,Big Ten,,9,9,76.9,74.1,2.83,4.4,7.13,0.1,7.23,109.83,100.12,9.72
93,94,Arkansas,SEC,,10,7,78.4,77.6,0.82,6.4,6.45,0.77,7.22,108.31,98.77,9.54
94,95,Southern Illinois,MVC,,12,6,73.8,64.8,9.06,-0.76,-0.12,7.12,7.0,112.1,101.63,10.47
95,96,Indiana,Big Ten,,12,6,73.9,73.3,0.56,6.13,3.76,2.93,6.69,107.64,98.37,9.27
96,97,Arizona State,Pac-12,,10,7,69.1,70.6,-1.53,8.13,0.53,6.07,6.6,103.48,94.88,8.6
97,98,George Mason,A-10,,13,5,73.2,66.1,7.11,0.12,-1.29,7.52,6.23,108.29,99.16,9.13
98,99,Tulane,AAC,,11,6,86.1,78.9,7.18,0.45,13.18,-6.99,6.2,112.48,104.7,7.77
99,100,Duquesne,A-10,,9,7,74.0,69.0,5.0,3.88,2.03,3.98,6.01,108.1,99.97,8.13
100,101,Missouri,SEC,,8,9,75.5,73.9,1.65,4.35,3.23,2.76,5.99,110.1,101.55,8.55
101,102,Appalachian State,Sun Belt,,14,4,76.7,63.4,13.28,-1.85,-1.04,7.0,5.96,104.46,95.52,8.94
102,103,Akron,MAC,,13,4,77.1,65.6,11.47,-0.34,0.22,5.7,5.92,108.34,99.93,8.41
103,104,McNeese State,Southland,,15,2,79.6,60.5,19.06,-3.2,0.89,4.98,5.87,112.92,103.81,9.11
104,105,Oklahoma State,Big 12,,8,9,72.4,69.4,3.06,2.69,0.88,4.87,5.75,106.41,98.93,7.48
105,106,Louisiana Tech,CUSA,,12,6,76.1,64.6,11.44,0.65,-0.82,6.0,5.18,104.41,97.06,7.35
106,107,Georgia Tech,ACC,,9,8,74.0,75.2,-1.24,6.39,4.07,1.09,5.16,108.48,101.24,7.24
107,108,Northern Iowa,MVC,,10,8,75.6,71.6,4.0,3.03,2.62,2.28,4.91,110.17,102.9,7.27
108,109,Liberty,CUSA,,12,7,76.2,63.2,13.0,0.37,-0.23,5.1,4.87,111.7,103.81,7.89
109,110,Loyola (IL),A-10,,12,6,73.9,67.7,6.22,1.22,-0.3,5.11,4.81,102.08,95.29,6.79
110,111,Charlotte,AAC,,10,7,69.4,65.2,4.12,3.34,-2.21,6.98,4.78,107.69,100.94,6.74
111,112,California,Pac-12,,6,12,75.3,76.7,-1.33,6.01,5.27,-0.6,4.67,110.54,103.82,6.72
112,113,Santa Clara,WCC,,13,7,75.9,71.7,4.2,2.16,3.03,1.61,4.64,107.54,101.62,5.92
113,114,UCLA,Pac-12,,8,10,64.9,63.9,1.0,4.75,-5.98,10.14,4.16,102.22,96.58,5.64
114,115,Cornell,Ivy,,12,3,84.2,77.1,7.07,-1.99,9.97,-5.89,4.08,113.11,108.1,5.01
115,116,South Florida,AAC,,10,5,76.3,70.5,5.8,-1.82,1.44,2.54,3.98,106.09,101.26,4.83
116,117,UC San Diego,Big West,,11,7,77.1,67.9,9.17,-0.87,0.14,3.67,3.81,108.46,103.22,5.24
117,118,Weber State,Big Sky,,11,7,75.9,63.8,12.11,-1.22,-0.74,4.26,3.51,109.75,104.84,4.91
118,119,West Virginia,Big 12,,6,11,67.6,72.0,-4.41,7.77,1.5,1.86,3.36,105.99,101.3,4.69
119,120,College of Charleston,CAA,,13,5,79.9,74.7,5.28,-0.27,6.76,-3.62,3.14,108.65,104.49,4.16
120,121,Seattle,WAC,,10,8,74.6,66.9,7.67,-1.82,0.03,3.03,3.06,103.86,99.33,4.53
121,122,Notre Dame,ACC,,7,11,62.8,65.1,-2.33,5.32,-6.79,9.77,2.99,99.09,95.19,3.91
122,123,George Washington,A-10,,14,3,82.7,75.2,7.53,-4.24,9.02,-6.2,2.82,104.78,102.01,2.77
123,124,Davidson,A-10,,11,6,72.8,67.9,4.88,1.13,-1.5,4.3,2.8,106.3,102.42,3.88
124,125,Drexel,CAA,,13,6,73.9,64.0,9.95,-3.95,-4.57,7.35,2.77,105.1,100.27,4.83
125,126,Oregon State,Pac-12,,9,8,70.4,70.9,-0.53,5.43,-0.36,2.97,2.61,104.76,101.99,2.77
126,127,Yale,Ivy,,11,6,76.2,67.9,8.29,0.27,0.45,2.02,2.47,106.0,102.69,3.32
127,128,Toledo,MAC,,11,6,79.1,77.2,1.88,0.53,5.71,-3.3,2.41,110.99,107.68,3.31
128,129,Wichita State,AAC,,8,9,74.4,74.9,-0.47,4.7,2.79,-0.46,2.33,104.99,101.59,3.4
129,130,Montana,Big Sky,,11,6,78.6,71.5,7.12,0.25,2.47,-0.23,2.25,108.84,105.44,3.4
130,131,High Point,Big South,,15,4,85.3,73.6,11.68,-4.77,6.73,-4.5,2.24,113.49,110.21,3.28
131,132,Hofstra,CAA,,9,9,75.6,71.4,4.11,0.92,0.16,1.99,2.15,106.21,103.38,2.83
132,133,Oakland,Horizon,,12,8,74.6,73.9,0.7,1.23,2.16,-0.23,1.93,108.1,106.09,2.01
133,134,Vermont,AEC,,14,5,73.6,64.3,9.32,-2.84,-3.15,4.84,1.69,108.06,105.26,2.8
134,135,Tulsa,AAC,,10,7,78.1,69.9,8.18,-4.44,0.67,1.02,1.68,101.08,99.1,1.98
135,136,Western Carolina,Southern,,15,3,76.0,66.0,10.0,-3.19,-1.33,3.01,1.68,105.2,102.48,2.72
136,137,Stephen F. Austin,WAC,,12,6,79.7,70.9,8.78,-2.9,2.26,-0.6,1.66,101.39,99.85,1.55
137,138,Georgetown,Big East,,8,9,71.9,72.7,-0.76,2.25,1.69,-0.21,1.48,108.82,107.67,1.15
138,139,Eastern Washington,Big Sky,,10,7,79.1,72.6,6.53,2.07,4.66,-3.19,1.47,109.7,107.14,2.56
139,140,Loyola Marymount,WCC,,8,10,73.4,70.2,3.17,0.42,-0.67,2.03,1.36,106.91,105.74,1.17
140,141,Hawaii,Big West,,10,8,71.1,66.6,4.5,-1.39,-4.59,5.7,1.11,102.39,101.4,0.99
141,142,Murray State,MVC,,8,10,72.6,69.6,3.0,-0.15,0.96,0.13,1.09,109.01,107.58,1.42
142,143,Delaware,CAA,,11,7,76.0,70.3,5.67,-2.99,0.32,0.75,1.07,105.14,103.46,1.68
143,144,UNC Greensboro,Southern,,13,5,76.8,68.5,8.33,-1.45,-2.4,3.45,1.05,104.55,103.68,0.87
144,145,UC Davis,Big West,,11,7,73.9,67.1,6.83,-3.05,-1.22,2.23,1.01,102.41,101.13,1.28
145,146,Morehead State,OVC,,14,5,77.2,62.7,14.47,-2.17,-2.63,3.6,0.97,105.09,102.88,2.21
146,147,Troy,Sun Belt,,11,7,80.8,69.8,11.0,-2.02,2.96,-2.25,0.71,102.91,102.08,0.84
147,148,UNC Wilmington,CAA,,12,5,81.5,72.2,9.29,-0.31,1.94,-1.25,0.69,108.71,107.88,0.84
148,149,Belmont,MVC,,11,7,78.2,78.0,0.17,2.44,5.25,-4.63,0.62,107.44,106.34,1.1
149,150,Denver,Summit,,12,7,85.3,78.0,7.26,-2.3,8.93,-8.36,0.57,110.7,110.36,0.34
150,151,Missouri State,MVC,,10,8,70.7,69.7,1.0,-0.47,-2.33,2.86,0.54,101.91,101.97,-0.05
151,152,UAB,AAC,,11,6,77.4,75.8,1.59,1.02,2.84,-2.38,0.46,106.81,106.41,0.4
152,153,Furman,Southern,,9,9,82.8,77.5,5.33,-2.43,7.16,-6.72,0.44,106.97,106.48,0.5
153,154,East Carolina,AAC,,9,9,71.4,69.1,2.39,-0.42,-2.13,2.48,0.35,106.11,105.75,0.37
154,155,St. Thomas,Summit,,13,7,73.4,63.1,10.35,-5.02,-5.52,5.74,0.21,104.23,103.34,0.89
155,156,Youngstown State,Horizon,,13,6,80.7,70.6,10.11,-2.0,-0.01,0.21,0.2,103.39,103.25,0.13
156,157,Illinois-Chicago,MVC,,8,10,69.0,65.7,3.28,-0.28,-4.27,4.46,0.19,98.81,99.16,-0.36
157,158,Winthrop,Big South,,13,7,79.2,70.0,9.25,-2.2,1.35,-1.26,0.09,105.41,105.39,0.02
158,159,Louisiana,Sun Belt,,10,8,77.3,72.2,5.11,-1.0,-0.18,0.24,0.06,105.32,105.25,0.07
159,160,Purdue Fort Wayne,Horizon,,13,6,84.4,71.6,12.74,-6.76,5.12,-5.11,0.01,104.9,105.43,-0.54
160,161,Pennsylvania,Ivy,,9,8,76.6,72.2,4.35,1.55,0.43,-0.55,-0.12,106.55,107.09,-0.54
161,162,Louisville,ACC,,6,11,73.6,77.1,-3.53,3.36,2.56,-2.72,-0.17,106.37,107.49,-1.12
162,163,Wright State,Horizon,,9,10,84.7,80.4,4.32,-1.32,10.49,-10.86,-0.38,114.83,115.89,-1.06
163,164,South Dakota State,Summit,,10,9,77.1,73.3,3.74,0.24,3.57,-4.01,-0.45,108.08,108.4,-0.33
164,165,Vanderbilt,SEC,,5,12,67.9,72.2,-4.24,3.73,-3.51,3.0,-0.51,101.98,103.36,-1.38
165,166,Massachusetts-Lowell,AEC,,13,4,81.5,66.9,14.53,-6.67,0.23,-0.75,-0.53,103.34,104.27,-0.93
166,167,Fordham,A-10,,8,9,76.0,74.6,1.35,-1.9,1.6,-2.15,-0.55,99.74,101.13,-1.4
167,168,California Baptist,WAC,,10,7,68.1,63.6,4.53,-3.93,-6.01,5.41,-0.6,102.17,102.72,-0.55
168,169,Rhode Island,A-10,,9,8,73.9,74.3,-0.41,2.21,1.46,-2.06,-0.6,106.86,107.89,-1.03
169,170,Lipscomb,A-Sun,,11,8,81.0,74.8,6.21,-2.56,3.32,-3.94,-0.62,107.92,109.29,-1.37
170,171,Kent State,MAC,,9,8,78.2,73.9,4.29,-1.36,2.05,-2.75,-0.7,105.38,106.83,-1.45
171,172,Western Kentucky,CUSA,,13,5,78.8,73.2,5.61,-2.83,1.75,-2.52,-0.77,97.7,99.26,-1.56
172,173,UC Santa Barbara,Big West,,11,6,79.2,73.0,6.24,-3.84,0.87,-1.78,-0.91,105.06,106.56,-1.49
173,174,San Jose State,MWC,,8,10,75.3,72.8,2.56,-1.02,-0.11,-0.86,-0.96,107.21,108.59,-1.38
174,175,UT Arlington,WAC,,9,9,74.6,74.3,0.22,2.89,2.39,-3.49,-1.11,105.88,107.41,-1.53
175,176,Towson,CAA,,10,8,67.0,65.3,1.67,0.08,-8.08,6.93,-1.16,101.93,103.85,-1.92
176,177,Jacksonville State,CUSA,,10,8,71.6,62.8,8.83,-3.55,-9.13,7.78,-1.35,97.51,99.07,-1.56
177,178,Colgate,Patriot,,10,8,70.6,66.7,3.89,-0.89,-4.31,2.94,-1.36,101.81,104.15,-2.33
178,179,Longwood,Big South,,13,7,75.2,63.6,11.65,-7.36,-5.0,3.59,-1.42,99.41,101.51,-2.1
179,180,Monmouth,CAA,,9,9,70.7,72.4,-1.67,0.21,-1.82,0.36,-1.46,103.0,105.43,-2.42
180,181,Pepperdine,WCC,,9,11,72.6,72.9,-0.35,1.6,-0.45,-1.01,-1.46,104.73,107.23,-2.5
181,182,Saint Louis,A-10,,8,9,73.8,76.2,-2.35,3.26,3.15,-4.64,-1.49,109.14,111.65,-2.51
182,183,Ohio,MAC,,8,9,78.6,71.8,6.82,-3.9,1.88,-3.53,-1.65,107.79,110.21,-2.43
183,184,Arkansas State,Sun Belt,,7,11,78.2,78.8,-0.61,-1.15,2.47,-4.23,-1.76,108.2,109.88,-1.68
184,185,Iona,MAAC,,7,9,71.7,71.0,0.69,-2.55,-2.43,0.58,-1.86,102.31,104.95,-2.64
185,186,Long Beach State,Big West,,12,7,80.1,77.6,2.42,-1.6,5.65,-7.55,-1.89,105.29,108.35,-3.06
186,187,UNC Asheville,Big South,,12,8,81.5,74.6,6.9,-0.52,1.22,-3.26,-2.04,105.81,108.82,-3.01
187,188,Tarleton State,WAC,,11,6,70.0,65.9,4.12,1.17,-4.82,2.77,-2.05,103.69,106.79,-3.1
188,189,Chattanooga,Southern,,11,7,78.3,70.3,8.0,-4.58,-1.04,-1.17,-2.2,103.73,107.2,-3.47
189,190,Bryant,AEC,,11,7,80.0,75.6,4.44,-1.52,1.59,-4.05,-2.46,96.9,100.43,-3.53
190,191,Evansville,MVC,,11,7,76.2,73.6,2.61,-1.16,0.64,-3.16,-2.51,101.31,105.29,-3.98
191,192,Wyoming,MWC,,9,8,72.6,73.5,-0.82,2.92,-2.64,0.03,-2.61,102.0,106.21,-4.21
192,193,Bowling Green State,MAC,,13,4,75.9,69.2,6.71,-5.63,-1.5,-1.14,-2.63,100.42,104.46,-4.04
193,194,Georgia State,Sun Belt,,9,8,79.8,73.8,6.06,-2.25,0.48,-3.13,-2.65,103.78,107.95,-4.17
194,195,San Diego,WCC,,10,9,72.5,75.0,-2.53,0.98,0.1,-2.94,-2.84,100.11,103.93,-3.82
195,196,Temple,AAC,,8,10,70.8,72.7,-1.89,0.91,-1.31,-1.55,-2.86,99.9,104.74,-4.84
196,197,Cleveland State,Horizon,,11,8,76.8,72.9,3.89,-3.71,0.44,-3.43,-2.99,103.97,108.36,-4.39
197,198,Radford,Big South,,11,8,73.6,70.4,3.21,-1.64,-3.85,0.86,-2.99,103.77,108.15,-4.38
198,199,Utah Valley,WAC,,8,10,68.2,70.1,-1.89,1.82,-5.79,2.79,-3.0,96.23,100.34,-4.11
199,200,Cal State Northridge,Big West,,13,5,79.2,72.5,6.67,-6.25,2.38,-5.44,-3.06,99.36,104.37,-5.01
200,201,Saint Peter's,MAAC,,9,5,65.4,63.8,1.64,-4.63,-10.65,7.56,-3.09,97.91,102.18,-4.27
201,202,La Salle,A-10,,10,8,74.8,73.3,1.5,-0.91,1.15,-4.35,-3.2,104.55,109.11,-4.56
202,203,New Hampshire,AEC,,10,7,77.4,73.8,3.53,-2.17,1.69,-4.92,-3.23,101.22,105.72,-4.5
203,204,The Citadel,Southern,,8,10,71.9,68.8,3.17,-1.98,-6.15,2.9,-3.24,102.84,108.13,-5.29
204,205,Green Bay,Horizon,,12,8,68.5,66.8,1.7,-2.49,-6.75,3.43,-3.32,103.02,108.02,-5.01
205,206,Harvard,Ivy,,9,6,72.3,71.9,0.4,-1.88,-1.39,-2.06,-3.45,101.88,106.84,-4.96
206,207,Merrimack,NEC,,9,9,69.1,68.8,0.22,-2.21,-7.76,4.24,-3.52,94.75,100.38,-5.63
207,208,UTEP,CUSA,,10,8,74.6,68.9,5.67,-1.79,-5.05,1.52,-3.53,96.3,101.62,-5.32
208,209,Wofford,Southern,,11,7,78.6,75.5,3.11,-1.49,3.74,-7.36,-3.62,107.83,112.92,-5.09
209,210,Fresno State,MWC,,8,9,69.6,72.6,-2.94,0.15,-3.5,-0.17,-3.66,102.27,107.99,-5.72
210,211,Stetson,A-Sun,,11,8,77.4,70.6,6.74,-0.41,-1.08,-2.58,-3.66,108.24,113.84,-5.6
211,212,Fairfield,MAAC,,10,7,76.3,71.3,5.0,-6.15,-0.35,-3.43,-3.77,102.66,107.97,-5.31
212,213,Northern Kentucky,Horizon,,10,9,74.4,72.5,1.84,-2.77,-1.13,-2.64,-3.77,103.28,109.21,-5.93
213,214,Sam Houston,CUSA,,10,8,72.0,71.4,0.61,-1.05,-1.03,-2.9,-3.93,100.13,105.63,-5.5
214,215,Canisius,MAAC,,7,9,74.9,74.3,0.69,-2.11,-1.62,-2.43,-4.05,101.91,108.21,-6.3
215,216,Air Force,MWC,,7,9,67.5,67.7,-0.19,-4.08,-8.8,4.53,-4.27,99.19,105.87,-6.67
216,217,Oral Roberts,Summit,,8,10,75.8,75.4,0.39,0.26,2.14,-6.48,-4.34,106.37,112.8,-6.43
217,218,Illinois State,MVC,,8,10,66.3,69.1,-2.78,-0.4,-8.99,4.53,-4.46,95.49,102.41,-6.92
218,219,Northeastern,CAA,,7,11,70.2,72.8,-2.61,-1.86,-2.58,-1.89,-4.47,105.0,111.64,-6.63
219,220,Rice,AAC,,6,11,73.7,76.1,-2.41,0.73,-1.98,-2.61,-4.59,102.26,108.58,-6.32
220,221,Quinnipiac,MAAC,,12,4,77.8,71.4,6.38,-6.87,-0.3,-4.31,-4.6,99.61,106.09,-6.48
221,222,Kennesaw State,A-Sun,,12,6,84.3,77.7,6.67,-4.28,6.41,-11.02,-4.61,101.56,107.85,-6.3
222,223,Marshall,Sun Belt,,9,10,76.2,77.4,-1.21,-1.51,0.1,-4.72,-4.62,98.29,104.41,-6.12
223,224,Northern Colorado,Big Sky,,10,7,81.0,79.5,1.53,-3.07,7.02,-11.69,-4.67,107.9,114.4,-6.5
224,225,East Tennessee State,Southern,,9,9,71.4,69.8,1.61,-1.67,-4.2,-0.59,-4.79,99.91,106.79,-6.88
225,226,Southern,SWAC,,9,8,75.4,72.5,2.88,2.66,-1.82,-3.02,-4.84,99.85,105.39,-5.54
226,227,Norfolk State,MEAC,,11,8,75.8,68.1,7.79,-2.75,-5.63,0.61,-5.02,101.37,108.7,-7.33
227,228,Gardner-Webb,Big South,,7,12,73.6,73.3,0.32,0.83,-1.68,-3.37,-5.05,98.28,104.99,-6.71
228,229,Marist,MAAC,,8,6,66.4,62.6,3.71,-8.78,-9.92,4.86,-5.06,96.46,103.19,-6.72
229,230,Miami (OH),MAC,,8,9,74.5,71.0,3.47,-3.32,-2.71,-2.61,-5.32,102.35,109.98,-7.63
230,231,South Alabama,Sun Belt,,10,8,74.1,76.7,-2.56,-0.93,-0.8,-4.54,-5.33,102.55,110.55,-8.0
231,232,Southern Utah,WAC,,6,11,76.9,78.2,-1.29,-0.47,2.9,-8.31,-5.41,105.01,112.8,-7.78
232,233,Abilene Christian,WAC,,6,11,74.8,76.4,-1.53,-0.74,-0.91,-4.64,-5.55,99.67,107.39,-7.72
233,234,Eastern Kentucky,A-Sun,,8,9,81.5,76.7,4.76,0.01,-1.74,-3.82,-5.56,101.53,108.81,-7.27
234,235,Stony Brook,CAA,,9,9,70.7,72.2,-1.44,-1.64,-2.8,-2.78,-5.58,101.86,109.48,-7.62
235,236,SIU Edwardsville,OVC,,11,8,71.7,68.4,3.32,-3.82,-6.28,0.65,-5.63,101.03,109.3,-8.27
236,237,Montana State,Big Sky,,8,9,73.9,73.6,0.35,-2.08,-5.11,-0.61,-5.72,97.7,105.85,-8.15
237,238,Austin Peay,A-Sun,,9,10,69.1,67.8,1.21,-0.99,-7.33,1.59,-5.74,98.36,107.15,-8.79
238,239,Omaha,Summit,,10,10,74.6,70.6,4.0,-4.25,-2.74,-3.0,-5.75,102.71,110.81,-8.09
239,240,Columbia,Ivy,,9,6,80.8,70.6,10.2,-4.92,-0.46,-5.3,-5.76,104.1,111.87,-7.77
240,241,DePaul,Big East,,3,14,65.5,78.6,-13.12,7.33,-3.58,-2.22,-5.79,100.63,109.08,-8.45
241,242,Nicholls State,Southland,,8,9,73.9,76.0,-2.06,0.49,-0.67,-5.12,-5.8,99.39,107.66,-8.27
242,243,Northern Illinois,MAC,,6,11,77.3,79.6,-2.29,3.18,1.74,-7.57,-5.82,103.21,111.65,-8.43
243,244,Cal State Fullerton,Big West,,8,10,67.2,69.1,-1.89,1.23,-7.67,1.78,-5.9,96.73,105.09,-8.35
244,245,Albany (NY),AEC,,10,8,78.1,75.8,2.28,-6.09,2.54,-8.51,-5.98,101.43,110.14,-8.7
245,246,Mount St. Mary's,MAAC,,6,10,73.0,71.9,1.06,-7.07,-1.0,-5.01,-6.01,99.97,108.7,-8.73
246,247,Old Dominion,Sun Belt,,5,13,72.1,77.2,-5.11,0.16,-1.8,-4.28,-6.08,99.72,108.2,-8.48
247,248,New Mexico State,CUSA,,8,10,70.3,71.8,-1.5,3.7,-5.11,-0.98,-6.09,98.9,108.18,-9.28
248,249,Florida International,CUSA,,7,12,76.3,75.7,0.58,-1.78,-0.43,-5.79,-6.22,98.98,107.49,-8.51
249,250,Lamar,Southland,,9,8,81.4,76.9,4.53,-6.43,1.96,-8.25,-6.29,103.18,112.07,-8.89
250,251,Texas State,Sun Belt,,7,11,70.0,71.2,-1.22,0.72,-8.55,2.21,-6.34,94.78,103.62,-8.84
251,252,Maine,AEC,,8,10,68.3,67.1,1.17,-4.54,-8.72,2.36,-6.36,96.31,105.46,-9.15
252,253,North Carolina Central,MEAC,,10,7,76.5,67.5,9.0,-1.98,-5.02,-1.35,-6.37,98.89,108.73,-9.84
253,254,Milwaukee,Horizon,,9,9,78.1,79.1,-1.0,-2.34,3.37,-9.77,-6.4,106.9,116.38,-9.48
254,255,Little Rock,OVC,,9,10,79.6,80.5,-0.89,-5.53,4.25,-10.67,-6.42,104.83,113.82,-8.99
255,256,Ball State,MAC,,9,8,74.0,69.6,4.35,-4.58,-5.26,-1.19,-6.45,102.26,111.81,-9.56
256,257,Central Connecticut State,NEC,,9,7,73.7,66.4,7.25,-6.33,-4.72,-1.75,-6.48,99.14,108.25,-9.11
257,258,Cal State Bakersfield,Big West,,6,11,69.8,70.4,-0.59,-0.48,-6.0,-0.55,-6.55,98.66,109.2,-10.54
258,259,Tennessee State,OVC,,10,9,76.8,71.9,4.84,-5.19,-2.47,-4.25,-6.72,99.36,108.76,-9.4
259,260,North Dakota State,Summit,,8,11,78.3,75.8,2.42,-0.29,0.47,-7.26,-6.79,104.97,115.21,-10.24
260,261,Southern Mississippi,Sun Belt,,10,8,70.2,71.0,-0.83,-2.56,-4.84,-1.97,-6.81,97.51,107.7,-10.19
261,262,Western Michigan,MAC,,7,10,74.4,76.2,-1.88,-1.34,-1.05,-5.79,-6.84,101.47,111.55,-10.08
262,263,Mercer,Southern,,8,10,69.4,70.5,-1.06,-2.94,-7.6,0.72,-6.88,97.15,107.21,-10.06
263,264,UC Riverside,Big West,,7,12,68.2,72.1,-3.89,0.51,-5.67,-1.3,-6.96,98.37,108.55,-10.19
264,265,North Alabama,A-Sun,,7,11,76.2,75.2,1.0,-3.47,0.11,-7.26,-7.15,100.64,110.47,-9.82
265,266,Portland State,Big Sky,,11,7,71.3,70.4,0.89,-3.79,-4.37,-2.83,-7.19,95.83,105.81,-9.98
266,267,Texas A&M-Corpus Christi,Southland,,10,7,77.0,67.5,9.53,-4.34,-4.9,-2.29,-7.19,96.67,106.03,-9.36
267,268,Valparaiso,MVC,,5,13,67.0,71.4,-4.39,-0.25,-7.18,-0.01,-7.2,96.07,106.54,-10.48
268,269,Brown,Ivy,,5,12,69.8,71.8,-2.06,-2.48,-4.9,-2.33,-7.23,97.18,107.83,-10.65
269,270,North Florida,A-Sun,,10,9,77.4,74.2,3.16,-2.88,-3.05,-4.21,-7.26,103.98,113.23,-9.25
270,271,Western Illinois,OVC,,12,6,71.4,65.8,5.61,-4.12,-8.76,1.49,-7.27,95.45,105.41,-9.96
271,272,Utah Tech,WAC,,7,10,69.8,75.5,-5.71,-0.52,-3.22,-4.1,-7.33,95.93,106.31,-10.38
272,273,Howard,MEAC,,8,11,75.9,77.2,-1.21,-3.34,0.54,-7.88,-7.34,104.31,114.87,-10.55
273,274,Robert Morris,Horizon,,7,12,75.7,76.1,-0.42,-3.53,-0.43,-7.04,-7.47,100.8,111.35,-10.56
274,275,American,Patriot,,10,8,73.2,71.7,1.44,-7.3,-4.13,-3.34,-7.48,105.93,117.07,-11.14
275,276,Jackson State,SWAC,,7,9,70.6,78.7,-8.06,0.58,-2.1,-5.39,-7.48,98.45,108.36,-9.91
276,277,Tennessee-Martin,OVC,,10,9,81.9,79.6,2.37,-3.7,4.4,-12.23,-7.83,101.6,112.78,-11.18
277,278,Alabama State,SWAC,,9,9,70.8,70.4,0.44,-0.9,-9.67,1.64,-8.04,91.32,102.19,-10.87
278,279,Middle Tennessee,CUSA,,6,12,62.4,66.2,-3.72,-0.27,-13.54,5.15,-8.39,89.56,102.46,-12.89
279,280,Bucknell,Patriot,,6,12,65.0,71.3,-6.33,-2.08,-7.36,-1.05,-8.41,98.14,110.97,-12.83
280,281,Idaho State,Big Sky,,7,11,68.2,67.9,0.22,-3.08,-7.69,-0.77,-8.46,99.37,111.71,-12.34
281,282,Florida Gulf Coast,A-Sun,,7,12,69.2,72.7,-3.58,-1.43,-7.53,-0.96,-8.49,99.85,112.61,-12.76
282,283,Coastal Carolina,Sun Belt,,5,12,76.1,77.2,-1.06,-2.98,-2.78,-5.8,-8.58,98.35,110.69,-12.34
283,284,Navy,Patriot,,7,9,68.6,65.8,2.75,-7.66,-8.43,-0.16,-8.6,94.56,107.56,-13.0
284,285,Lehigh,Patriot,,4,12,73.9,74.1,-0.19,-2.69,-2.27,-6.35,-8.62,96.05,108.23,-12.18
285,286,UTSA,AAC,,7,11,79.2,81.7,-2.5,-4.03,3.94,-12.56,-8.62,103.45,115.55,-12.09
286,287,Idaho,Big Sky,,7,10,69.9,69.7,0.18,-2.83,-7.01,-1.62,-8.63,97.91,111.11,-13.21
287,288,Niagara,MAAC,,7,9,75.9,75.4,0.5,-5.98,0.11,-8.82,-8.71,105.6,118.21,-12.61
288,289,Kansas City,Summit,,7,12,71.7,71.3,0.42,-2.6,-3.71,-5.08,-8.79,98.45,111.48,-13.03
289,290,Chicago State,Ind,,9,15,64.7,70.6,-5.88,-3.05,-9.41,0.49,-8.93,95.36,108.56,-13.2
290,291,Sacred Heart,NEC,,9,10,73.6,72.2,1.42,-6.59,-4.23,-5.07,-9.3,96.58,109.65,-13.07
291,292,Campbell,CAA,,9,9,68.9,65.3,3.56,-6.7,-10.74,1.04,-9.7,93.91,108.07,-14.17
292,293,Portland,WCC,,7,11,72.8,79.0,-6.17,-0.49,-2.51,-7.41,-9.92,99.15,113.83,-14.69
293,294,Rider,MAAC,,5,12,71.6,76.8,-5.18,-1.61,-3.73,-6.26,-9.99,97.18,111.2,-14.02
294,295,Sacramento State,Big Sky,,6,12,70.3,72.0,-1.72,-0.8,-8.5,-1.55,-10.05,96.82,111.53,-14.71
295,296,Boston University,Patriot,,7,11,64.3,65.7,-1.39,-6.25,-10.65,0.52,-10.13,91.57,106.53,-14.96
296,297,Southeastern Louisiana,Southland,,6,11,67.6,71.7,-4.06,1.07,-10.28,0.14,-10.14,96.43,110.45,-14.02
297,298,Presbyterian,Big South,,9,11,76.9,73.6,3.25,-6.16,-4.51,-5.65,-10.16,97.55,112.13,-14.58
298,299,Elon,CAA,,8,10,77.5,76.9,0.56,-4.23,-1.71,-8.46,-10.17,101.97,116.89,-14.92
299,300,Texas Southern,SWAC,,4,11,65.8,73.5,-7.73,0.61,-10.77,0.53,-10.25,89.52,104.04,-14.52
300,301,Central Michigan,MAC,,8,9,66.9,73.7,-6.76,-1.67,-6.86,-3.5,-10.36,97.23,111.93,-14.7
301,302,South Carolina Upstate,Big South,,6,11,72.3,73.1,-0.76,-1.46,-4.85,-5.6,-10.46,98.55,113.69,-15.14
302,303,Eastern Illinois,OVC,,8,10,70.0,67.2,2.78,-1.6,-9.45,-1.08,-10.53,93.97,109.62,-15.65
303,304,Queens (NC),A-Sun,,7,12,78.8,82.2,-3.42,-0.17,0.29,-10.93,-10.64,97.38,111.39,-14.0
304,305,Lafayette,Patriot,,6,12,60.9,67.8,-6.94,-2.36,-12.22,1.56,-10.66,88.83,104.4,-15.56
305,306,North Dakota,Summit,,10,10,73.7,72.5,1.25,-5.55,-5.89,-4.78,-10.67,97.66,113.03,-15.38
306,307,Bellarmine,A-Sun,,4,15,67.1,73.0,-5.89,2.13,-9.47,-1.27,-10.75,96.61,112.84,-16.23
307,308,Texas-Rio Grande Valley,WAC,,6,12,75.3,80.2,-4.94,-0.92,-0.86,-9.99,-10.85,94.62,108.75,-14.13
308,309,Binghamton,AEC,,8,8,74.4,73.5,0.94,-4.45,-3.36,-7.87,-11.24,96.76,112.39,-15.63
309,310,Delaware State,MEAC,,9,9,71.9,72.9,-1.0,-5.29,-6.44,-4.97,-11.41,91.57,107.65,-16.09
310,311,Texas A&M-Commerce,Southland,,6,10,73.9,74.3,-0.44,2.88,-9.29,-2.15,-11.43,91.44,108.33,-16.89
311,312,South Dakota,Summit,,9,10,75.6,76.2,-0.53,-4.31,-2.67,-8.9,-11.56,97.78,113.9,-16.12
312,313,Wagner,NEC,,8,7,64.5,62.1,2.33,-7.82,-14.35,2.76,-11.59,92.96,109.56,-16.6
313,314,William & Mary,CAA,,7,11,73.6,72.8,0.78,-6.07,-3.95,-7.75,-11.7,102.0,119.19,-17.19
314,315,Maryland-Baltimore County,AEC,,6,13,77.7,82.6,-4.89,-5.65,3.35,-15.23,-11.88,99.69,116.12,-16.43
315,316,Jacksonville,A-Sun,,10,8,74.2,74.6,-0.44,-3.45,-4.62,-8.1,-12.72,97.09,114.33,-17.24
316,317,New Orleans,Southland,,7,10,75.4,77.2,-1.82,-1.04,-2.56,-10.18,-12.73,95.27,112.83,-17.56
317,318,Cal Poly,Big West,,4,14,63.9,73.6,-9.67,-1.49,-10.43,-2.36,-12.79,90.72,109.57,-18.85
318,319,Buffalo,MAC,,2,15,67.6,79.1,-11.47,-0.28,-7.71,-5.13,-12.84,93.99,112.21,-18.22
319,320,Southern Indiana,OVC,,5,14,67.1,71.4,-4.26,-2.05,-10.26,-2.67,-12.93,87.46,105.92,-18.45
320,321,Eastern Michigan,MAC,,8,9,67.5,74.4,-6.88,-4.1,-8.28,-4.81,-13.1,95.83,114.97,-19.14
321,322,Le Moyne,NEC,,6,11,73.1,72.9,0.18,-5.09,-6.94,-6.29,-13.23,96.19,115.23,-19.04
322,323,Prairie View,SWAC,,6,10,69.9,77.3,-7.38,-1.01,-7.32,-5.98,-13.3,90.16,107.87,-17.71
323,324,Grambling,SWAC,,6,11,65.5,73.2,-7.76,0.81,-12.61,-0.79,-13.41,92.17,112.01,-19.84
324,325,Charleston Southern,Big South,,6,11,70.6,75.1,-4.47,-0.9,-8.96,-4.52,-13.48,96.58,116.35,-19.77
325,326,Georgia Southern,Sun Belt,,3,15,69.1,79.6,-10.56,-3.03,-5.64,-7.95,-13.58,95.62,114.91,-19.29
326,327,Louisiana-Monroe,Sun Belt,,4,12,67.1,73.2,-6.06,-1.5,-11.25,-2.61,-13.85,92.27,112.79,-20.53
327,328,Army,Patriot,,5,13,61.0,63.7,-2.72,-8.16,-15.99,2.07,-13.91,88.3,109.14,-20.84
328,329,Bethune-Cookman,SWAC,,7,9,74.5,75.6,-1.06,-5.06,-4.83,-9.16,-13.99,92.58,111.84,-19.26
329,330,North Carolina A&T,CAA,,5,13,69.6,81.1,-11.56,-2.62,-2.64,-11.53,-14.17,99.1,119.02,-19.92
330,331,Northern Arizona,Big Sky,,8,10,65.6,76.9,-11.33,-2.85,-9.62,-4.56,-14.18,91.43,112.22,-20.79
331,332,Central Arkansas,A-Sun,,7,13,72.6,76.4,-3.75,-3.98,-5.45,-8.76,-14.21,96.04,115.97,-19.93
332,333,NJIT,AEC,,4,12,69.8,75.3,-5.44,-3.34,-8.7,-5.51,-14.21,92.95,113.69,-20.74
333,334,Alcorn State,SWAC,,2,14,68.4,84.8,-16.38,3.77,-3.41,-10.82,-14.23,99.28,118.93,-19.65
334,335,Fairleigh Dickinson,NEC,,8,11,78.2,79.5,-1.32,-6.89,-1.63,-12.73,-14.36,96.57,115.87,-19.3
335,336,Tennessee Tech,OVC,,7,12,69.6,76.2,-6.58,-3.93,-10.25,-4.31,-14.55,93.61,114.47,-20.85
336,337,Dartmouth,Ivy,,4,11,60.6,69.2,-8.6,-1.3,-15.15,0.3,-14.84,86.43,108.53,-22.1
337,338,South Carolina State,MEAC,,4,14,71.4,82.6,-11.17,-0.72,-4.12,-10.73,-14.85,94.03,113.85,-19.83
338,339,Loyola (MD),Patriot,,3,15,65.3,73.8,-8.56,-4.26,-11.41,-3.91,-15.32,90.49,112.52,-22.03
339,340,Florida A&M,SWAC,,2,12,65.6,82.6,-16.93,6.11,-10.04,-5.52,-15.55,92.2,114.43,-22.23
340,341,Incarnate Word,Southland,,5,11,73.5,78.5,-5.0,-6.38,-5.75,-9.91,-15.66,95.11,116.22,-21.1
341,342,Manhattan,MAAC,,4,11,64.7,76.3,-11.67,-2.55,-9.82,-6.09,-15.91,89.42,111.53,-22.11
342,343,Saint Francis (PA),NEC,,5,12,65.6,72.6,-7.0,-4.25,-12.39,-4.26,-16.65,89.43,114.23,-24.8
343,344,Arkansas-Pine Bluff,SWAC,,6,10,83.4,85.9,-2.5,-0.06,2.56,-19.46,-16.9,99.63,121.72,-22.09
344,345,Houston Christian,Southland,,3,12,70.1,81.9,-11.73,1.94,-6.99,-10.15,-17.14,88.13,109.93,-21.8
345,346,Lindenwood,OVC,,7,11,66.1,71.7,-5.61,-5.45,-11.12,-6.07,-17.19,88.67,113.04,-24.37
346,347,Pacific,WCC,,6,14,66.8,77.0,-10.15,-4.0,-8.21,-9.07,-17.27,91.58,116.95,-25.37
347,348,Alabama A&M,SWAC,,3,15,69.1,83.3,-14.22,-3.33,-6.88,-10.67,-17.55,91.44,115.33,-23.89
348,349,Maryland-Eastern Shore,MEAC,,4,11,64.9,73.4,-8.47,-1.98,-10.83,-6.77,-17.6,88.68,114.94,-26.26
349,350,Northwestern State,Southland,,4,13,70.2,79.8,-9.59,-2.14,-8.25,-9.5,-17.74,92.44,117.69,-25.25
350,351,Detroit Mercy,Horizon,,0,19,62.9,79.3,-16.32,-1.46,-10.95,-6.82,-17.78,89.36,115.12,-25.77
351,352,Hampton,CAA,,4,14,76.1,77.9,-1.78,-4.75,-6.28,-11.6,-17.89,90.98,116.33,-25.35
352,353,Holy Cross,Patriot,,4,14,65.7,75.7,-10.0,-6.09,-10.25,-8.08,-18.33,94.49,121.45,-26.96
353,354,Morgan State,MEAC,,4,14,71.2,78.6,-7.44,-0.5,-6.56,-11.94,-18.5,91.34,117.6,-26.26
354,355,IUPUI,Horizon,,6,14,67.0,77.6,-10.6,-4.31,-10.91,-8.1,-19.01,91.33,119.27,-27.94
355,356,Southeast Missouri State,OVC,,6,12,69.4,74.6,-5.17,-4.45,-9.12,-10.27,-19.38,89.33,116.65,-27.32
356,357,Siena,MAAC,,3,13,62.4,78.1,-15.69,-3.83,-13.88,-5.64,-19.52,85.87,113.89,-28.03
357,358,Coppin State,MEAC,,2,14,54.5,71.0,-16.5,-3.4,-19.75,-0.15,-19.9,78.66,107.3,-28.64
358,359,Stonehill,NEC,,2,17,63.6,78.8,-15.26,-2.3,-11.2,-8.72,-19.92,88.2,115.38,-27.19
359,360,Long Island University,NEC,,3,12,63.4,79.6,-16.2,-3.79,-10.42,-9.56,-19.99,86.31,113.69,-27.38
360,361,VMI,Southern,,3,15,70.6,80.6,-10.06,-3.17,-7.13,-13.97,-21.1,87.7,115.78,-28.09
361,362,Mississippi Valley State,SWAC,,0,17,51.1,82.3,-31.18,3.66,-19.24,-8.28,-27.52,81.8,124.28,-42.48
