,Rk,School,G,W,L,W_L_Pct,SRS,SOS,W_Conf,L_Conf,W_Home,L_Home,W_Away,L_Away,Pts_Tm,Pts_Opp,MP,FG,FGA,FG_Pct,3P,3PA,3P_Pct,FT,FTA,FT_Pct,ORB,TRB,AST,STL,BLK,TOV,PF
0,1,Abilene Christian,17,6,11,0.353,-5.55,-0.74,1.0,5.0,3,3,1,7,1272,1298,690,439,1016,0.432,94,278,0.338,300,413,0.726,162,566,231,133,26,219,351
1,2,Air Force,16,7,9,0.438,-4.27,-4.08,0.0,4.0,4,5,3,3,1080,1083,650,377,829,0.455,134,366,0.366,192,281,0.683,120,498,237,115,76,203,275
2,3,Akron,17,13,4,0.765,5.92,-0.34,5.0,0.0,8,0,4,1,1311,1116,685,464,980,0.473,152,424,0.358,231,320,0.722,178,615,254,111,45,199,265
3,4,Alabama,17,12,5,0.706,24.85,8.56,4.0,0.0,8,1,2,1,1534,1257,680,511,1042,0.49,199,501,0.397,313,398,0.786,204,671,270,128,73,204,309
4,5,Alabama A&M,18,3,15,0.167,-17.55,-3.33,2.0,3.0,1,4,2,9,1244,1500,725,419,1012,0.414,79,274,0.288,327,458,0.714,211,629,181,135,70,299,388
5,6,Alabama State,18,9,9,0.5,-8.04,-0.9,4.0,1.0,4,2,2,7,1275,1267,725,458,1188,0.386,131,433,0.303,228,315,0.724,243,712,209,168,67,202,346
6,7,Albany (NY),18,10,8,0.556,-5.98,-6.09,2.0,1.0,6,1,4,6,1405,1364,720,505,1135,0.445,131,404,0.324,264,372,0.71,221,676,238,154,60,256,342
7,8,Alcorn State,16,2,14,0.125,-14.23,3.77,1.0,2.0,1,0,1,14,1095,1357,640,401,975,0.411,76,242,0.314,217,325,0.668,194,552,161,117,25,191,293
8,9,American,18,10,8,0.556,-7.48,-7.3,4.0,1.0,6,1,4,7,1317,1291,725,474,1023,0.463,171,472,0.362,196,280,0.7,176,610,271,112,32,200,314
9,10,Appalachian State,18,14,4,0.778,5.96,-1.85,5.0,1.0,7,0,4,3,1380,1141,730,524,1122,0.467,120,398,0.302,212,323,0.656,204,767,279,115,119,194,249
10,11,Arizona,17,13,4,0.765,29.09,10.03,4.0,2.0,9,0,2,2,1541,1217,690,564,1150,0.49,136,359,0.379,277,385,0.719,243,757,331,163,58,215,275
11,12,Arizona State,17,10,7,0.588,6.6,8.13,4.0,2.0,7,1,2,2,1174,1200,680,412,982,0.42,120,381,0.315,230,362,0.635,132,578,205,141,73,183,264
12,13,Arkansas,17,10,7,0.588,7.22,6.4,1.0,3.0,9,2,0,2,1333,1319,690,445,980,0.454,110,332,0.331,333,465,0.716,151,627,197,91,114,205,340
13,14,Arkansas State,18,7,11,0.389,-1.76,-1.15,3.0,3.0,5,2,1,8,1408,1419,720,485,1110,0.437,183,517,0.354,255,362,0.704,219,678,276,95,80,223,332
14,15,Arkansas-Pine Bluff,16,6,10,0.375,-16.9,-0.06,1.0,2.0,4,3,2,7,1334,1374,640,448,994,0.451,178,470,0.379,260,340,0.765,143,544,256,120,39,210,306
15,16,Army,18,5,13,0.278,-13.91,-8.16,1.0,4.0,4,6,1,7,1098,1147,725,401,1004,0.399,150,468,0.321,146,257,0.568,192,628,235,117,73,229,278
16,17,Auburn,17,15,2,0.882,21.45,3.27,4.0,0.0,9,0,2,1,1425,1116,680,489,1046,0.467,136,407,0.334,311,410,0.759,207,674,314,130,96,171,309
17,18,Austin Peay,19,9,10,0.474,-5.74,-0.99,2.0,2.0,6,1,2,8,1312,1289,765,484,1143,0.423,142,420,0.338,202,304,0.664,201,658,215,146,67,175,335
18,19,Ball State,17,9,8,0.529,-6.45,-4.58,1.0,4.0,7,2,2,5,1258,1184,680,428,929,0.461,129,352,0.366,273,360,0.758,160,583,199,92,52,205,251
19,20,Baylor,17,14,3,0.824,20.86,5.55,3.0,1.0,10,0,1,1,1441,1170,690,513,1035,0.496,151,374,0.404,264,367,0.719,211,620,266,117,65,194,284
20,21,Bellarmine,19,4,15,0.211,-10.75,2.13,0.0,4.0,3,4,1,11,1275,1387,760,466,1104,0.422,146,432,0.338,197,247,0.798,152,611,259,104,41,197,287
21,22,Belmont,18,11,7,0.611,0.62,2.44,4.0,3.0,7,1,3,5,1407,1404,725,508,1054,0.482,154,412,0.374,237,334,0.71,133,601,266,145,50,241,274
22,23,Bethune-Cookman,16,7,9,0.438,-13.99,-5.06,2.0,1.0,6,1,1,6,1192,1209,645,427,993,0.43,93,316,0.294,245,339,0.723,194,564,209,189,48,245,343
23,24,Binghamton,16,8,8,0.5,-11.24,-4.45,0.0,3.0,6,1,2,7,1191,1176,640,439,949,0.463,91,295,0.308,222,339,0.655,176,631,236,80,74,194,264
24,25,Boise State,17,12,5,0.706,12.55,7.22,3.0,1.0,8,1,2,1,1257,1104,680,441,973,0.453,123,366,0.336,252,351,0.718,185,633,214,103,39,205,276
25,26,Boston College,17,11,6,0.647,8.56,3.38,2.0,4.0,7,2,3,2,1326,1238,685,487,1050,0.464,137,376,0.364,215,286,0.752,161,598,240,111,69,166,270
26,27,Boston University,18,7,11,0.389,-10.13,-6.25,2.0,3.0,4,4,3,7,1157,1182,720,410,1025,0.4,138,427,0.323,199,306,0.65,175,648,218,125,42,216,308
27,28,Bowling Green State,17,13,4,0.765,-2.63,-5.63,4.0,1.0,8,1,3,2,1291,1177,685,455,1017,0.447,124,395,0.314,257,386,0.666,177,650,195,109,48,193,271
28,29,Bradley,18,13,5,0.722,9.35,2.0,5.0,2.0,7,2,4,2,1339,1192,730,486,1039,0.468,156,427,0.365,211,310,0.681,185,641,245,140,68,227,302
29,30,Brigham Young,17,14,3,0.824,25.41,3.35,2.0,2.0,10,1,1,2,1457,1082,680,533,1117,0.477,211,570,0.37,180,246,0.732,216,721,357,116,51,183,295
30,31,Brown,17,5,12,0.294,-7.23,-2.48,1.0,1.0,2,4,2,6,1186,1221,691,418,1005,0.416,127,393,0.323,223,351,0.635,211,655,208,110,81,223,288
31,32,Bryant,18,11,7,0.611,-2.46,-1.52,3.0,0.0,5,1,5,6,1440,1360,730,524,1156,0.453,173,484,0.357,219,332,0.66,134,677,276,132,116,212,311
32,33,Bucknell,18,6,12,0.333,-8.41,-2.08,3.0,2.0,2,6,4,6,1170,1284,720,408,947,0.431,141,415,0.34,213,278,0.766,138,552,216,109,56,236,311
33,34,Buffalo,17,2,15,0.118,-12.84,-0.28,1.0,4.0,1,7,1,6,1150,1345,680,416,999,0.416,107,416,0.257,211,297,0.71,205,623,206,106,74,269,256
34,35,Butler,18,11,7,0.611,12.99,7.17,2.0,5.0,8,2,1,4,1444,1319,740,519,1135,0.457,149,417,0.357,257,327,0.786,187,660,276,118,68,193,250
35,36,Cal Poly,18,4,14,0.222,-12.79,-1.49,0.0,6.0,3,5,0,8,1151,1325,735,409,1009,0.405,98,317,0.309,235,330,0.712,166,575,169,105,73,227,348
36,37,Cal State Bakersfield,17,6,11,0.353,-6.55,-0.48,1.0,5.0,5,2,0,8,1187,1197,690,449,1031,0.435,76,253,0.3,213,309,0.689,218,603,181,117,62,198,332
37,38,Cal State Fullerton,18,8,10,0.444,-5.9,1.23,1.0,5.0,4,3,3,6,1210,1244,725,412,973,0.423,109,340,0.321,277,386,0.718,166,596,162,123,48,237,324
38,39,Cal State Northridge,18,13,5,0.722,-3.06,-6.25,4.0,2.0,7,2,6,3,1425,1305,720,523,1120,0.467,89,284,0.313,290,425,0.682,231,756,250,157,61,265,372
39,40,California,18,6,12,0.333,4.67,6.01,2.0,5.0,5,5,1,3,1356,1380,735,476,1099,0.433,161,469,0.343,243,340,0.715,202,666,220,104,50,218,320
40,41,California Baptist,17,10,7,0.588,-0.6,-3.93,3.0,3.0,8,3,2,4,1158,1081,680,398,965,0.412,108,352,0.307,254,384,0.661,219,663,178,82,47,205,267
41,42,Campbell,18,9,9,0.5,-9.7,-6.7,3.0,2.0,7,3,2,6,1240,1176,725,433,941,0.46,114,357,0.319,260,356,0.73,135,586,226,120,47,214,276
42,43,Canisius,16,7,9,0.438,-4.05,-2.11,2.0,4.0,4,2,1,6,1199,1188,645,434,985,0.441,135,370,0.365,196,304,0.645,198,601,211,101,49,211,281
43,44,Central Arkansas,20,7,13,0.35,-14.21,-3.98,3.0,1.0,4,5,3,8,1452,1527,800,509,1224,0.416,172,487,0.353,262,357,0.734,226,732,278,148,70,262,350
44,45,Central Connecticut State,16,9,7,0.563,-6.48,-6.33,3.0,0.0,4,2,5,5,1179,1063,640,441,962,0.458,100,320,0.313,197,276,0.714,153,555,242,134,84,184,224
45,46,Central Florida,16,11,5,0.688,11.48,1.85,2.0,2.0,8,3,1,2,1195,1041,645,417,978,0.426,113,358,0.316,248,358,0.693,217,636,198,147,90,208,278
46,47,Central Michigan,17,8,9,0.471,-10.36,-1.67,3.0,2.0,4,2,3,6,1138,1253,680,427,978,0.437,115,346,0.332,169,256,0.66,169,555,205,110,52,222,278
47,48,Charleston Southern,17,6,11,0.353,-13.48,-0.9,2.0,2.0,5,3,1,8,1201,1277,680,413,938,0.44,130,353,0.368,245,320,0.766,142,561,196,64,52,210,285
48,49,Charlotte,17,10,7,0.588,4.78,3.34,4.0,1.0,7,1,2,4,1179,1109,690,427,940,0.454,112,352,0.318,213,285,0.747,148,553,235,110,61,164,267
49,50,Chattanooga,18,11,7,0.611,-2.2,-4.58,3.0,2.0,8,2,3,5,1409,1265,730,488,1068,0.457,187,551,0.339,246,334,0.737,179,690,252,118,75,221,298
50,51,Chicago State,24,9,15,0.375,-8.93,-3.05,,,3,5,5,9,1553,1694,965,531,1314,0.404,135,456,0.296,356,508,0.701,278,766,233,207,65,325,430
51,52,Cincinnati,17,13,4,0.765,16.7,3.64,2.0,2.0,11,1,2,2,1351,1129,690,502,1100,0.456,131,377,0.347,216,322,0.671,238,716,282,108,72,194,241
52,53,Clemson,17,12,5,0.706,14.67,7.2,2.0,4.0,7,2,2,3,1375,1248,690,502,1046,0.48,146,408,0.358,225,294,0.765,178,644,268,82,82,173,270
53,54,Cleveland State,19,11,8,0.579,-2.99,-3.71,4.0,4.0,9,0,2,8,1460,1386,765,521,1197,0.435,140,389,0.36,278,421,0.66,265,687,241,170,89,205,363
54,55,Coastal Carolina,17,5,12,0.294,-8.58,-2.98,2.0,4.0,4,9,1,3,1294,1312,685,480,1064,0.451,112,353,0.317,222,356,0.624,224,714,230,105,67,228,288
55,56,Colgate,18,10,8,0.556,-1.36,-0.89,4.0,1.0,4,2,4,5,1270,1200,720,467,1052,0.444,150,420,0.357,186,267,0.697,174,660,270,124,53,208,253
56,57,College of Charleston,18,13,5,0.722,3.14,-0.27,4.0,1.0,8,1,4,1,1439,1344,720,497,1165,0.427,178,563,0.316,267,365,0.732,239,730,261,109,56,198,282
57,58,Colorado,18,13,5,0.722,15.04,5.48,4.0,3.0,11,0,0,4,1450,1278,725,521,1039,0.501,121,309,0.392,287,372,0.772,186,677,305,118,42,243,270
58,59,Colorado State,17,14,3,0.824,16.32,6.85,2.0,2.0,9,1,2,2,1385,1166,685,500,970,0.515,141,374,0.377,244,321,0.76,126,556,334,122,58,180,286
59,60,Columbia,15,9,6,0.6,-5.76,-4.92,0.0,2.0,7,1,2,5,1212,1059,600,430,910,0.473,130,339,0.383,222,287,0.774,150,566,275,121,30,179,237
60,61,Connecticut,18,16,2,0.889,20.03,2.7,6.0,1.0,10,0,2,2,1474,1162,720,528,1061,0.498,156,440,0.355,262,360,0.728,219,694,327,118,98,188,309
61,62,Coppin State,16,2,14,0.125,-19.9,-3.4,1.0,1.0,2,2,0,11,872,1136,645,320,869,0.368,68,271,0.251,164,237,0.692,151,486,130,135,47,261,264
62,63,Cornell,15,12,3,0.8,4.08,-1.99,2.0,0.0,5,0,5,3,1263,1157,600,459,911,0.504,147,429,0.343,198,277,0.715,140,534,274,130,32,205,266
63,64,Creighton,18,13,5,0.722,19.68,6.9,4.0,3.0,8,1,4,3,1407,1177,725,511,1058,0.483,183,517,0.354,202,266,0.759,161,708,291,65,70,201,197
64,65,Dartmouth,15,4,11,0.267,-14.84,-1.3,0.0,2.0,4,2,0,9,909,1038,600,322,812,0.397,99,370,0.268,166,237,0.7,111,516,165,67,48,188,215
65,66,Davidson,17,11,6,0.647,2.8,1.13,1.0,3.0,7,2,2,3,1238,1155,685,426,958,0.445,141,420,0.336,245,345,0.71,165,596,222,113,43,182,256
66,67,Dayton,16,14,2,0.875,14.3,5.68,4.0,0.0,8,0,3,1,1171,1033,640,391,827,0.473,152,385,0.395,237,322,0.736,140,539,238,92,72,171,206
67,68,Delaware,18,11,7,0.611,1.07,-2.99,3.0,2.0,4,2,5,3,1368,1266,725,502,1076,0.467,130,377,0.345,234,322,0.727,169,640,266,115,49,190,281
68,69,Delaware State,18,9,9,0.5,-11.41,-5.29,2.0,0.0,4,2,3,6,1295,1313,740,476,1094,0.435,78,260,0.3,265,367,0.722,209,650,229,157,36,278,294
69,70,Denver,19,12,7,0.632,0.57,-2.3,3.0,1.0,7,1,4,5,1620,1482,770,548,1180,0.464,159,428,0.371,365,490,0.745,213,727,263,115,77,188,292
70,71,DePaul,17,3,14,0.176,-5.79,7.33,0.0,6.0,3,8,0,4,1113,1336,680,393,908,0.433,107,315,0.34,220,308,0.714,125,512,225,75,62,230,278
71,72,Detroit Mercy,19,0,19,0.0,-17.78,-1.46,0.0,8.0,0,6,0,13,1196,1506,770,431,1091,0.395,104,400,0.26,230,318,0.723,187,595,187,123,41,263,334
72,73,Drake,18,15,3,0.833,9.88,-0.6,6.0,1.0,9,0,3,2,1418,1220,725,513,1059,0.484,147,431,0.341,245,324,0.756,151,604,292,118,32,169,295
73,74,Drexel,19,13,6,0.684,2.77,-3.95,6.0,0.0,7,1,5,5,1405,1216,765,518,1123,0.461,118,360,0.328,251,343,0.732,239,776,240,101,79,214,295
74,75,Duke,16,13,3,0.813,20.23,4.29,4.0,1.0,9,1,2,2,1312,1057,640,465,959,0.485,129,341,0.378,253,339,0.746,159,579,267,115,66,147,244
75,76,Duquesne,16,9,7,0.563,6.01,3.88,0.0,4.0,6,3,1,3,1184,1104,640,414,954,0.434,133,398,0.334,223,316,0.706,194,586,211,124,65,192,285
76,77,East Carolina,18,9,9,0.5,0.35,-0.42,2.0,3.0,8,6,1,2,1286,1243,720,446,1029,0.433,117,377,0.31,277,400,0.693,222,638,212,144,48,193,285
77,78,East Tennessee State,18,9,9,0.5,-4.79,-1.67,1.0,4.0,6,1,2,8,1285,1256,720,439,1100,0.399,139,466,0.298,268,374,0.717,235,694,203,131,80,210,343
78,79,Eastern Illinois,18,8,10,0.444,-10.53,-1.6,2.0,3.0,5,3,2,7,1260,1210,720,482,1112,0.433,102,307,0.332,194,269,0.721,207,647,251,146,46,199,305
79,80,Eastern Kentucky,17,8,9,0.471,-5.56,0.01,4.0,0.0,6,3,2,6,1385,1304,685,513,1144,0.448,139,414,0.336,220,331,0.665,241,724,266,127,108,210,292
80,81,Eastern Michigan,17,8,9,0.471,-13.1,-4.1,1.0,4.0,6,3,2,5,1148,1265,690,431,972,0.443,94,302,0.311,192,278,0.691,158,573,187,97,40,207,280
81,82,Eastern Washington,17,10,7,0.588,1.47,2.07,4.0,0.0,5,0,5,7,1345,1234,680,474,967,0.49,162,423,0.383,235,317,0.741,136,569,301,107,60,222,324
82,83,Elon,18,8,10,0.444,-10.17,-4.23,1.0,4.0,6,2,0,8,1395,1385,720,499,1083,0.461,154,426,0.362,243,344,0.706,205,641,243,107,59,208,308
83,84,Evansville,18,11,7,0.611,-2.51,-1.16,2.0,5.0,7,2,3,5,1372,1325,730,509,1104,0.461,129,368,0.351,225,318,0.708,162,652,271,122,67,213,264
84,85,Fairfield,17,10,7,0.588,-3.77,-6.15,4.0,2.0,4,2,6,4,1297,1212,680,462,1022,0.452,153,423,0.362,220,282,0.78,165,589,246,136,43,204,257
85,86,Fairleigh Dickinson,19,8,11,0.421,-14.36,-6.89,2.0,2.0,4,4,4,6,1486,1511,765,513,1196,0.429,170,502,0.339,290,405,0.716,215,709,285,159,41,256,344
86,87,Florida,17,11,6,0.647,13.98,5.33,1.0,3.0,7,1,0,3,1448,1301,690,515,1130,0.456,127,389,0.326,291,435,0.669,281,764,264,121,87,223,299
87,88,Florida A&M,14,2,12,0.143,-15.55,6.11,0.0,3.0,1,4,1,7,919,1156,570,351,831,0.422,84,237,0.354,133,196,0.679,138,479,196,86,36,213,278
88,89,Florida Atlantic,18,14,4,0.778,16.39,5.16,4.0,1.0,7,1,1,2,1486,1284,730,540,1103,0.49,155,430,0.36,251,361,0.695,212,680,273,134,49,204,285
89,90,Florida Gulf Coast,19,7,12,0.368,-8.49,-1.43,1.0,3.0,5,2,1,7,1314,1382,765,470,1080,0.435,146,426,0.343,228,338,0.675,207,670,222,105,64,225,281
90,91,Florida International,19,7,12,0.368,-6.22,-1.78,2.0,2.0,6,3,1,6,1449,1438,765,530,1172,0.452,163,477,0.342,226,344,0.657,205,625,292,216,63,278,358
91,92,Florida State,17,11,6,0.647,10.5,6.61,5.0,1.0,7,3,2,2,1311,1245,685,464,1052,0.441,112,338,0.331,271,393,0.69,190,614,226,159,70,207,336
92,93,Fordham,17,8,9,0.471,-0.55,-1.9,2.0,2.0,4,6,2,1,1292,1269,700,438,1055,0.415,141,433,0.326,275,413,0.666,236,664,237,149,87,241,354
93,94,Fresno State,17,8,9,0.471,-3.66,0.15,1.0,3.0,6,3,1,4,1184,1234,690,441,930,0.474,112,328,0.341,190,296,0.642,145,570,213,104,47,234,257
94,95,Furman,18,9,9,0.5,0.44,-2.43,3.0,2.0,7,1,2,6,1491,1395,730,524,1158,0.453,173,545,0.317,270,378,0.714,219,716,317,137,56,237,280
95,96,Gardner-Webb,19,7,12,0.368,-5.05,0.83,2.0,2.0,5,2,1,7,1399,1393,771,503,1191,0.422,139,438,0.317,254,389,0.653,212,732,237,119,43,210,374
96,97,George Mason,18,13,5,0.722,6.23,0.12,2.0,3.0,9,1,3,3,1317,1189,720,460,995,0.462,126,360,0.35,271,360,0.753,187,682,212,101,67,210,292
97,98,George Washington,17,14,3,0.824,2.82,-4.24,3.0,1.0,11,1,1,1,1406,1278,715,479,1022,0.469,159,408,0.39,289,391,0.739,152,676,229,108,102,245,239
98,99,Georgetown,17,8,9,0.471,1.48,2.25,1.0,5.0,7,5,1,4,1223,1236,690,410,969,0.423,140,405,0.346,263,367,0.717,208,601,211,105,66,222,266
99,100,Georgia,17,13,4,0.765,9.66,4.13,3.0,1.0,10,1,3,0,1284,1190,680,421,995,0.423,142,403,0.352,300,420,0.714,177,648,214,108,60,188,290
100,101,Georgia Southern,18,3,15,0.167,-13.58,-3.03,3.0,3.0,2,2,1,10,1243,1433,720,436,1054,0.414,174,500,0.348,197,282,0.699,183,588,186,124,70,247,354
101,102,Georgia State,17,9,8,0.529,-2.65,-2.25,4.0,2.0,6,1,3,7,1357,1254,685,494,1105,0.447,133,410,0.324,236,312,0.756,198,667,221,102,48,171,306
102,103,Georgia Tech,17,9,8,0.529,5.16,6.39,2.0,4.0,5,3,2,4,1258,1279,700,453,1050,0.431,134,420,0.319,218,327,0.667,215,672,234,83,76,215,294
103,104,Gonzaga,17,12,5,0.706,15.53,2.53,3.0,1.0,8,1,1,2,1435,1161,680,546,1091,0.5,110,342,0.322,233,335,0.696,213,710,275,125,62,194,276
104,105,Grambling,17,6,11,0.353,-13.41,0.81,3.0,1.0,4,1,2,8,1113,1245,683,414,948,0.437,75,255,0.294,210,298,0.705,163,524,167,127,42,229,275
105,106,Grand Canyon,18,17,1,0.944,10.32,-2.5,7.0,0.0,10,0,4,0,1471,1203,720,512,1040,0.492,126,365,0.345,321,436,0.736,214,704,232,149,103,230,315
106,107,Green Bay,20,12,8,0.6,-3.32,-2.49,7.0,2.0,7,1,5,6,1369,1335,805,491,1057,0.465,182,506,0.36,205,283,0.724,168,660,252,95,47,257,342
107,108,Hampton,18,4,14,0.222,-17.89,-4.75,0.0,6.0,3,5,0,7,1370,1402,720,492,1110,0.443,140,424,0.33,246,345,0.713,211,679,248,125,51,251,326
108,109,Harvard,15,9,6,0.6,-3.45,-1.88,0.0,2.0,6,2,3,4,1084,1078,605,381,850,0.448,113,328,0.345,209,299,0.699,134,535,202,84,63,172,221
109,110,Hawaii,18,10,8,0.556,1.11,-1.39,2.0,4.0,7,5,1,2,1279,1198,725,443,996,0.445,143,440,0.325,250,359,0.696,168,626,231,87,53,219,301
110,111,High Point,19,15,4,0.789,2.24,-4.77,4.0,0.0,10,0,3,3,1620,1398,770,532,1130,0.471,165,460,0.359,391,508,0.77,250,773,239,106,67,209,328
111,112,Hofstra,18,9,9,0.5,2.15,0.92,2.0,3.0,5,2,1,7,1360,1286,725,501,1081,0.463,188,523,0.359,170,223,0.762,147,603,280,112,69,198,274
112,113,Holy Cross,18,4,14,0.222,-18.33,-6.09,1.0,4.0,1,5,2,8,1182,1362,725,449,1033,0.435,135,399,0.338,149,232,0.642,168,601,210,71,54,217,296
113,114,Houston,17,15,2,0.882,27.92,4.57,2.0,2.0,10,0,1,2,1273,876,680,467,1047,0.446,132,377,0.35,207,308,0.672,257,685,234,179,93,156,308
114,115,Houston Christian,15,3,12,0.2,-17.14,1.94,1.0,3.0,2,3,1,9,1052,1228,605,399,940,0.424,61,240,0.254,193,313,0.617,189,600,180,105,51,255,211
115,116,Howard,19,8,11,0.421,-7.34,-3.34,2.0,1.0,5,2,3,7,1443,1466,780,492,1072,0.459,149,416,0.358,310,423,0.733,205,687,261,118,52,298,365
116,117,Idaho,17,7,10,0.412,-8.63,-2.83,1.0,3.0,5,5,1,5,1188,1185,685,422,980,0.431,138,420,0.329,206,289,0.713,154,586,215,106,63,186,303
117,118,Idaho State,18,7,11,0.389,-8.46,-3.08,2.0,3.0,5,2,2,8,1227,1223,725,458,987,0.464,113,356,0.317,198,287,0.69,172,574,223,126,69,216,285
118,119,Illinois,17,13,4,0.765,20.27,5.98,4.0,2.0,9,2,2,2,1395,1152,680,494,1058,0.467,144,418,0.344,263,360,0.731,221,730,221,77,74,195,238
119,120,Illinois State,18,8,10,0.444,-4.46,-0.4,2.0,5.0,6,4,1,4,1193,1243,720,415,1013,0.41,107,397,0.27,256,374,0.684,199,648,211,104,42,216,291
120,121,Illinois-Chicago,18,8,10,0.444,0.19,-0.28,1.0,6.0,4,5,2,4,1242,1183,720,463,1025,0.452,156,430,0.363,160,250,0.64,150,622,267,96,109,223,295
121,122,Incarnate Word,16,5,11,0.313,-15.66,-6.38,0.0,3.0,3,2,2,8,1176,1256,640,396,925,0.428,131,386,0.339,253,335,0.755,160,564,198,113,69,254,307
122,123,Indiana,18,12,6,0.667,6.69,6.13,4.0,3.0,10,2,1,2,1330,1320,720,482,1013,0.476,94,279,0.337,272,414,0.657,164,645,279,110,73,221,302
123,124,Indiana State,18,15,3,0.833,14.81,1.16,6.0,1.0,8,0,3,3,1557,1295,720,526,1025,0.513,211,511,0.413,294,382,0.77,128,627,313,121,32,220,313
124,125,Iona,16,7,9,0.438,-1.86,-2.55,2.0,3.0,4,3,2,3,1147,1136,640,413,958,0.431,128,367,0.349,193,298,0.648,173,537,221,157,51,176,307
125,126,Iowa,17,11,6,0.647,15.08,5.5,3.0,3.0,8,1,1,4,1480,1317,680,544,1130,0.481,123,352,0.349,269,357,0.754,186,654,339,140,65,171,269
126,127,Iowa State,17,13,4,0.765,23.01,1.95,2.0,2.0,11,0,1,2,1379,1021,680,494,1012,0.488,108,311,0.347,283,403,0.702,192,618,300,187,49,183,263
127,128,IUPUI,20,6,14,0.3,-19.01,-4.31,2.0,7.0,4,5,2,7,1340,1552,805,493,1108,0.445,80,296,0.27,274,366,0.749,197,607,206,153,38,289,345
128,129,Jackson State,16,7,9,0.438,-7.48,0.58,3.0,0.0,1,0,4,9,1130,1259,640,396,959,0.413,108,331,0.326,230,333,0.691,205,584,203,112,57,231,306
129,130,Jacksonville,18,10,8,0.556,-12.72,-3.45,1.0,3.0,7,0,2,8,1335,1343,725,467,1053,0.443,111,362,0.307,288,409,0.704,219,682,202,150,63,267,383
130,131,Jacksonville State,18,10,8,0.556,-1.35,-3.55,2.0,1.0,5,3,4,5,1289,1130,725,473,1021,0.463,103,307,0.336,240,333,0.721,206,682,207,124,78,244,284
131,132,James Madison,18,16,2,0.889,8.38,-5.27,4.0,2.0,8,1,6,1,1565,1262,735,576,1201,0.48,161,468,0.344,252,360,0.7,228,723,303,168,60,200,311
132,133,Kansas,17,15,2,0.882,18.58,6.58,3.0,1.0,9,0,2,1,1346,1127,680,504,990,0.509,107,298,0.359,231,312,0.74,152,649,356,125,78,207,242
133,134,Kansas City,19,7,12,0.368,-8.79,-2.6,1.0,3.0,6,2,1,7,1363,1355,775,492,1169,0.421,151,477,0.317,228,338,0.675,255,741,254,105,78,239,365
134,135,Kansas State,17,13,4,0.765,12.04,4.63,3.0,1.0,10,1,2,1,1271,1145,705,436,1004,0.434,129,412,0.313,270,366,0.738,229,681,255,116,77,247,269
135,136,Kennesaw State,18,12,6,0.667,-4.61,-4.28,3.0,1.0,8,0,2,6,1518,1398,725,537,1202,0.447,177,536,0.33,267,397,0.673,221,726,284,153,84,225,349
136,137,Kent State,17,9,8,0.529,-0.7,-1.36,2.0,3.0,5,3,2,4,1330,1257,695,460,1011,0.455,139,382,0.364,271,353,0.768,190,589,227,127,47,223,300
137,138,Kentucky,16,13,3,0.813,18.73,4.04,3.0,1.0,9,1,2,1,1452,1217,650,523,1054,0.496,161,410,0.393,245,328,0.747,160,620,295,131,90,156,247
138,139,La Salle,18,10,8,0.556,-3.2,-0.91,1.0,4.0,7,3,2,5,1347,1320,740,486,1122,0.433,156,461,0.338,219,301,0.728,186,618,273,126,59,172,300
139,140,Lafayette,18,6,12,0.333,-10.66,-2.36,5.0,0.0,3,4,3,6,1096,1221,720,407,1026,0.397,118,419,0.282,164,246,0.667,161,606,230,127,84,228,275
140,141,Lamar,17,9,8,0.529,-6.29,-6.43,3.0,1.0,6,1,1,7,1384,1307,690,488,1086,0.449,146,397,0.368,262,362,0.724,230,672,285,133,62,236,343
141,142,Le Moyne,17,6,11,0.353,-13.23,-5.09,1.0,2.0,4,2,2,9,1243,1240,680,442,1038,0.426,167,489,0.342,192,250,0.768,154,566,270,158,58,205,262
142,143,Lehigh,16,4,12,0.25,-8.62,-2.69,1.0,4.0,2,4,2,8,1183,1186,645,436,988,0.441,113,365,0.31,198,281,0.705,146,581,217,120,32,209,293
143,144,Liberty,19,12,7,0.632,4.87,0.37,1.0,3.0,7,2,1,3,1447,1200,765,534,1152,0.464,208,567,0.367,171,258,0.663,201,695,333,110,37,182,265
144,145,Lindenwood,18,7,11,0.389,-17.19,-5.45,1.0,4.0,3,4,2,7,1190,1291,720,411,992,0.414,77,293,0.263,291,396,0.735,150,575,136,109,46,225,321
145,146,Lipscomb,19,11,8,0.579,-0.62,-2.56,2.0,2.0,6,1,3,6,1539,1421,760,561,1167,0.481,180,498,0.361,237,320,0.741,154,666,284,119,70,206,244
146,147,Little Rock,19,9,10,0.474,-6.42,-5.53,3.0,3.0,7,4,2,5,1513,1530,770,530,1172,0.452,134,407,0.329,319,443,0.72,224,689,270,116,79,233,387
147,148,Long Beach State,19,12,7,0.632,-1.89,-1.6,4.0,3.0,5,1,6,4,1521,1475,765,553,1185,0.467,104,333,0.312,311,457,0.681,230,738,296,170,69,262,345
148,149,Long Island University,15,3,12,0.2,-19.99,-3.79,2.0,1.0,1,2,1,10,951,1194,600,343,860,0.399,82,290,0.283,183,258,0.709,116,489,170,99,33,224,281
149,150,Longwood,20,13,7,0.65,-1.42,-7.36,1.0,4.0,9,1,4,6,1504,1271,815,552,1193,0.463,108,339,0.319,292,443,0.659,277,804,257,148,57,263,361
150,151,Louisiana,18,10,8,0.556,0.06,-1.0,3.0,3.0,5,1,3,6,1391,1299,720,517,1103,0.469,152,413,0.368,205,285,0.719,192,587,248,161,80,213,333
151,152,Louisiana State,17,11,6,0.647,8.89,1.94,3.0,1.0,8,2,1,2,1310,1192,685,454,983,0.462,123,362,0.34,279,388,0.719,176,628,206,166,70,230,297
152,153,Louisiana Tech,18,12,6,0.667,5.18,0.65,2.0,1.0,9,0,3,6,1369,1163,730,467,1036,0.451,140,386,0.363,295,424,0.696,217,715,240,140,90,222,283
153,154,Louisiana-Monroe,16,4,12,0.25,-13.85,-1.5,0.0,6.0,3,5,1,7,1074,1171,640,393,965,0.407,78,297,0.263,210,325,0.646,224,623,222,114,44,210,302
154,155,Louisville,17,6,11,0.353,-0.17,3.36,1.0,5.0,5,5,1,4,1251,1311,685,429,988,0.434,105,320,0.328,288,391,0.737,184,608,195,92,49,213,290
155,156,Loyola (IL),18,12,6,0.667,4.81,1.22,4.0,1.0,9,2,2,2,1330,1218,720,478,1032,0.463,151,427,0.354,223,331,0.674,156,669,310,121,90,238,339
156,157,Loyola (MD),18,3,15,0.167,-15.32,-4.26,1.0,4.0,1,6,2,8,1175,1329,730,434,1001,0.434,131,388,0.338,176,284,0.62,175,615,241,112,43,264,288
157,158,Loyola Marymount,18,8,10,0.444,1.36,0.42,1.0,3.0,6,5,1,2,1321,1264,720,457,1041,0.439,146,421,0.347,261,358,0.729,191,660,208,73,50,208,317
158,159,Maine,18,8,10,0.444,-6.36,-4.54,0.0,3.0,3,2,3,8,1229,1208,720,464,1034,0.449,103,348,0.296,198,269,0.736,136,586,232,154,49,198,299
159,160,Manhattan,15,4,11,0.267,-15.91,-2.55,1.0,5.0,2,4,2,7,970,1145,605,362,914,0.396,110,367,0.3,136,194,0.701,142,515,207,115,39,208,201
160,161,Marist,14,8,6,0.571,-5.06,-8.78,3.0,2.0,4,2,4,4,929,877,560,341,755,0.452,97,284,0.342,150,233,0.644,107,463,168,111,43,170,250
161,162,Marquette,17,12,5,0.706,18.98,9.22,3.0,3.0,9,1,1,3,1316,1150,680,482,1047,0.46,141,446,0.316,211,286,0.738,162,574,272,158,44,172,258
162,163,Marshall,19,9,10,0.474,-4.62,-1.51,4.0,2.0,5,4,3,3,1447,1470,760,505,1208,0.418,146,470,0.311,291,407,0.715,234,765,298,126,96,238,302
163,164,Maryland,18,11,7,0.611,8.97,2.14,3.0,4.0,9,1,2,4,1275,1152,725,424,1019,0.416,109,391,0.279,318,453,0.702,224,666,198,129,94,211,316
164,165,Maryland-Baltimore County,19,6,13,0.316,-11.88,-5.65,1.0,3.0,5,4,1,9,1476,1569,760,559,1212,0.461,160,432,0.37,198,293,0.676,189,694,245,94,67,265,307
165,166,Maryland-Eastern Shore,15,4,11,0.267,-17.6,-1.98,1.0,2.0,4,1,0,10,974,1101,610,347,906,0.383,104,313,0.332,176,236,0.746,169,516,176,104,37,196,259
166,167,Massachusetts,17,11,6,0.647,8.12,-1.41,2.0,3.0,8,1,0,4,1385,1223,685,495,1076,0.46,109,345,0.316,286,416,0.688,240,662,277,148,51,184,344
167,168,Massachusetts-Lowell,17,13,4,0.765,-0.53,-6.67,4.0,0.0,6,1,7,3,1385,1138,680,513,1036,0.495,95,295,0.322,264,362,0.729,201,706,231,116,84,232,250
168,169,McNeese State,17,15,2,0.882,5.87,-3.2,4.0,0.0,9,0,5,2,1353,1029,680,495,1011,0.49,130,323,0.402,233,342,0.681,195,643,242,175,56,165,266
169,170,Memphis,18,15,3,0.833,11.68,4.74,4.0,1.0,8,1,5,1,1463,1338,730,502,1080,0.465,148,420,0.352,309,415,0.745,195,670,242,154,88,235,305
170,171,Mercer,18,8,10,0.444,-6.88,-2.94,1.0,4.0,5,4,2,5,1250,1269,720,463,1067,0.434,119,359,0.331,205,316,0.649,205,628,237,129,58,205,353
171,172,Merrimack,18,9,9,0.5,-3.52,-2.21,3.0,1.0,6,0,2,8,1243,1239,725,439,992,0.443,122,410,0.298,243,340,0.715,144,562,226,179,65,249,300
172,173,Miami (FL),17,12,5,0.706,13.16,2.93,3.0,3.0,9,2,1,2,1414,1240,685,515,1049,0.491,160,404,0.396,224,291,0.77,164,633,267,139,60,218,224
173,174,Miami (OH),17,8,9,0.471,-5.32,-3.32,2.0,3.0,6,3,2,6,1266,1207,680,447,950,0.471,142,375,0.379,230,331,0.695,133,551,273,100,42,205,306
174,175,Michigan,18,7,11,0.389,9.79,8.06,2.0,5.0,4,5,2,3,1428,1397,735,513,1083,0.474,158,418,0.378,244,342,0.713,192,668,242,75,66,230,316
175,176,Michigan State,18,11,7,0.611,19.64,8.14,3.0,4.0,10,2,0,3,1387,1180,725,513,1077,0.476,123,343,0.359,238,341,0.698,193,664,328,127,78,188,295
176,177,Middle Tennessee,18,6,12,0.333,-8.39,-0.27,0.0,3.0,5,6,0,4,1124,1191,735,409,1005,0.407,107,401,0.267,199,305,0.652,205,632,172,109,82,262,278
177,178,Milwaukee,18,9,9,0.5,-6.4,-2.34,4.0,3.0,6,2,2,6,1406,1424,725,490,1129,0.434,156,485,0.322,270,381,0.709,252,677,242,113,85,219,328
178,179,Minnesota,18,12,6,0.667,8.83,0.05,3.0,4.0,11,2,1,3,1389,1231,720,502,1046,0.48,141,418,0.337,244,362,0.674,200,678,339,122,85,229,297
179,180,Mississippi,17,15,2,0.882,9.26,2.14,2.0,2.0,11,0,2,2,1322,1201,680,463,1004,0.461,130,333,0.39,266,355,0.749,163,597,264,148,112,173,258
180,181,Mississippi State,17,12,5,0.706,14.63,5.58,1.0,3.0,6,2,0,3,1281,1127,680,446,987,0.452,128,399,0.321,261,369,0.707,198,654,259,149,65,219,283
181,182,Mississippi Valley State,17,0,17,0.0,-27.52,3.66,0.0,4.0,0,2,0,15,869,1399,685,327,872,0.375,59,214,0.276,156,259,0.602,165,489,127,103,26,293,298
182,183,Missouri,17,8,9,0.471,5.99,4.35,0.0,4.0,6,4,2,3,1284,1256,685,463,1028,0.45,145,434,0.334,213,280,0.761,169,556,231,147,94,187,317
183,184,Missouri State,18,10,8,0.556,0.54,-0.47,2.0,5.0,5,2,2,6,1272,1254,725,446,1018,0.438,136,428,0.318,244,348,0.701,166,685,228,77,80,222,281
184,185,Monmouth,18,9,9,0.5,-1.46,0.21,2.0,3.0,6,1,1,8,1273,1303,721,450,1050,0.429,143,381,0.375,230,323,0.712,185,618,222,133,65,213,309
185,186,Montana,17,11,6,0.647,2.25,0.25,2.0,2.0,7,2,4,4,1337,1216,685,499,1042,0.479,126,369,0.341,213,276,0.772,165,625,266,78,51,176,285
186,187,Montana State,17,8,9,0.471,-5.72,-2.08,3.0,1.0,6,4,2,5,1257,1251,690,446,984,0.453,153,452,0.338,212,280,0.757,114,520,223,147,35,205,321
187,188,Morehead State,19,14,5,0.737,0.97,-2.17,5.0,1.0,9,0,5,5,1467,1192,760,537,1143,0.47,176,506,0.348,217,312,0.696,247,797,299,111,100,234,309
188,189,Morgan State,18,4,14,0.222,-18.5,-0.5,0.0,2.0,4,3,0,9,1281,1415,720,495,1114,0.444,102,317,0.322,189,269,0.703,206,664,229,106,57,266,327
189,190,Mount St. Mary's,16,6,10,0.375,-6.01,-7.07,2.0,3.0,4,1,2,9,1168,1151,655,441,946,0.466,106,325,0.326,180,255,0.706,173,557,226,120,66,239,277
190,191,Murray State,18,8,10,0.444,1.09,-0.15,5.0,2.0,5,4,3,4,1306,1252,725,469,1052,0.446,126,395,0.319,242,343,0.706,176,620,233,111,53,168,273
191,192,Navy,16,7,9,0.438,-8.6,-7.66,3.0,2.0,6,2,1,7,1097,1053,645,387,957,0.404,95,328,0.29,228,323,0.706,192,573,202,136,27,170,292
192,193,NC State,17,13,4,0.765,10.61,2.73,5.0,1.0,9,1,3,1,1314,1180,685,477,1063,0.449,122,370,0.33,238,332,0.717,183,617,225,133,49,159,292
193,194,Nebraska,18,13,5,0.722,11.9,3.51,3.0,4.0,11,1,1,4,1413,1262,725,480,1077,0.446,170,492,0.346,283,375,0.755,195,706,286,120,52,197,271
194,195,Nevada,18,15,3,0.833,13.07,1.95,2.0,2.0,9,1,3,1,1369,1147,720,469,999,0.469,105,315,0.333,326,454,0.718,152,632,249,113,71,170,311
195,196,Nevada-Las Vegas,16,9,7,0.563,9.63,7.99,2.0,2.0,7,3,2,1,1228,1113,650,459,980,0.468,125,367,0.341,185,264,0.701,170,549,242,123,77,171,261
196,197,New Hampshire,17,10,7,0.588,-3.23,-2.17,2.0,2.0,5,2,5,5,1315,1255,680,458,1080,0.424,164,464,0.353,235,321,0.732,160,661,225,125,32,202,268
197,198,New Mexico,18,15,3,0.833,16.59,3.47,3.0,2.0,10,0,1,3,1504,1248,720,553,1172,0.472,112,335,0.334,286,420,0.681,217,714,288,181,86,188,343
198,199,New Mexico State,18,8,10,0.444,-6.09,3.7,2.0,1.0,8,1,0,7,1265,1292,730,438,1020,0.429,121,353,0.343,268,380,0.705,164,621,230,130,50,244,387
199,200,New Orleans,17,7,10,0.412,-12.73,-1.04,2.0,2.0,6,1,1,8,1281,1312,686,447,1053,0.425,93,292,0.318,294,401,0.733,191,612,200,140,60,222,307
200,201,Niagara,16,7,9,0.438,-8.71,-5.98,3.0,3.0,3,5,4,4,1215,1207,645,434,914,0.475,106,274,0.387,241,311,0.775,126,492,213,75,32,175,247
201,202,Nicholls State,17,8,9,0.471,-5.8,0.49,3.0,1.0,5,1,3,6,1257,1292,705,424,992,0.427,143,413,0.346,266,362,0.735,173,617,188,122,77,222,321
202,203,NJIT,16,4,12,0.25,-14.21,-3.34,0.0,4.0,3,4,1,8,1117,1204,640,386,961,0.402,124,393,0.316,221,309,0.715,189,553,184,118,58,194,320
203,204,Norfolk State,19,11,8,0.579,-5.02,-2.75,1.0,1.0,6,0,3,6,1441,1293,760,494,1089,0.454,125,371,0.337,328,435,0.754,214,676,230,168,53,221,372
204,205,North Alabama,18,7,11,0.389,-7.15,-3.47,1.0,3.0,6,3,1,8,1371,1353,740,482,1109,0.435,135,400,0.338,272,367,0.741,202,677,214,105,56,205,339
205,206,North Carolina,17,14,3,0.824,21.97,7.62,6.0,0.0,8,0,3,0,1426,1182,685,485,1065,0.455,134,373,0.359,322,424,0.759,208,698,244,107,79,178,274
206,207,North Carolina A&T,18,5,13,0.278,-14.17,-2.62,3.0,2.0,2,3,2,7,1252,1460,720,429,1056,0.406,122,399,0.306,272,373,0.729,154,537,204,106,62,170,282
207,208,North Carolina Central,17,10,7,0.588,-6.37,-1.98,2.0,0.0,7,1,3,5,1301,1148,685,458,1016,0.451,118,376,0.314,267,387,0.69,188,601,225,148,53,195,298
208,209,North Dakota,20,10,10,0.5,-10.67,-5.55,2.0,3.0,5,3,3,7,1474,1449,805,520,1204,0.432,160,522,0.307,274,392,0.699,234,730,231,123,54,217,308
209,210,North Dakota State,19,8,11,0.421,-6.79,-0.29,1.0,3.0,5,3,3,7,1487,1441,785,555,1154,0.481,155,413,0.375,222,321,0.692,179,661,234,94,27,200,293
210,211,North Florida,19,10,9,0.526,-7.26,-2.88,3.0,1.0,8,2,2,7,1470,1410,760,504,1171,0.43,237,661,0.359,225,302,0.745,188,665,260,121,61,218,304
211,212,North Texas,16,11,5,0.688,10.17,1.88,4.0,0.0,8,0,2,1,1103,935,645,385,886,0.435,132,358,0.369,201,268,0.75,197,599,174,108,48,194,272
212,213,Northeastern,18,7,11,0.389,-4.47,-1.86,2.0,3.0,4,2,2,8,1264,1311,720,454,977,0.465,103,341,0.302,253,338,0.749,191,600,234,107,53,241,277
213,214,Northern Arizona,18,8,10,0.444,-14.18,-2.85,1.0,3.0,4,0,3,9,1180,1384,720,434,1026,0.423,117,379,0.309,195,300,0.65,147,551,237,103,57,236,334
214,215,Northern Colorado,17,10,7,0.588,-4.67,-3.07,3.0,1.0,6,1,3,5,1377,1351,700,500,1043,0.479,138,402,0.343,239,330,0.724,141,585,244,110,33,189,272
215,216,Northern Illinois,17,6,11,0.353,-5.82,3.18,0.0,5.0,3,5,2,6,1314,1353,685,461,997,0.462,139,385,0.361,253,381,0.664,158,599,191,100,86,220,299
216,217,Northern Iowa,18,10,8,0.556,4.91,3.03,4.0,3.0,5,2,4,4,1361,1289,730,482,1022,0.472,144,395,0.365,253,351,0.721,134,610,243,117,38,196,301
217,218,Northern Kentucky,19,10,9,0.526,-3.77,-2.77,5.0,3.0,7,1,3,8,1413,1378,770,507,1098,0.462,110,351,0.313,289,416,0.695,203,649,265,173,56,238,319
218,219,Northwestern,17,13,4,0.765,10.16,4.21,4.0,2.0,9,1,2,2,1240,1139,685,453,967,0.468,130,355,0.366,204,279,0.731,141,517,275,131,54,158,297
219,220,Northwestern State,17,4,13,0.235,-17.74,-2.14,2.0,2.0,4,3,0,8,1194,1357,680,428,1021,0.419,123,395,0.311,215,324,0.664,195,568,198,122,52,237,309
220,221,Notre Dame,18,7,11,0.389,2.99,5.32,2.0,5.0,5,6,1,4,1130,1172,735,402,999,0.402,129,434,0.297,197,279,0.706,185,680,174,99,47,245,274
221,222,Oakland,20,12,8,0.6,1.93,1.23,7.0,2.0,5,2,5,5,1492,1478,805,535,1191,0.449,154,461,0.334,268,369,0.726,207,689,261,137,41,235,309
222,223,Ohio,17,8,9,0.471,-1.65,-3.9,2.0,3.0,6,3,0,4,1337,1221,690,479,1053,0.455,139,408,0.341,240,339,0.708,188,616,237,110,63,166,314
223,224,Ohio State,17,12,5,0.706,14.03,4.26,2.0,4.0,8,2,0,3,1297,1131,686,457,1025,0.446,135,383,0.352,248,332,0.747,217,672,249,94,79,185,278
224,225,Oklahoma,17,14,3,0.824,17.05,2.22,2.0,2.0,11,0,0,2,1358,1106,680,484,989,0.489,132,378,0.349,258,341,0.757,181,646,249,116,60,226,258
225,226,Oklahoma State,17,8,9,0.471,5.75,2.69,0.0,4.0,7,4,0,3,1231,1179,690,443,979,0.453,154,431,0.357,191,288,0.663,166,614,252,103,53,235,270
226,227,Old Dominion,18,5,13,0.278,-6.08,0.16,1.0,5.0,4,3,0,8,1298,1390,725,493,1146,0.43,120,380,0.316,192,295,0.651,190,639,187,149,61,193,318
227,228,Omaha,20,10,10,0.5,-5.75,-4.25,3.0,2.0,8,1,1,8,1491,1411,805,505,1115,0.453,127,379,0.335,354,475,0.745,180,682,207,130,43,207,334
228,229,Oral Roberts,18,8,10,0.444,-4.34,0.26,2.0,3.0,6,2,2,8,1365,1358,729,487,1084,0.449,164,435,0.377,227,315,0.721,136,599,200,106,73,164,301
229,230,Oregon,17,13,4,0.765,11.32,5.44,5.0,1.0,9,0,3,1,1330,1230,685,474,1005,0.472,138,376,0.367,244,357,0.683,163,586,233,133,58,182,293
230,231,Oregon State,17,9,8,0.529,2.61,5.43,1.0,5.0,9,2,0,3,1196,1205,710,412,941,0.438,107,326,0.328,265,355,0.746,155,581,193,111,68,225,322
231,232,Pacific,20,6,14,0.3,-17.27,-4.0,0.0,5.0,5,6,1,8,1336,1539,810,473,1111,0.426,139,442,0.314,251,401,0.626,128,558,288,132,35,253,340
232,233,Penn State,18,9,9,0.5,7.23,4.4,3.0,4.0,9,2,0,3,1384,1333,730,480,1096,0.438,135,445,0.303,289,391,0.739,181,579,214,167,55,199,324
233,234,Pennsylvania,17,9,8,0.529,-0.12,1.55,1.0,1.0,8,1,1,5,1302,1228,700,469,1014,0.463,174,438,0.397,190,290,0.655,199,648,270,109,47,220,238
234,235,Pepperdine,20,9,11,0.45,-1.46,1.6,2.0,3.0,8,4,1,4,1451,1458,800,535,1197,0.447,134,372,0.36,247,360,0.686,222,693,274,110,58,235,327
235,236,Pittsburgh,17,10,7,0.588,12.18,2.12,1.0,5.0,7,5,2,1,1297,1126,680,452,1060,0.426,158,479,0.33,235,344,0.683,224,683,244,116,87,170,261
236,237,Portland,18,7,11,0.389,-9.92,-0.49,1.0,2.0,6,2,1,6,1311,1422,720,463,1037,0.446,149,454,0.328,236,338,0.698,166,636,252,89,49,246,298
237,238,Portland State,18,11,7,0.611,-7.19,-3.79,2.0,3.0,5,1,5,5,1284,1268,724,456,1095,0.416,137,425,0.322,235,337,0.697,204,670,227,116,67,205,309
238,239,Prairie View,16,6,10,0.375,-13.3,-1.01,1.0,2.0,3,0,2,10,1118,1236,640,397,985,0.403,81,258,0.314,243,331,0.734,171,519,175,155,38,213,342
239,240,Presbyterian,20,9,11,0.45,-10.16,-6.16,1.0,4.0,4,6,4,4,1537,1472,805,559,1154,0.484,136,390,0.349,283,428,0.661,176,680,281,131,64,238,371
240,241,Princeton,15,14,1,0.933,10.73,-0.74,2.0,0.0,7,0,6,1,1181,949,600,422,887,0.476,163,440,0.37,174,218,0.798,145,523,232,91,37,137,197
241,242,Providence,18,12,6,0.667,13.7,5.37,3.0,4.0,10,2,1,3,1333,1183,730,478,1043,0.458,146,445,0.328,231,341,0.677,161,671,251,117,89,229,277
242,243,Purdue,18,16,2,0.889,26.13,10.35,5.0,2.0,9,0,2,2,1532,1248,725,529,1074,0.493,157,396,0.396,317,436,0.727,211,738,338,103,74,215,248
243,244,Purdue Fort Wayne,19,13,6,0.684,0.01,-6.76,4.0,4.0,8,2,3,4,1603,1361,765,572,1197,0.478,183,495,0.37,276,400,0.69,163,616,256,193,59,191,348
244,245,Queens (NC),19,7,12,0.368,-10.64,-0.17,1.0,3.0,6,2,0,10,1497,1562,760,532,1227,0.434,177,530,0.334,256,377,0.679,226,710,263,141,53,237,331
245,246,Quinnipiac,16,12,4,0.75,-4.6,-6.87,4.0,1.0,7,1,5,3,1245,1143,645,430,984,0.437,117,347,0.337,268,343,0.781,176,625,235,123,66,208,257
246,247,Radford,19,11,8,0.579,-2.99,-1.64,1.0,3.0,5,2,3,6,1399,1338,775,516,1119,0.461,147,396,0.371,220,296,0.743,190,663,218,116,66,213,332
247,248,Rhode Island,17,9,8,0.529,-0.6,2.21,3.0,1.0,8,2,1,3,1256,1263,680,455,963,0.472,110,310,0.355,236,377,0.626,195,655,230,87,57,226,275
248,249,Rice,17,6,11,0.353,-4.59,0.73,0.0,4.0,5,4,1,4,1253,1294,690,454,1027,0.442,131,412,0.318,214,300,0.713,188,625,249,103,58,212,248
249,250,Richmond,17,12,5,0.706,8.28,-0.07,4.0,0.0,9,0,2,3,1238,1096,680,467,997,0.468,133,367,0.362,171,242,0.707,106,574,229,121,54,144,233
250,251,Rider,17,5,12,0.294,-9.99,-1.61,2.0,4.0,4,2,1,10,1218,1306,695,448,1087,0.412,96,315,0.305,226,320,0.706,227,680,215,111,61,224,319
251,252,Robert Morris,19,7,12,0.368,-7.47,-3.53,3.0,5.0,6,5,1,7,1438,1446,775,511,1153,0.443,149,450,0.331,267,365,0.732,241,699,247,113,50,282,337
252,253,Rutgers,17,10,7,0.588,7.86,4.56,2.0,4.0,9,1,1,4,1167,1111,685,406,1040,0.39,107,358,0.299,248,379,0.654,226,673,207,121,97,195,276
253,254,Sacramento State,18,6,12,0.333,-10.05,-0.8,2.0,3.0,5,2,1,8,1265,1296,720,447,1006,0.444,149,458,0.325,222,312,0.712,220,683,251,84,54,278,308
254,255,Sacred Heart,19,9,10,0.474,-9.3,-6.59,3.0,1.0,6,3,2,7,1398,1371,760,513,1150,0.446,130,380,0.342,242,343,0.706,181,642,242,177,95,222,324
255,256,Saint Francis (PA),17,5,12,0.294,-16.65,-4.25,0.0,4.0,3,5,2,7,1115,1234,680,405,964,0.42,112,347,0.323,193,301,0.641,204,576,206,111,66,242,299
256,257,Saint Joseph's,17,11,6,0.647,8.84,-1.87,1.0,3.0,8,2,1,4,1329,1147,685,462,1032,0.448,186,512,0.363,219,296,0.74,184,654,269,119,61,189,278
257,258,Saint Louis,17,8,9,0.471,-1.49,3.26,1.0,3.0,7,2,0,5,1255,1295,680,429,961,0.446,135,352,0.384,262,366,0.716,153,580,207,103,46,201,304
258,259,Saint Mary's (CA),19,13,6,0.684,15.02,5.02,4.0,0.0,8,3,4,0,1372,1113,770,514,1144,0.449,132,423,0.312,212,312,0.679,277,775,305,137,89,212,321
259,260,Saint Peter's,14,9,5,0.643,-3.09,-4.63,5.0,0.0,4,1,5,4,916,893,560,301,762,0.395,80,263,0.304,234,314,0.745,174,488,153,104,42,186,282
260,261,Sam Houston,18,10,8,0.556,-3.93,-1.05,3.0,0.0,6,2,3,6,1296,1285,730,442,1091,0.405,131,398,0.329,281,388,0.724,216,679,237,130,47,238,324
261,262,Samford,18,16,2,0.889,7.83,-4.05,5.0,0.0,12,0,4,2,1630,1350,720,582,1175,0.495,193,471,0.41,273,368,0.742,222,689,354,199,75,254,351
262,263,San Diego,19,10,9,0.526,-2.84,0.98,0.0,4.0,9,4,0,4,1377,1425,760,496,1139,0.435,133,377,0.353,252,343,0.735,200,691,248,134,73,279,346
263,264,San Diego State,18,15,3,0.833,15.79,8.23,4.0,1.0,9,0,3,3,1378,1203,730,475,1064,0.446,126,393,0.321,302,418,0.722,206,690,234,136,61,203,313
264,265,San Francisco,19,15,4,0.789,11.81,-3.02,4.0,0.0,10,0,3,2,1519,1183,765,579,1148,0.504,165,458,0.36,196,258,0.76,200,670,315,169,72,233,324
265,266,San Jose State,18,8,10,0.444,-0.96,-1.02,1.0,4.0,5,3,1,6,1356,1310,730,495,1064,0.465,169,464,0.364,197,283,0.696,156,592,252,100,69,183,301
266,267,Santa Clara,20,13,7,0.65,4.64,2.16,4.0,1.0,6,3,4,2,1517,1433,800,550,1184,0.465,168,455,0.369,249,356,0.699,221,769,295,98,54,268,338
267,268,Seattle,18,10,8,0.556,3.06,-1.82,3.0,4.0,9,2,1,6,1342,1204,745,467,1044,0.447,127,394,0.322,281,386,0.728,182,656,239,113,57,243,357
268,269,Seton Hall,18,13,5,0.722,11.84,6.5,6.0,1.0,9,1,3,2,1332,1236,720,482,1043,0.462,103,313,0.329,265,344,0.77,238,681,235,137,80,239,279
269,270,Siena,16,3,13,0.188,-19.52,-3.83,2.0,3.0,2,4,1,7,999,1250,640,369,911,0.405,77,293,0.263,184,293,0.628,208,581,176,83,66,262,250
270,271,South Alabama,18,10,8,0.556,-5.33,-0.93,3.0,3.0,6,4,4,4,1334,1380,740,478,1094,0.437,129,406,0.318,249,338,0.737,152,617,191,121,49,199,300
271,272,South Carolina,17,14,3,0.824,9.31,1.25,2.0,2.0,9,1,2,2,1236,1099,685,428,987,0.434,141,428,0.329,239,330,0.724,209,627,244,83,58,181,274
272,273,South Carolina State,18,4,14,0.222,-14.85,-0.72,0.0,2.0,4,3,0,11,1286,1487,725,462,1149,0.402,102,332,0.307,260,384,0.677,284,686,260,156,63,271,380
273,274,South Carolina Upstate,17,6,11,0.353,-10.46,-1.46,1.0,3.0,4,3,2,8,1229,1242,690,446,1006,0.443,139,394,0.353,198,308,0.643,164,545,232,136,54,202,332
274,275,South Dakota,19,9,10,0.474,-11.56,-4.31,2.0,2.0,6,3,2,6,1437,1447,765,518,1155,0.448,141,397,0.355,260,367,0.708,242,776,245,73,41,258,306
275,276,South Dakota State,19,10,9,0.526,-0.45,0.24,3.0,1.0,6,2,2,3,1464,1393,760,540,1115,0.484,168,463,0.363,216,321,0.673,166,675,261,124,66,230,293
276,277,South Florida,15,10,5,0.667,3.98,-1.82,3.0,1.0,8,2,1,3,1144,1057,600,385,901,0.427,119,359,0.331,255,352,0.724,163,552,217,112,52,160,273
277,278,Southeast Missouri State,18,6,12,0.333,-19.38,-4.45,1.0,4.0,6,3,0,8,1250,1343,725,454,1074,0.423,121,391,0.309,221,328,0.674,170,586,236,105,53,232,357
278,279,Southeastern Louisiana,17,6,11,0.353,-10.14,1.07,1.0,3.0,4,1,2,8,1150,1219,680,408,954,0.428,119,360,0.331,215,307,0.7,192,582,244,117,24,228,287
279,280,Southern,17,9,8,0.529,-4.84,2.66,3.0,1.0,6,0,3,8,1282,1233,690,466,1057,0.441,125,398,0.314,225,339,0.664,179,566,242,179,43,230,332
280,281,Southern California,18,8,10,0.444,9.67,8.28,2.0,5.0,5,3,1,5,1372,1347,725,479,1068,0.449,151,420,0.36,263,369,0.713,198,652,279,128,81,243,304
281,282,Southern Illinois,18,12,6,0.667,7.0,-0.76,4.0,3.0,9,3,2,2,1329,1166,720,453,961,0.471,150,391,0.384,273,362,0.754,145,585,273,101,58,193,309
282,283,SIU Edwardsville,19,11,8,0.579,-5.63,-3.82,4.0,2.0,8,1,1,7,1362,1299,760,472,1082,0.436,143,395,0.362,275,386,0.712,204,660,223,128,83,194,304
283,284,Southern Indiana,19,5,14,0.263,-12.93,-2.05,2.0,4.0,4,5,1,9,1275,1356,765,441,1104,0.399,125,404,0.309,268,368,0.728,194,715,234,121,64,264,385
284,285,Southern Methodist,17,12,5,0.706,13.98,1.61,3.0,1.0,8,2,3,2,1270,1053,680,472,1041,0.453,123,362,0.34,203,295,0.688,232,689,270,143,93,207,287
285,286,Southern Mississippi,18,10,8,0.556,-6.81,-2.56,4.0,2.0,6,1,4,4,1263,1278,720,437,1058,0.413,109,346,0.315,280,402,0.697,209,683,214,135,89,217,313
286,287,Southern Utah,17,6,11,0.353,-5.41,-0.47,1.0,5.0,5,3,0,8,1308,1330,685,453,1043,0.434,117,388,0.302,285,382,0.746,189,578,203,111,38,196,297
287,288,St. Bonaventure,16,11,5,0.688,8.93,-0.44,2.0,2.0,6,2,3,1,1208,1058,640,436,921,0.473,132,349,0.378,204,261,0.782,155,533,215,103,63,172,265
288,289,St. John's (NY),18,12,6,0.667,15.4,7.95,4.0,3.0,8,1,2,3,1402,1268,720,523,1173,0.446,129,377,0.342,227,323,0.703,273,721,278,122,92,211,330
289,290,St. Thomas,20,13,7,0.65,0.21,-5.02,3.0,2.0,7,1,5,5,1468,1261,805,519,1129,0.46,189,535,0.353,241,325,0.742,178,654,290,118,48,186,321
290,291,Stanford,17,9,8,0.529,8.51,6.1,4.0,3.0,7,3,2,2,1337,1296,695,487,1013,0.481,158,403,0.392,205,280,0.732,126,598,306,91,53,222,269
291,292,Stephen F. Austin,18,12,6,0.667,1.66,-2.9,5.0,2.0,6,2,4,3,1435,1277,735,497,1075,0.462,120,358,0.335,321,448,0.717,240,694,247,175,53,314,411
292,293,Stetson,19,11,8,0.579,-3.66,-0.41,3.0,1.0,6,1,3,7,1470,1342,760,526,1137,0.463,187,498,0.376,231,285,0.811,191,669,282,105,52,211,291
293,294,Stonehill,19,2,17,0.105,-19.92,-2.3,0.0,4.0,2,4,0,13,1208,1498,765,437,1115,0.392,155,505,0.307,179,261,0.686,155,614,207,138,49,265,307
294,295,Stony Brook,18,9,9,0.5,-5.58,-1.64,2.0,3.0,6,2,3,7,1273,1299,730,462,1086,0.425,135,405,0.333,214,305,0.702,194,655,206,123,61,197,265
295,296,Syracuse,17,12,5,0.706,9.42,8.17,3.0,3.0,8,0,2,3,1290,1221,680,468,1050,0.446,116,354,0.328,238,321,0.741,170,628,232,158,85,212,264
296,297,Tarleton State,17,11,6,0.647,-2.05,1.17,4.0,2.0,6,1,3,5,1190,1120,680,449,1014,0.443,87,289,0.301,205,285,0.719,204,587,214,152,60,200,296
297,298,TCU,17,13,4,0.765,16.14,1.14,2.0,2.0,9,0,2,2,1421,1166,685,519,1071,0.485,110,317,0.347,273,376,0.726,215,663,322,173,68,214,292
298,299,Temple,18,8,10,0.444,-2.86,0.91,1.0,4.0,4,3,2,4,1274,1308,735,429,1133,0.379,150,507,0.296,266,361,0.737,226,679,199,141,48,193,286
299,300,Tennessee,17,13,4,0.765,21.31,8.25,3.0,1.0,9,0,2,2,1344,1122,680,467,1047,0.446,145,431,0.336,265,343,0.773,206,680,290,136,82,192,295
300,301,Tennessee State,19,10,9,0.526,-6.72,-5.19,3.0,3.0,8,1,1,7,1459,1367,765,515,1143,0.451,144,425,0.339,285,379,0.752,204,678,243,127,60,245,359
301,302,Tennessee Tech,19,7,12,0.368,-14.55,-3.93,2.0,4.0,5,4,2,8,1322,1447,765,475,1048,0.453,124,389,0.319,248,346,0.717,111,590,228,96,54,222,263
302,303,Tennessee-Martin,19,10,9,0.526,-7.83,-3.7,3.0,3.0,6,2,4,6,1557,1512,770,554,1240,0.447,168,466,0.361,281,375,0.749,190,777,256,128,49,232,273
303,304,Texas,17,12,5,0.706,11.91,1.67,1.0,3.0,9,2,1,2,1314,1140,680,482,1000,0.482,129,349,0.37,221,300,0.737,176,615,269,123,86,214,289
304,305,Texas A&M,17,10,7,0.588,13.58,7.58,1.0,3.0,6,2,2,3,1272,1170,685,436,1102,0.396,113,426,0.265,287,408,0.703,319,745,195,132,51,170,285
305,306,Texas A&M-Commerce,16,6,10,0.375,-11.43,2.88,0.0,3.0,5,3,1,7,1182,1189,650,431,984,0.438,150,468,0.321,170,247,0.688,149,521,253,143,91,200,288
306,307,Texas A&M-Corpus Christi,17,10,7,0.588,-7.19,-4.34,3.0,1.0,6,1,4,5,1309,1147,690,478,1096,0.436,97,338,0.287,256,370,0.692,240,704,263,168,49,207,371
307,308,Texas Southern,15,4,11,0.267,-10.25,0.61,2.0,2.0,2,2,1,8,987,1103,600,368,954,0.386,101,343,0.294,150,227,0.661,179,553,172,103,66,174,281
308,309,Texas State,18,7,11,0.389,-6.34,0.72,1.0,5.0,3,3,4,6,1260,1282,720,464,1044,0.444,88,276,0.319,244,363,0.672,216,660,229,116,67,243,335
309,310,Texas Tech,17,14,3,0.824,14.12,3.41,3.0,1.0,10,0,1,2,1296,1114,685,448,976,0.459,146,405,0.36,254,332,0.765,178,606,252,102,57,183,226
310,311,Texas-Rio Grande Valley,18,6,12,0.333,-10.85,-0.92,2.0,5.0,5,3,1,7,1355,1444,730,465,1068,0.435,93,321,0.29,332,482,0.689,200,640,251,165,68,281,356
311,312,The Citadel,18,8,10,0.444,-3.24,-1.98,0.0,5.0,4,4,2,6,1295,1238,720,467,1016,0.46,126,362,0.348,235,324,0.725,186,660,202,93,52,212,244
312,313,Toledo,17,11,6,0.647,2.41,0.53,5.0,0.0,7,2,4,1,1344,1312,680,482,1014,0.475,104,278,0.374,276,358,0.771,176,561,224,126,43,190,262
313,314,Towson,18,10,8,0.556,-1.16,0.08,3.0,2.0,7,0,3,3,1206,1176,735,425,1014,0.419,117,351,0.333,239,382,0.626,272,703,192,114,77,229,299
314,315,Troy,18,11,7,0.611,0.71,-2.02,5.0,1.0,10,1,1,6,1455,1257,735,493,1135,0.434,164,470,0.349,305,419,0.728,261,731,270,181,61,252,352
315,316,Tulane,17,11,6,0.647,6.2,0.45,2.0,3.0,8,2,2,2,1464,1342,695,492,989,0.497,131,371,0.353,349,470,0.743,103,562,248,160,67,191,278
316,317,Tulsa,17,10,7,0.588,1.68,-4.44,1.0,4.0,10,2,0,4,1328,1189,690,440,998,0.441,144,418,0.344,304,415,0.733,172,630,223,147,57,232,292
317,318,UAB,17,11,6,0.647,0.46,1.02,3.0,1.0,7,3,3,2,1316,1289,690,454,1040,0.437,98,326,0.301,310,419,0.74,234,672,217,119,74,195,271
318,319,UC Davis,18,11,7,0.611,1.01,-3.05,6.0,1.0,7,3,3,4,1331,1208,730,447,991,0.451,139,389,0.357,298,416,0.716,188,612,233,142,65,253,361
319,320,UC Irvine,18,13,5,0.722,9.13,1.55,6.0,0.0,7,0,3,5,1384,1195,725,509,1056,0.482,112,299,0.375,254,342,0.743,177,676,302,112,61,218,332
320,321,UC Riverside,19,7,12,0.368,-6.96,0.51,2.0,5.0,6,2,0,10,1296,1370,761,464,1195,0.388,149,503,0.296,219,314,0.697,241,697,253,106,29,183,335
321,322,UC San Diego,18,11,7,0.611,3.81,-0.87,5.0,1.0,7,1,4,5,1388,1223,725,481,1049,0.459,162,451,0.359,264,344,0.767,171,628,236,116,55,183,286
322,323,UC Santa Barbara,17,11,6,0.647,-0.91,-3.84,4.0,3.0,7,2,3,4,1347,1241,685,482,942,0.512,115,293,0.392,268,377,0.711,152,644,258,71,65,235,265
323,324,UCLA,18,8,10,0.444,4.16,4.75,3.0,4.0,5,4,2,3,1168,1150,720,413,989,0.418,81,274,0.296,261,367,0.711,187,627,214,111,66,222,346
324,325,UNC Asheville,20,12,8,0.6,-2.04,-0.52,4.0,1.0,7,1,2,5,1630,1492,810,538,1162,0.463,168,457,0.368,386,524,0.737,212,725,322,123,84,256,368
325,326,UNC Greensboro,18,13,5,0.722,1.05,-1.45,4.0,1.0,8,0,2,5,1383,1233,725,508,1085,0.468,181,460,0.393,186,268,0.694,177,667,283,128,43,195,310
326,327,UNC Wilmington,17,12,5,0.706,0.69,-0.31,3.0,2.0,5,0,6,4,1386,1228,685,473,1024,0.462,144,409,0.352,296,391,0.757,169,586,204,113,43,149,310
327,328,UT Arlington,18,9,9,0.5,-1.11,2.89,4.0,3.0,8,1,0,8,1342,1338,720,447,1035,0.432,163,471,0.346,285,396,0.72,221,678,290,117,68,284,355
328,329,Utah,18,13,5,0.722,19.32,8.38,4.0,3.0,10,0,1,3,1442,1245,720,533,1122,0.475,162,430,0.377,214,322,0.665,190,724,320,124,80,206,280
329,330,Utah State,18,16,2,0.889,13.94,3.69,4.0,1.0,8,0,4,2,1478,1230,725,537,1080,0.497,109,340,0.321,295,410,0.72,200,683,312,136,78,205,309
330,331,Utah Tech,17,7,10,0.412,-7.33,-0.52,3.0,3.0,3,3,4,7,1186,1283,690,417,951,0.438,116,327,0.355,236,363,0.65,159,588,220,117,79,265,352
331,332,Utah Valley,18,8,10,0.444,-3.0,1.82,3.0,4.0,6,1,1,8,1227,1261,725,426,1020,0.418,79,317,0.249,296,416,0.712,178,634,247,132,65,223,325
332,333,UTEP,18,10,8,0.556,-3.53,-1.79,1.0,2.0,9,2,0,5,1342,1240,720,459,989,0.464,98,311,0.315,326,474,0.688,186,584,243,211,58,271,367
333,334,UTSA,18,7,11,0.389,-8.62,-4.03,1.0,4.0,5,4,2,7,1425,1470,735,482,1160,0.416,178,526,0.338,283,395,0.716,232,720,260,95,79,214,341
334,335,Valparaiso,18,5,13,0.278,-7.2,-0.25,1.0,6.0,4,6,1,7,1206,1285,720,437,1079,0.405,123,391,0.315,209,293,0.713,193,625,219,112,66,217,292
335,336,Vanderbilt,17,5,12,0.294,-0.51,3.73,0.0,4.0,5,6,0,3,1155,1227,680,394,984,0.4,117,409,0.286,250,350,0.714,180,608,166,111,50,188,256
336,337,Vermont,19,14,5,0.737,1.69,-2.84,4.0,0.0,8,1,4,3,1398,1221,760,514,1069,0.481,177,476,0.372,193,278,0.694,140,646,261,96,59,171,255
337,338,Villanova,17,11,6,0.647,15.07,7.18,4.0,2.0,6,2,2,3,1262,1128,695,420,997,0.421,162,482,0.336,260,318,0.818,180,635,205,95,36,172,259
338,339,Virginia,17,12,5,0.706,10.33,3.15,3.0,3.0,10,0,0,4,1104,982,680,412,929,0.443,107,302,0.354,173,263,0.658,140,549,264,146,81,139,226
339,340,Virginia Commonwealth,17,10,7,0.588,7.78,2.25,2.0,2.0,7,5,2,0,1244,1150,685,422,931,0.453,139,404,0.344,261,340,0.768,170,621,244,106,87,222,286
340,341,VMI,18,3,15,0.167,-21.1,-3.17,0.0,5.0,3,4,0,9,1270,1451,725,482,1096,0.44,134,394,0.34,172,267,0.644,191,705,208,90,48,305,316
341,342,Virginia Tech,17,10,7,0.588,11.43,5.84,2.0,4.0,8,1,0,4,1243,1148,680,424,929,0.456,140,394,0.355,255,324,0.787,141,585,255,91,47,208,271
342,343,Wagner,15,8,7,0.533,-11.59,-7.82,2.0,1.0,5,1,3,6,967,932,605,345,892,0.387,120,359,0.334,157,228,0.689,174,537,201,105,33,142,231
343,344,Wake Forest,17,12,5,0.706,14.22,3.75,4.0,2.0,10,0,1,3,1370,1192,690,479,1007,0.476,145,380,0.382,267,334,0.799,154,596,211,107,80,198,269
344,345,Washington,18,11,7,0.611,12.42,7.14,3.0,4.0,8,2,2,3,1445,1350,735,513,1113,0.461,137,399,0.343,282,391,0.721,194,679,269,96,79,222,347
345,346,Washington State,18,13,5,0.722,12.97,3.97,4.0,3.0,9,1,2,2,1359,1197,720,503,1054,0.477,113,336,0.336,240,347,0.692,191,684,232,102,99,194,315
346,347,Weber State,18,11,7,0.611,3.51,-1.22,2.0,3.0,7,1,3,4,1366,1148,725,472,1013,0.466,153,422,0.363,269,351,0.766,141,609,241,112,29,176,251
347,348,West Virginia,17,6,11,0.353,3.36,7.77,1.0,3.0,6,5,0,2,1149,1224,685,388,950,0.408,107,353,0.303,266,366,0.727,167,598,208,78,60,205,246
348,349,Western Carolina,18,15,3,0.833,1.68,-3.19,4.0,1.0,7,1,8,2,1368,1188,720,508,1092,0.465,143,406,0.352,209,303,0.69,189,734,209,78,66,190,302
349,350,Western Illinois,18,12,6,0.667,-7.27,-4.12,5.0,0.0,7,1,5,5,1285,1184,730,469,1068,0.439,109,330,0.33,238,391,0.609,272,801,241,94,115,252,272
350,351,Western Kentucky,18,13,5,0.722,-0.77,-2.83,2.0,2.0,8,0,4,3,1419,1318,721,518,1152,0.45,123,378,0.325,260,379,0.686,208,739,236,140,56,251,343
351,352,Western Michigan,17,7,10,0.412,-6.84,-1.34,4.0,1.0,3,4,2,6,1264,1296,690,460,1010,0.455,136,384,0.354,208,335,0.621,209,638,239,90,39,224,294
352,353,Wichita State,17,8,9,0.471,2.33,4.7,0.0,4.0,6,2,1,4,1265,1273,680,478,1069,0.447,114,347,0.329,195,292,0.668,209,697,199,104,79,215,248
353,354,William & Mary,18,7,11,0.389,-11.7,-6.07,2.0,3.0,6,3,1,6,1324,1310,725,445,1020,0.436,168,495,0.339,266,371,0.717,166,630,236,81,24,196,307
354,355,Winthrop,20,13,7,0.65,0.09,-2.2,4.0,1.0,9,2,4,5,1584,1399,825,514,1116,0.461,158,445,0.355,398,561,0.709,228,740,244,137,55,265,342
355,356,Wisconsin,17,13,4,0.765,18.33,9.33,5.0,1.0,9,1,2,3,1286,1133,680,451,956,0.472,113,322,0.351,271,352,0.77,173,583,212,102,28,170,254
356,357,Wofford,18,11,7,0.611,-3.62,-1.49,4.0,1.0,7,0,4,4,1415,1359,735,520,1119,0.465,178,487,0.366,197,314,0.627,191,698,280,67,52,206,292
357,358,Wright State,19,9,10,0.474,-0.38,-1.32,4.0,4.0,5,3,2,6,1610,1528,760,621,1171,0.53,122,325,0.375,246,330,0.745,170,660,304,113,55,213,291
358,359,Wyoming,17,9,8,0.529,-2.61,2.92,2.0,2.0,6,1,0,6,1235,1249,680,413,915,0.451,120,311,0.386,289,384,0.753,171,580,199,94,53,254,262
359,360,Xavier,17,9,8,0.529,15.92,9.86,3.0,3.0,7,4,1,3,1289,1186,680,462,1049,0.44,119,336,0.354,246,337,0.73,211,687,288,116,69,206,296
360,361,Yale,17,11,6,0.647,2.47,0.27,2.0,0.0,4,1,5,4,1296,1155,695,485,1050,0.462,123,356,0.346,203,277,0.733,184,647,250,103,64,172,249
361,362,Youngstown State,19,13,6,0.684,0.2,-2.0,5.0,3.0,10,1,3,5,1533,1341,760,560,1236,0.453,177,527,0.336,236,318,0.742,238,766,312,121,92,209,294
